Watching for file changes with StatReloader
Internal Server Error: /
Traceback (most recent call last):
  File "E:\myblog\.venv\Lib\site-packages\django\template\base.py", line 511, in parse
    compile_func = self.tags[command]
                   ~~~~~~~~~^^^^^^^^^
KeyError: 'static'

During handling of the above exception, another exception occurred:

Traceback (most recent call last):
  File "E:\myblog\.venv\Lib\site-packages\django\core\handlers\exception.py", line 55, in inner
    response = get_response(request)
               ^^^^^^^^^^^^^^^^^^^^^
  File "E:\myblog\.venv\Lib\site-packages\django\core\handlers\base.py", line 197, in _get_response
    response = wrapped_callback(request, *callback_args, **callback_kwargs)
               ^^^^^^^^^^^^^^^^^^^^^^^^^^^^^^^^^^^^^^^^^^^^^^^^^^^^^^^^^^^^
  File "E:\myblog\articles\views.py", line 53, in article_list
    return render(request, 'articles/article_list.html', context)
           ^^^^^^^^^^^^^^^^^^^^^^^^^^^^^^^^^^^^^^^^^^^^^^^^^^^^^^
  File "E:\myblog\.venv\Lib\site-packages\django\shortcuts.py", line 25, in render
    content = loader.render_to_string(template_name, context, request, using=using)
              ^^^^^^^^^^^^^^^^^^^^^^^^^^^^^^^^^^^^^^^^^^^^^^^^^^^^^^^^^^^^^^^^^^^^^
  File "E:\myblog\.venv\Lib\site-packages\django\template\loader.py", line 62, in render_to_string
    return template.render(context, request)
           ^^^^^^^^^^^^^^^^^^^^^^^^^^^^^^^^^
  File "E:\myblog\.venv\Lib\site-packages\django\template\backends\django.py", line 107, in render
    return self.template.render(context)
           ^^^^^^^^^^^^^^^^^^^^^^^^^^^^^
  File "E:\myblog\.venv\Lib\site-packages\django\template\base.py", line 172, in render
    return self._render(context)
           ^^^^^^^^^^^^^^^^^^^^^
  File "E:\myblog\.venv\Lib\site-packages\django\test\utils.py", line 114, in instrumented_test_render
    return self.nodelist.render(context)
           ^^^^^^^^^^^^^^^^^^^^^^^^^^^^^
  File "E:\myblog\.venv\Lib\site-packages\django\template\base.py", line 1018, in render
    return SafeString("".join([node.render_annotated(context) for node in self]))
                              ^^^^^^^^^^^^^^^^^^^^^^^^^^^^^^^^^^^^^^^^^^^^^^^^^
  File "E:\myblog\.venv\Lib\site-packages\django\template\base.py", line 1018, in <listcomp>
    return SafeString("".join([node.render_annotated(context) for node in self]))
                               ^^^^^^^^^^^^^^^^^^^^^^^^^^^^^^
  File "E:\myblog\.venv\Lib\site-packages\django\template\base.py", line 979, in render_annotated
    return self.render(context)
           ^^^^^^^^^^^^^^^^^^^^
  File "E:\myblog\.venv\Lib\site-packages\django\template\loader_tags.py", line 134, in render
    compiled_parent = self.get_parent(context)
                      ^^^^^^^^^^^^^^^^^^^^^^^^
  File "E:\myblog\.venv\Lib\site-packages\django\template\loader_tags.py", line 131, in get_parent
    return self.find_template(parent, context)
           ^^^^^^^^^^^^^^^^^^^^^^^^^^^^^^^^^^^
  File "E:\myblog\.venv\Lib\site-packages\django\template\loader_tags.py", line 109, in find_template
    template, origin = context.template.engine.find_template(
                       ^^^^^^^^^^^^^^^^^^^^^^^^^^^^^^^^^^^^^^
  File "E:\myblog\.venv\Lib\site-packages\django\template\engine.py", line 159, in find_template
    template = loader.get_template(name, skip=skip)
               ^^^^^^^^^^^^^^^^^^^^^^^^^^^^^^^^^^^^
  File "E:\myblog\.venv\Lib\site-packages\django\template\loaders\cached.py", line 57, in get_template
    template = super().get_template(template_name, skip)
               ^^^^^^^^^^^^^^^^^^^^^^^^^^^^^^^^^^^^^^^^^
  File "E:\myblog\.venv\Lib\site-packages\django\template\loaders\base.py", line 28, in get_template
    return Template(
           ^^^^^^^^^
  File "E:\myblog\.venv\Lib\site-packages\django\template\base.py", line 155, in __init__
    self.nodelist = self.compile_nodelist()
                    ^^^^^^^^^^^^^^^^^^^^^^^
  File "E:\myblog\.venv\Lib\site-packages\django\template\base.py", line 197, in compile_nodelist
    nodelist = parser.parse()
               ^^^^^^^^^^^^^^
  File "E:\myblog\.venv\Lib\site-packages\django\template\base.py", line 513, in parse
    self.invalid_block_tag(token, command, parse_until)
  File "E:\myblog\.venv\Lib\site-packages\django\template\base.py", line 578, in invalid_block_tag
    raise self.error(
django.template.exceptions.TemplateSyntaxError: Invalid block tag on line 9: 'static'. Did you forget to register or load this tag?
"GET / HTTP/1.1" 500 211156
"GET /static/debug_toolbar/css/toolbar.css HTTP/1.1" 200 30101
"GET /static/debug_toolbar/js/toolbar.js HTTP/1.1" 200 14879
"GET /static/debug_toolbar/css/print.css HTTP/1.1" 200 43
"GET /static/debug_toolbar/js/utils.js HTTP/1.1" 200 4700
Not Found: /favicon.ico
"GET /favicon.ico HTTP/1.1" 404 18706
Watching for file changes with StatReloader
Internal Server Error: /
Traceback (most recent call last):
  File "E:\myblog\.venv\Lib\site-packages\django\template\base.py", line 511, in parse
    compile_func = self.tags[command]
                   ~~~~~~~~~^^^^^^^^^
KeyError: 'static'

During handling of the above exception, another exception occurred:

Traceback (most recent call last):
  File "E:\myblog\.venv\Lib\site-packages\django\core\handlers\exception.py", line 55, in inner
    response = get_response(request)
               ^^^^^^^^^^^^^^^^^^^^^
  File "E:\myblog\.venv\Lib\site-packages\django\core\handlers\base.py", line 197, in _get_response
    response = wrapped_callback(request, *callback_args, **callback_kwargs)
               ^^^^^^^^^^^^^^^^^^^^^^^^^^^^^^^^^^^^^^^^^^^^^^^^^^^^^^^^^^^^
  File "E:\myblog\articles\views.py", line 53, in article_list
    return render(request, 'articles/article_list.html', context)
           ^^^^^^^^^^^^^^^^^^^^^^^^^^^^^^^^^^^^^^^^^^^^^^^^^^^^^^
  File "E:\myblog\.venv\Lib\site-packages\django\shortcuts.py", line 25, in render
    content = loader.render_to_string(template_name, context, request, using=using)
              ^^^^^^^^^^^^^^^^^^^^^^^^^^^^^^^^^^^^^^^^^^^^^^^^^^^^^^^^^^^^^^^^^^^^^
  File "E:\myblog\.venv\Lib\site-packages\django\template\loader.py", line 62, in render_to_string
    return template.render(context, request)
           ^^^^^^^^^^^^^^^^^^^^^^^^^^^^^^^^^
  File "E:\myblog\.venv\Lib\site-packages\django\template\backends\django.py", line 107, in render
    return self.template.render(context)
           ^^^^^^^^^^^^^^^^^^^^^^^^^^^^^
  File "E:\myblog\.venv\Lib\site-packages\django\template\base.py", line 172, in render
    return self._render(context)
           ^^^^^^^^^^^^^^^^^^^^^
  File "E:\myblog\.venv\Lib\site-packages\django\test\utils.py", line 114, in instrumented_test_render
    return self.nodelist.render(context)
           ^^^^^^^^^^^^^^^^^^^^^^^^^^^^^
  File "E:\myblog\.venv\Lib\site-packages\django\template\base.py", line 1018, in render
    return SafeString("".join([node.render_annotated(context) for node in self]))
                              ^^^^^^^^^^^^^^^^^^^^^^^^^^^^^^^^^^^^^^^^^^^^^^^^^
  File "E:\myblog\.venv\Lib\site-packages\django\template\base.py", line 1018, in <listcomp>
    return SafeString("".join([node.render_annotated(context) for node in self]))
                               ^^^^^^^^^^^^^^^^^^^^^^^^^^^^^^
  File "E:\myblog\.venv\Lib\site-packages\django\template\base.py", line 979, in render_annotated
    return self.render(context)
           ^^^^^^^^^^^^^^^^^^^^
  File "E:\myblog\.venv\Lib\site-packages\django\template\loader_tags.py", line 134, in render
    compiled_parent = self.get_parent(context)
                      ^^^^^^^^^^^^^^^^^^^^^^^^
  File "E:\myblog\.venv\Lib\site-packages\django\template\loader_tags.py", line 131, in get_parent
    return self.find_template(parent, context)
           ^^^^^^^^^^^^^^^^^^^^^^^^^^^^^^^^^^^
  File "E:\myblog\.venv\Lib\site-packages\django\template\loader_tags.py", line 109, in find_template
    template, origin = context.template.engine.find_template(
                       ^^^^^^^^^^^^^^^^^^^^^^^^^^^^^^^^^^^^^^
  File "E:\myblog\.venv\Lib\site-packages\django\template\engine.py", line 159, in find_template
    template = loader.get_template(name, skip=skip)
               ^^^^^^^^^^^^^^^^^^^^^^^^^^^^^^^^^^^^
  File "E:\myblog\.venv\Lib\site-packages\django\template\loaders\cached.py", line 57, in get_template
    template = super().get_template(template_name, skip)
               ^^^^^^^^^^^^^^^^^^^^^^^^^^^^^^^^^^^^^^^^^
  File "E:\myblog\.venv\Lib\site-packages\django\template\loaders\base.py", line 28, in get_template
    return Template(
           ^^^^^^^^^
  File "E:\myblog\.venv\Lib\site-packages\django\template\base.py", line 155, in __init__
    self.nodelist = self.compile_nodelist()
                    ^^^^^^^^^^^^^^^^^^^^^^^
  File "E:\myblog\.venv\Lib\site-packages\django\template\base.py", line 197, in compile_nodelist
    nodelist = parser.parse()
               ^^^^^^^^^^^^^^
  File "E:\myblog\.venv\Lib\site-packages\django\template\base.py", line 513, in parse
    self.invalid_block_tag(token, command, parse_until)
  File "E:\myblog\.venv\Lib\site-packages\django\template\base.py", line 578, in invalid_block_tag
    raise self.error(
django.template.exceptions.TemplateSyntaxError: Invalid block tag on line 9: 'static'. Did you forget to register or load this tag?
"GET / HTTP/1.1" 500 211155
Watching for file changes with StatReloader
"GET / HTTP/1.1" 200 17426
"GET /static/css/style.css HTTP/1.1" 200 1125
"GET /static/js/script.js HTTP/1.1" 200 371
"GET /accounts/signup/ HTTP/1.1" 200 16788
Watching for file changes with StatReloader
"GET / HTTP/1.1" 200 17467
"GET /static/css/style.css HTTP/1.1" 200 1460
"GET /accounts/signup/ HTTP/1.1" 200 21809
Watching for file changes with StatReloader
"GET / HTTP/1.1" 200 17468
"GET /static/css/style.css HTTP/1.1" 304 0
"GET /static/debug_toolbar/css/toolbar.css HTTP/1.1" 304 0
"GET /static/debug_toolbar/js/toolbar.js HTTP/1.1" 304 0
"GET /static/debug_toolbar/css/print.css HTTP/1.1" 304 0
"GET /static/debug_toolbar/js/utils.js HTTP/1.1" 304 0
Not Found: /favicon.ico
"GET /favicon.ico HTTP/1.1" 404 18706
"GET /accounts/signup/ HTTP/1.1" 200 21810
Internal Server Error: /accounts/signup/
Traceback (most recent call last):
  File "E:\myblog\.venv\Lib\site-packages\django_redis\cache.py", line 29, in _decorator
    return method(self, *args, **kwargs)
           ^^^^^^^^^^^^^^^^^^^^^^^^^^^^^
  File "E:\myblog\.venv\Lib\site-packages\django_redis\cache.py", line 99, in _get
    return self.client.get(key, default=default, version=version, client=client)
           ^^^^^^^^^^^^^^^^^^^^^^^^^^^^^^^^^^^^^^^^^^^^^^^^^^^^^^^^^^^^^^^^^^^^^
  File "E:\myblog\.venv\Lib\site-packages\django_redis\client\default.py", line 300, in get
    raise ConnectionInterrupted(connection=client) from e
django_redis.exceptions.ConnectionInterrupted: Redis ConnectionError: Error 10061 connecting to 127.0.0.1:6379. 由于目标计算机积极拒绝，无法连接。.

During handling of the above exception, another exception occurred:

Traceback (most recent call last):
  File "E:\myblog\.venv\Lib\site-packages\django\core\handlers\exception.py", line 55, in inner
    response = get_response(request)
               ^^^^^^^^^^^^^^^^^^^^^
  File "E:\myblog\.venv\Lib\site-packages\django\core\handlers\base.py", line 197, in _get_response
    response = wrapped_callback(request, *callback_args, **callback_kwargs)
               ^^^^^^^^^^^^^^^^^^^^^^^^^^^^^^^^^^^^^^^^^^^^^^^^^^^^^^^^^^^^
  File "E:\myblog\.venv\Lib\site-packages\django\views\generic\base.py", line 105, in view
    return self.dispatch(request, *args, **kwargs)
           ^^^^^^^^^^^^^^^^^^^^^^^^^^^^^^^^^^^^^^^
  File "E:\myblog\.venv\Lib\site-packages\django\utils\decorators.py", line 48, in _wrapper
    return bound_method(*args, **kwargs)
           ^^^^^^^^^^^^^^^^^^^^^^^^^^^^^
  File "E:\myblog\.venv\Lib\site-packages\allauth\decorators.py", line 10, in wrap
    resp = ratelimit.consume_or_429(request, action=action, **rl_kwargs)
           ^^^^^^^^^^^^^^^^^^^^^^^^^^^^^^^^^^^^^^^^^^^^^^^^^^^^^^^^^^^^^
  File "E:\myblog\.venv\Lib\site-packages\allauth\core\ratelimit.py", line 70, in consume_or_429
    if not consume(request, *args, **kwargs):
           ^^^^^^^^^^^^^^^^^^^^^^^^^^^^^^^^^
  File "E:\myblog\.venv\Lib\site-packages\allauth\core\ratelimit.py", line 41, in consume
    usage = _impl.consume(
            ^^^^^^^^^^^^^^
  File "E:\myblog\.venv\Lib\site-packages\allauth\core\internal\ratelimit.py", line 169, in consume
    single_usage = _consume_single_rate(
                   ^^^^^^^^^^^^^^^^^^^^^
  File "E:\myblog\.venv\Lib\site-packages\allauth\core\internal\ratelimit.py", line 131, in _consume_single_rate
    history = cache.get(cache_key, [])
              ^^^^^^^^^^^^^^^^^^^^^^^^
  File "E:\myblog\.venv\Lib\site-packages\debug_toolbar\panels\cache.py", line 42, in wrapper
    return panel._record_call(cache, name, original_method, args, kwargs)
           ^^^^^^^^^^^^^^^^^^^^^^^^^^^^^^^^^^^^^^^^^^^^^^^^^^^^^^^^^^^^^^
  File "E:\myblog\.venv\Lib\site-packages\debug_toolbar\panels\cache.py", line 151, in _record_call
    value = original_method(*args, **kwargs)
            ^^^^^^^^^^^^^^^^^^^^^^^^^^^^^^^^
  File "E:\myblog\.venv\Lib\site-packages\django_redis\cache.py", line 92, in get
    value = self._get(key, default, version, client)
            ^^^^^^^^^^^^^^^^^^^^^^^^^^^^^^^^^^^^^^^^
  File "E:\myblog\.venv\Lib\site-packages\django_redis\cache.py", line 36, in _decorator
    raise e.__cause__  # noqa: B904
    ^^^^^^^^^^^^^^^^^
  File "E:\myblog\.venv\Lib\site-packages\django_redis\client\default.py", line 298, in get
    value = client.get(key)
            ^^^^^^^^^^^^^^^
  File "E:\myblog\.venv\Lib\site-packages\redis\commands\core.py", line 1923, in get
    return self.execute_command("GET", name, keys=[name])
           ^^^^^^^^^^^^^^^^^^^^^^^^^^^^^^^^^^^^^^^^^^^^^^
  File "E:\myblog\.venv\Lib\site-packages\redis\client.py", line 657, in execute_command
    return self._execute_command(*args, **options)
           ^^^^^^^^^^^^^^^^^^^^^^^^^^^^^^^^^^^^^^^
  File "E:\myblog\.venv\Lib\site-packages\redis\client.py", line 663, in _execute_command
    conn = self.connection or pool.get_connection()
                              ^^^^^^^^^^^^^^^^^^^^^
  File "E:\myblog\.venv\Lib\site-packages\redis\utils.py", line 196, in wrapper
    return func(*args, **kwargs)
           ^^^^^^^^^^^^^^^^^^^^^
  File "E:\myblog\.venv\Lib\site-packages\redis\connection.py", line 2603, in get_connection
    connection.connect()
  File "E:\myblog\.venv\Lib\site-packages\redis\connection.py", line 846, in connect
    self.connect_check_health(check_health=True)
  File "E:\myblog\.venv\Lib\site-packages\redis\connection.py", line 863, in connect_check_health
    raise ConnectionError(self._error_message(e))
redis.exceptions.ConnectionError: Error 10061 connecting to 127.0.0.1:6379. 由于目标计算机积极拒绝，无法连接。.
"POST /accounts/signup/ HTTP/1.1" 500 186507
Watching for file changes with StatReloader
"GET / HTTP/1.1" 200 17466
"GET /accounts/signup/ HTTP/1.1" 200 21808
"POST /accounts/signup/ HTTP/1.1" 302 0
"GET /accounts/confirm-email/ HTTP/1.1" 200 15378
"GET /accounts/password/reset/ HTTP/1.1" 200 18560
Internal Server Error: /accounts/login/
Traceback (most recent call last):
  File "E:\myblog\.venv\Lib\site-packages\django\template\base.py", line 511, in parse
    compile_func = self.tags[command]
                   ~~~~~~~~~^^^^^^^^^
KeyError: 'provider_login_url'

During handling of the above exception, another exception occurred:

Traceback (most recent call last):
  File "E:\myblog\.venv\Lib\site-packages\django\core\handlers\exception.py", line 55, in inner
    response = get_response(request)
               ^^^^^^^^^^^^^^^^^^^^^
  File "E:\myblog\.venv\Lib\site-packages\django\core\handlers\base.py", line 220, in _get_response
    response = response.render()
               ^^^^^^^^^^^^^^^^^
  File "E:\myblog\.venv\Lib\site-packages\django\template\response.py", line 114, in render
    self.content = self.rendered_content
                   ^^^^^^^^^^^^^^^^^^^^^
  File "E:\myblog\.venv\Lib\site-packages\django\template\response.py", line 90, in rendered_content
    template = self.resolve_template(self.template_name)
               ^^^^^^^^^^^^^^^^^^^^^^^^^^^^^^^^^^^^^^^^^
  File "E:\myblog\.venv\Lib\site-packages\django\template\response.py", line 72, in resolve_template
    return select_template(template, using=self.using)
           ^^^^^^^^^^^^^^^^^^^^^^^^^^^^^^^^^^^^^^^^^^^
  File "E:\myblog\.venv\Lib\site-packages\django\template\loader.py", line 42, in select_template
    return engine.get_template(template_name)
           ^^^^^^^^^^^^^^^^^^^^^^^^^^^^^^^^^^
  File "E:\myblog\.venv\Lib\site-packages\django\template\backends\django.py", line 79, in get_template
    return Template(self.engine.get_template(template_name), self)
                    ^^^^^^^^^^^^^^^^^^^^^^^^^^^^^^^^^^^^^^^
  File "E:\myblog\.venv\Lib\site-packages\django\template\engine.py", line 177, in get_template
    template, origin = self.find_template(template_name)
                       ^^^^^^^^^^^^^^^^^^^^^^^^^^^^^^^^^
  File "E:\myblog\.venv\Lib\site-packages\django\template\engine.py", line 159, in find_template
    template = loader.get_template(name, skip=skip)
               ^^^^^^^^^^^^^^^^^^^^^^^^^^^^^^^^^^^^
  File "E:\myblog\.venv\Lib\site-packages\django\template\loaders\cached.py", line 57, in get_template
    template = super().get_template(template_name, skip)
               ^^^^^^^^^^^^^^^^^^^^^^^^^^^^^^^^^^^^^^^^^
  File "E:\myblog\.venv\Lib\site-packages\django\template\loaders\base.py", line 28, in get_template
    return Template(
           ^^^^^^^^^
  File "E:\myblog\.venv\Lib\site-packages\django\template\base.py", line 155, in __init__
    self.nodelist = self.compile_nodelist()
                    ^^^^^^^^^^^^^^^^^^^^^^^
  File "E:\myblog\.venv\Lib\site-packages\django\template\base.py", line 197, in compile_nodelist
    nodelist = parser.parse()
               ^^^^^^^^^^^^^^
  File "E:\myblog\.venv\Lib\site-packages\django\template\base.py", line 519, in parse
    raise self.error(token, e)
  File "E:\myblog\.venv\Lib\site-packages\django\template\base.py", line 517, in parse
    compiled_result = compile_func(self, token)
                      ^^^^^^^^^^^^^^^^^^^^^^^^^
  File "E:\myblog\.venv\Lib\site-packages\django\template\loader_tags.py", line 299, in do_extends
    nodelist = parser.parse()
               ^^^^^^^^^^^^^^
  File "E:\myblog\.venv\Lib\site-packages\django\template\base.py", line 519, in parse
    raise self.error(token, e)
  File "E:\myblog\.venv\Lib\site-packages\django\template\base.py", line 517, in parse
    compiled_result = compile_func(self, token)
                      ^^^^^^^^^^^^^^^^^^^^^^^^^
  File "E:\myblog\.venv\Lib\site-packages\django\template\loader_tags.py", line 234, in do_block
    nodelist = parser.parse(("endblock",))
               ^^^^^^^^^^^^^^^^^^^^^^^^^^^
  File "E:\myblog\.venv\Lib\site-packages\django\template\base.py", line 519, in parse
    raise self.error(token, e)
  File "E:\myblog\.venv\Lib\site-packages\django\template\base.py", line 517, in parse
    compiled_result = compile_func(self, token)
                      ^^^^^^^^^^^^^^^^^^^^^^^^^
  File "E:\myblog\.venv\Lib\site-packages\django\template\defaulttags.py", line 962, in do_if
    nodelist = parser.parse(("elif", "else", "endif"))
               ^^^^^^^^^^^^^^^^^^^^^^^^^^^^^^^^^^^^^^^
  File "E:\myblog\.venv\Lib\site-packages\django\template\base.py", line 519, in parse
    raise self.error(token, e)
  File "E:\myblog\.venv\Lib\site-packages\django\template\base.py", line 517, in parse
    compiled_result = compile_func(self, token)
                      ^^^^^^^^^^^^^^^^^^^^^^^^^
  File "E:\myblog\.venv\Lib\site-packages\django\template\defaulttags.py", line 862, in do_for
    nodelist_loop = parser.parse(
                    ^^^^^^^^^^^^^
  File "E:\myblog\.venv\Lib\site-packages\django\template\base.py", line 519, in parse
    raise self.error(token, e)
  File "E:\myblog\.venv\Lib\site-packages\django\template\base.py", line 517, in parse
    compiled_result = compile_func(self, token)
                      ^^^^^^^^^^^^^^^^^^^^^^^^^
  File "E:\myblog\.venv\Lib\site-packages\django\template\defaulttags.py", line 962, in do_if
    nodelist = parser.parse(("elif", "else", "endif"))
               ^^^^^^^^^^^^^^^^^^^^^^^^^^^^^^^^^^^^^^^
  File "E:\myblog\.venv\Lib\site-packages\django\template\base.py", line 513, in parse
    self.invalid_block_tag(token, command, parse_until)
  File "E:\myblog\.venv\Lib\site-packages\django\template\base.py", line 568, in invalid_block_tag
    raise self.error(
django.template.exceptions.TemplateSyntaxError: Invalid block tag on line 151: 'provider_login_url', expected 'elif'，'else' or 'endif'. Did you forget to register or load this tag?
"GET /accounts/login/ HTTP/1.1" 500 256131
Watching for file changes with StatReloader
"GET / HTTP/1.1" 200 17467
"GET /static/css/style.css HTTP/1.1" 304 0
Internal Server Error: /accounts/login/
Traceback (most recent call last):
  File "E:\myblog\.venv\Lib\site-packages\django\core\handlers\exception.py", line 55, in inner
    response = get_response(request)
               ^^^^^^^^^^^^^^^^^^^^^
  File "E:\myblog\.venv\Lib\site-packages\django\core\handlers\base.py", line 220, in _get_response
    response = response.render()
               ^^^^^^^^^^^^^^^^^
  File "E:\myblog\.venv\Lib\site-packages\django\template\response.py", line 114, in render
    self.content = self.rendered_content
                   ^^^^^^^^^^^^^^^^^^^^^
  File "E:\myblog\.venv\Lib\site-packages\django\template\response.py", line 90, in rendered_content
    template = self.resolve_template(self.template_name)
               ^^^^^^^^^^^^^^^^^^^^^^^^^^^^^^^^^^^^^^^^^
  File "E:\myblog\.venv\Lib\site-packages\django\template\response.py", line 72, in resolve_template
    return select_template(template, using=self.using)
           ^^^^^^^^^^^^^^^^^^^^^^^^^^^^^^^^^^^^^^^^^^^
  File "E:\myblog\.venv\Lib\site-packages\django\template\loader.py", line 42, in select_template
    return engine.get_template(template_name)
           ^^^^^^^^^^^^^^^^^^^^^^^^^^^^^^^^^^
  File "E:\myblog\.venv\Lib\site-packages\django\template\backends\django.py", line 79, in get_template
    return Template(self.engine.get_template(template_name), self)
                    ^^^^^^^^^^^^^^^^^^^^^^^^^^^^^^^^^^^^^^^
  File "E:\myblog\.venv\Lib\site-packages\django\template\engine.py", line 177, in get_template
    template, origin = self.find_template(template_name)
                       ^^^^^^^^^^^^^^^^^^^^^^^^^^^^^^^^^
  File "E:\myblog\.venv\Lib\site-packages\django\template\engine.py", line 159, in find_template
    template = loader.get_template(name, skip=skip)
               ^^^^^^^^^^^^^^^^^^^^^^^^^^^^^^^^^^^^
  File "E:\myblog\.venv\Lib\site-packages\django\template\loaders\cached.py", line 57, in get_template
    template = super().get_template(template_name, skip)
               ^^^^^^^^^^^^^^^^^^^^^^^^^^^^^^^^^^^^^^^^^
  File "E:\myblog\.venv\Lib\site-packages\django\template\loaders\base.py", line 28, in get_template
    return Template(
           ^^^^^^^^^
  File "E:\myblog\.venv\Lib\site-packages\django\template\base.py", line 155, in __init__
    self.nodelist = self.compile_nodelist()
                    ^^^^^^^^^^^^^^^^^^^^^^^
  File "E:\myblog\.venv\Lib\site-packages\django\template\base.py", line 197, in compile_nodelist
    nodelist = parser.parse()
               ^^^^^^^^^^^^^^
  File "E:\myblog\.venv\Lib\site-packages\django\template\base.py", line 520, in parse
    self.extend_nodelist(nodelist, compiled_result, token)
  File "E:\myblog\.venv\Lib\site-packages\django\template\base.py", line 541, in extend_nodelist
    raise self.error(
django.template.exceptions.TemplateSyntaxError: {% extends "base.html" %} must be the first tag in 'account/login.html'.
"GET /accounts/login/ HTTP/1.1" 500 161729
Watching for file changes with StatReloader
"GET / HTTP/1.1" 200 17468
"GET /accounts/login/ HTTP/1.1" 200 19993
Internal Server Error: /accounts/login/
Traceback (most recent call last):
  File "E:\myblog\.venv\Lib\site-packages\django\db\backends\utils.py", line 105, in _execute
    return self.cursor.execute(sql, params)
           ^^^^^^^^^^^^^^^^^^^^^^^^^^^^^^^^
  File "E:\myblog\.venv\Lib\site-packages\django\db\backends\mysql\base.py", line 76, in execute
    return self.cursor.execute(query, args)
           ^^^^^^^^^^^^^^^^^^^^^^^^^^^^^^^^
  File "E:\myblog\.venv\Lib\site-packages\MySQLdb\cursors.py", line 179, in execute
    res = self._query(mogrified_query)
          ^^^^^^^^^^^^^^^^^^^^^^^^^^^^
  File "E:\myblog\.venv\Lib\site-packages\MySQLdb\cursors.py", line 330, in _query
    db.query(q)
  File "E:\myblog\.venv\Lib\site-packages\MySQLdb\connections.py", line 280, in query
    _mysql.connection.query(self, query)
MySQLdb.ProgrammingError: (1146, "Table 'myblog.allauth_emailaddress' doesn't exist")

The above exception was the direct cause of the following exception:

Traceback (most recent call last):
  File "E:\myblog\.venv\Lib\site-packages\django\core\handlers\exception.py", line 55, in inner
    response = get_response(request)
               ^^^^^^^^^^^^^^^^^^^^^
  File "E:\myblog\.venv\Lib\site-packages\django\core\handlers\base.py", line 197, in _get_response
    response = wrapped_callback(request, *callback_args, **callback_kwargs)
               ^^^^^^^^^^^^^^^^^^^^^^^^^^^^^^^^^^^^^^^^^^^^^^^^^^^^^^^^^^^^
  File "E:\myblog\.venv\Lib\site-packages\django\views\generic\base.py", line 105, in view
    return self.dispatch(request, *args, **kwargs)
           ^^^^^^^^^^^^^^^^^^^^^^^^^^^^^^^^^^^^^^^
  File "E:\myblog\.venv\Lib\site-packages\django\utils\decorators.py", line 48, in _wrapper
    return bound_method(*args, **kwargs)
           ^^^^^^^^^^^^^^^^^^^^^^^^^^^^^
  File "E:\myblog\.venv\Lib\site-packages\allauth\decorators.py", line 12, in wrap
    resp = function(request, *args, **kwargs)
           ^^^^^^^^^^^^^^^^^^^^^^^^^^^^^^^^^^
  File "E:\myblog\.venv\Lib\site-packages\django\utils\decorators.py", line 48, in _wrapper
    return bound_method(*args, **kwargs)
           ^^^^^^^^^^^^^^^^^^^^^^^^^^^^^
  File "E:\myblog\.venv\Lib\site-packages\django\utils\decorators.py", line 48, in _wrapper
    return bound_method(*args, **kwargs)
           ^^^^^^^^^^^^^^^^^^^^^^^^^^^^^
  File "E:\myblog\.venv\Lib\site-packages\django\views\decorators\debug.py", line 143, in sensitive_post_parameters_wrapper
    return view(request, *args, **kwargs)
           ^^^^^^^^^^^^^^^^^^^^^^^^^^^^^^
  File "E:\myblog\.venv\Lib\site-packages\django\utils\decorators.py", line 48, in _wrapper
    return bound_method(*args, **kwargs)
           ^^^^^^^^^^^^^^^^^^^^^^^^^^^^^
  File "E:\myblog\.venv\Lib\site-packages\django\views\decorators\cache.py", line 80, in _view_wrapper
    response = view_func(request, *args, **kwargs)
               ^^^^^^^^^^^^^^^^^^^^^^^^^^^^^^^^^^^
  File "E:\myblog\.venv\Lib\site-packages\allauth\account\views.py", line 97, in dispatch
    return super().dispatch(request, *args, **kwargs)
           ^^^^^^^^^^^^^^^^^^^^^^^^^^^^^^^^^^^^^^^^^^
  File "E:\myblog\.venv\Lib\site-packages\django\utils\decorators.py", line 48, in _wrapper
    return bound_method(*args, **kwargs)
           ^^^^^^^^^^^^^^^^^^^^^^^^^^^^^
  File "E:\myblog\.venv\Lib\site-packages\django\utils\decorators.py", line 48, in _wrapper
    return bound_method(*args, **kwargs)
           ^^^^^^^^^^^^^^^^^^^^^^^^^^^^^
  File "E:\myblog\.venv\Lib\site-packages\django\views\decorators\cache.py", line 80, in _view_wrapper
    response = view_func(request, *args, **kwargs)
               ^^^^^^^^^^^^^^^^^^^^^^^^^^^^^^^^^^^
  File "E:\myblog\.venv\Lib\site-packages\allauth\account\mixins.py", line 53, in dispatch
    response = super().dispatch(request, *args, **kwargs)
               ^^^^^^^^^^^^^^^^^^^^^^^^^^^^^^^^^^^^^^^^^^
  File "E:\myblog\.venv\Lib\site-packages\django\views\generic\base.py", line 144, in dispatch
    return handler(request, *args, **kwargs)
           ^^^^^^^^^^^^^^^^^^^^^^^^^^^^^^^^^
  File "E:\myblog\.venv\Lib\site-packages\allauth\account\mixins.py", line 81, in post
    if form.is_valid():
       ^^^^^^^^^^^^^^^
  File "E:\myblog\.venv\Lib\site-packages\django\forms\forms.py", line 206, in is_valid
    return self.is_bound and not self.errors
                                 ^^^^^^^^^^^
  File "E:\myblog\.venv\Lib\site-packages\django\forms\forms.py", line 201, in errors
    self.full_clean()
  File "E:\myblog\.venv\Lib\site-packages\django\forms\forms.py", line 338, in full_clean
    self._clean_form()
  File "E:\myblog\.venv\Lib\site-packages\django\forms\forms.py", line 354, in _clean_form
    cleaned_data = self.clean()
                   ^^^^^^^^^^^^
  File "E:\myblog\.venv\Lib\site-packages\allauth\account\forms.py", line 183, in clean
    return self._clean_with_password(credentials)
           ^^^^^^^^^^^^^^^^^^^^^^^^^^^^^^^^^^^^^^
  File "E:\myblog\.venv\Lib\site-packages\allauth\account\forms.py", line 213, in _clean_with_password
    user = adapter.authenticate(self.request, **credentials)
           ^^^^^^^^^^^^^^^^^^^^^^^^^^^^^^^^^^^^^^^^^^^^^^^^^
  File "E:\myblog\.venv\Lib\site-packages\allauth\account\adapter.py", line 737, in authenticate
    user = authenticate(request, **credentials)
           ^^^^^^^^^^^^^^^^^^^^^^^^^^^^^^^^^^^^
  File "E:\myblog\.venv\Lib\site-packages\django\views\decorators\debug.py", line 75, in sensitive_variables_wrapper
    return func(*func_args, **func_kwargs)
           ^^^^^^^^^^^^^^^^^^^^^^^^^^^^^^^
  File "E:\myblog\.venv\Lib\site-packages\django\contrib\auth\__init__.py", line 114, in authenticate
    user = backend.authenticate(request, **credentials)
           ^^^^^^^^^^^^^^^^^^^^^^^^^^^^^^^^^^^^^^^^^^^^
  File "E:\myblog\.venv\Lib\site-packages\allauth\account\auth_backends.py", line 22, in authenticate
    user = self._authenticate(request, **credentials)
           ^^^^^^^^^^^^^^^^^^^^^^^^^^^^^^^^^^^^^^^^^^
  File "E:\myblog\.venv\Lib\site-packages\allauth\account\auth_backends.py", line 37, in _authenticate
    user = self._authenticate_by_email(username, password)
           ^^^^^^^^^^^^^^^^^^^^^^^^^^^^^^^^^^^^^^^^^^^^^^^
  File "E:\myblog\.venv\Lib\site-packages\allauth\account\auth_backends.py", line 81, in _authenticate_by_email
    users = filter_users_by_email(email, prefer_verified=True)
            ^^^^^^^^^^^^^^^^^^^^^^^^^^^^^^^^^^^^^^^^^^^^^^^^^^
  File "E:\myblog\.venv\Lib\site-packages\allauth\account\utils.py", line 261, in filter_users_by_email
    mails = list(EmailAddress.objects.filter(email=email).select_related("user"))
            ^^^^^^^^^^^^^^^^^^^^^^^^^^^^^^^^^^^^^^^^^^^^^^^^^^^^^^^^^^^^^^^^^^^^^
  File "E:\myblog\.venv\Lib\site-packages\django\db\models\query.py", line 386, in __iter__
    self._fetch_all()
  File "E:\myblog\.venv\Lib\site-packages\django\db\models\query.py", line 1954, in _fetch_all
    self._result_cache = list(self._iterable_class(self))
                         ^^^^^^^^^^^^^^^^^^^^^^^^^^^^^^^^
  File "E:\myblog\.venv\Lib\site-packages\django\db\models\query.py", line 93, in __iter__
    results = compiler.execute_sql(
              ^^^^^^^^^^^^^^^^^^^^^
  File "E:\myblog\.venv\Lib\site-packages\django\db\models\sql\compiler.py", line 1623, in execute_sql
    cursor.execute(sql, params)
  File "E:\myblog\.venv\Lib\site-packages\debug_toolbar\panels\sql\tracking.py", line 231, in execute
    return self._record(super().execute, sql, params)
           ^^^^^^^^^^^^^^^^^^^^^^^^^^^^^^^^^^^^^^^^^^
  File "E:\myblog\.venv\Lib\site-packages\debug_toolbar\panels\sql\tracking.py", line 157, in _record
    return method(sql, params)
           ^^^^^^^^^^^^^^^^^^^
  File "E:\myblog\.venv\Lib\site-packages\django\db\backends\utils.py", line 122, in execute
    return super().execute(sql, params)
           ^^^^^^^^^^^^^^^^^^^^^^^^^^^^
  File "E:\myblog\.venv\Lib\site-packages\django\db\backends\utils.py", line 79, in execute
    return self._execute_with_wrappers(
           ^^^^^^^^^^^^^^^^^^^^^^^^^^^^
  File "E:\myblog\.venv\Lib\site-packages\django\db\backends\utils.py", line 92, in _execute_with_wrappers
    return executor(sql, params, many, context)
           ^^^^^^^^^^^^^^^^^^^^^^^^^^^^^^^^^^^^
  File "E:\myblog\.venv\Lib\site-packages\django\db\backends\utils.py", line 100, in _execute
    with self.db.wrap_database_errors:
  File "E:\myblog\.venv\Lib\site-packages\django\db\utils.py", line 91, in __exit__
    raise dj_exc_value.with_traceback(traceback) from exc_value
  File "E:\myblog\.venv\Lib\site-packages\django\db\backends\utils.py", line 105, in _execute
    return self.cursor.execute(sql, params)
           ^^^^^^^^^^^^^^^^^^^^^^^^^^^^^^^^
  File "E:\myblog\.venv\Lib\site-packages\django\db\backends\mysql\base.py", line 76, in execute
    return self.cursor.execute(query, args)
           ^^^^^^^^^^^^^^^^^^^^^^^^^^^^^^^^
  File "E:\myblog\.venv\Lib\site-packages\MySQLdb\cursors.py", line 179, in execute
    res = self._query(mogrified_query)
          ^^^^^^^^^^^^^^^^^^^^^^^^^^^^
  File "E:\myblog\.venv\Lib\site-packages\MySQLdb\cursors.py", line 330, in _query
    db.query(q)
  File "E:\myblog\.venv\Lib\site-packages\MySQLdb\connections.py", line 280, in query
    _mysql.connection.query(self, query)
django.db.utils.ProgrammingError: (1146, "Table 'myblog.allauth_emailaddress' doesn't exist")
- Broken pipe from ('127.0.0.1', 55769)
Internal Server Error: /accounts/login/
Traceback (most recent call last):
  File "E:\myblog\.venv\Lib\site-packages\django\db\backends\utils.py", line 105, in _execute
    return self.cursor.execute(sql, params)
           ^^^^^^^^^^^^^^^^^^^^^^^^^^^^^^^^
  File "E:\myblog\.venv\Lib\site-packages\django\db\backends\mysql\base.py", line 76, in execute
    return self.cursor.execute(query, args)
           ^^^^^^^^^^^^^^^^^^^^^^^^^^^^^^^^
  File "E:\myblog\.venv\Lib\site-packages\MySQLdb\cursors.py", line 179, in execute
    res = self._query(mogrified_query)
          ^^^^^^^^^^^^^^^^^^^^^^^^^^^^
  File "E:\myblog\.venv\Lib\site-packages\MySQLdb\cursors.py", line 330, in _query
    db.query(q)
  File "E:\myblog\.venv\Lib\site-packages\MySQLdb\connections.py", line 280, in query
    _mysql.connection.query(self, query)
MySQLdb.ProgrammingError: (1146, "Table 'myblog.allauth_emailaddress' doesn't exist")

The above exception was the direct cause of the following exception:

Traceback (most recent call last):
  File "E:\myblog\.venv\Lib\site-packages\django\core\handlers\exception.py", line 55, in inner
    response = get_response(request)
               ^^^^^^^^^^^^^^^^^^^^^
  File "E:\myblog\.venv\Lib\site-packages\django\core\handlers\base.py", line 197, in _get_response
    response = wrapped_callback(request, *callback_args, **callback_kwargs)
               ^^^^^^^^^^^^^^^^^^^^^^^^^^^^^^^^^^^^^^^^^^^^^^^^^^^^^^^^^^^^
  File "E:\myblog\.venv\Lib\site-packages\django\views\generic\base.py", line 105, in view
    return self.dispatch(request, *args, **kwargs)
           ^^^^^^^^^^^^^^^^^^^^^^^^^^^^^^^^^^^^^^^
  File "E:\myblog\.venv\Lib\site-packages\django\utils\decorators.py", line 48, in _wrapper
    return bound_method(*args, **kwargs)
           ^^^^^^^^^^^^^^^^^^^^^^^^^^^^^
  File "E:\myblog\.venv\Lib\site-packages\allauth\decorators.py", line 12, in wrap
    resp = function(request, *args, **kwargs)
           ^^^^^^^^^^^^^^^^^^^^^^^^^^^^^^^^^^
  File "E:\myblog\.venv\Lib\site-packages\django\utils\decorators.py", line 48, in _wrapper
    return bound_method(*args, **kwargs)
           ^^^^^^^^^^^^^^^^^^^^^^^^^^^^^
  File "E:\myblog\.venv\Lib\site-packages\django\utils\decorators.py", line 48, in _wrapper
    return bound_method(*args, **kwargs)
           ^^^^^^^^^^^^^^^^^^^^^^^^^^^^^
  File "E:\myblog\.venv\Lib\site-packages\django\views\decorators\debug.py", line 143, in sensitive_post_parameters_wrapper
    return view(request, *args, **kwargs)
           ^^^^^^^^^^^^^^^^^^^^^^^^^^^^^^
  File "E:\myblog\.venv\Lib\site-packages\django\utils\decorators.py", line 48, in _wrapper
    return bound_method(*args, **kwargs)
           ^^^^^^^^^^^^^^^^^^^^^^^^^^^^^
  File "E:\myblog\.venv\Lib\site-packages\django\views\decorators\cache.py", line 80, in _view_wrapper
    response = view_func(request, *args, **kwargs)
               ^^^^^^^^^^^^^^^^^^^^^^^^^^^^^^^^^^^
  File "E:\myblog\.venv\Lib\site-packages\allauth\account\views.py", line 97, in dispatch
    return super().dispatch(request, *args, **kwargs)
           ^^^^^^^^^^^^^^^^^^^^^^^^^^^^^^^^^^^^^^^^^^
  File "E:\myblog\.venv\Lib\site-packages\django\utils\decorators.py", line 48, in _wrapper
    return bound_method(*args, **kwargs)
           ^^^^^^^^^^^^^^^^^^^^^^^^^^^^^
  File "E:\myblog\.venv\Lib\site-packages\django\utils\decorators.py", line 48, in _wrapper
    return bound_method(*args, **kwargs)
           ^^^^^^^^^^^^^^^^^^^^^^^^^^^^^
  File "E:\myblog\.venv\Lib\site-packages\django\views\decorators\cache.py", line 80, in _view_wrapper
    response = view_func(request, *args, **kwargs)
               ^^^^^^^^^^^^^^^^^^^^^^^^^^^^^^^^^^^
  File "E:\myblog\.venv\Lib\site-packages\allauth\account\mixins.py", line 53, in dispatch
    response = super().dispatch(request, *args, **kwargs)
               ^^^^^^^^^^^^^^^^^^^^^^^^^^^^^^^^^^^^^^^^^^
  File "E:\myblog\.venv\Lib\site-packages\django\views\generic\base.py", line 144, in dispatch
    return handler(request, *args, **kwargs)
           ^^^^^^^^^^^^^^^^^^^^^^^^^^^^^^^^^
  File "E:\myblog\.venv\Lib\site-packages\allauth\account\mixins.py", line 81, in post
    if form.is_valid():
       ^^^^^^^^^^^^^^^
  File "E:\myblog\.venv\Lib\site-packages\django\forms\forms.py", line 206, in is_valid
    return self.is_bound and not self.errors
                                 ^^^^^^^^^^^
  File "E:\myblog\.venv\Lib\site-packages\django\forms\forms.py", line 201, in errors
    self.full_clean()
  File "E:\myblog\.venv\Lib\site-packages\django\forms\forms.py", line 338, in full_clean
    self._clean_form()
  File "E:\myblog\.venv\Lib\site-packages\django\forms\forms.py", line 354, in _clean_form
    cleaned_data = self.clean()
                   ^^^^^^^^^^^^
  File "E:\myblog\.venv\Lib\site-packages\allauth\account\forms.py", line 183, in clean
    return self._clean_with_password(credentials)
           ^^^^^^^^^^^^^^^^^^^^^^^^^^^^^^^^^^^^^^
  File "E:\myblog\.venv\Lib\site-packages\allauth\account\forms.py", line 213, in _clean_with_password
    user = adapter.authenticate(self.request, **credentials)
           ^^^^^^^^^^^^^^^^^^^^^^^^^^^^^^^^^^^^^^^^^^^^^^^^^
  File "E:\myblog\.venv\Lib\site-packages\allauth\account\adapter.py", line 737, in authenticate
    user = authenticate(request, **credentials)
           ^^^^^^^^^^^^^^^^^^^^^^^^^^^^^^^^^^^^
  File "E:\myblog\.venv\Lib\site-packages\django\views\decorators\debug.py", line 75, in sensitive_variables_wrapper
    return func(*func_args, **func_kwargs)
           ^^^^^^^^^^^^^^^^^^^^^^^^^^^^^^^
  File "E:\myblog\.venv\Lib\site-packages\django\contrib\auth\__init__.py", line 114, in authenticate
    user = backend.authenticate(request, **credentials)
           ^^^^^^^^^^^^^^^^^^^^^^^^^^^^^^^^^^^^^^^^^^^^
  File "E:\myblog\.venv\Lib\site-packages\allauth\account\auth_backends.py", line 22, in authenticate
    user = self._authenticate(request, **credentials)
           ^^^^^^^^^^^^^^^^^^^^^^^^^^^^^^^^^^^^^^^^^^
  File "E:\myblog\.venv\Lib\site-packages\allauth\account\auth_backends.py", line 37, in _authenticate
    user = self._authenticate_by_email(username, password)
           ^^^^^^^^^^^^^^^^^^^^^^^^^^^^^^^^^^^^^^^^^^^^^^^
  File "E:\myblog\.venv\Lib\site-packages\allauth\account\auth_backends.py", line 81, in _authenticate_by_email
    users = filter_users_by_email(email, prefer_verified=True)
            ^^^^^^^^^^^^^^^^^^^^^^^^^^^^^^^^^^^^^^^^^^^^^^^^^^
  File "E:\myblog\.venv\Lib\site-packages\allauth\account\utils.py", line 261, in filter_users_by_email
    mails = list(EmailAddress.objects.filter(email=email).select_related("user"))
            ^^^^^^^^^^^^^^^^^^^^^^^^^^^^^^^^^^^^^^^^^^^^^^^^^^^^^^^^^^^^^^^^^^^^^
  File "E:\myblog\.venv\Lib\site-packages\django\db\models\query.py", line 386, in __iter__
    self._fetch_all()
  File "E:\myblog\.venv\Lib\site-packages\django\db\models\query.py", line 1954, in _fetch_all
    self._result_cache = list(self._iterable_class(self))
                         ^^^^^^^^^^^^^^^^^^^^^^^^^^^^^^^^
  File "E:\myblog\.venv\Lib\site-packages\django\db\models\query.py", line 93, in __iter__
    results = compiler.execute_sql(
              ^^^^^^^^^^^^^^^^^^^^^
  File "E:\myblog\.venv\Lib\site-packages\django\db\models\sql\compiler.py", line 1623, in execute_sql
    cursor.execute(sql, params)
  File "E:\myblog\.venv\Lib\site-packages\debug_toolbar\panels\sql\tracking.py", line 231, in execute
    return self._record(super().execute, sql, params)
           ^^^^^^^^^^^^^^^^^^^^^^^^^^^^^^^^^^^^^^^^^^
  File "E:\myblog\.venv\Lib\site-packages\debug_toolbar\panels\sql\tracking.py", line 157, in _record
    return method(sql, params)
           ^^^^^^^^^^^^^^^^^^^
  File "E:\myblog\.venv\Lib\site-packages\django\db\backends\utils.py", line 122, in execute
    return super().execute(sql, params)
           ^^^^^^^^^^^^^^^^^^^^^^^^^^^^
  File "E:\myblog\.venv\Lib\site-packages\django\db\backends\utils.py", line 79, in execute
    return self._execute_with_wrappers(
           ^^^^^^^^^^^^^^^^^^^^^^^^^^^^
  File "E:\myblog\.venv\Lib\site-packages\django\db\backends\utils.py", line 92, in _execute_with_wrappers
    return executor(sql, params, many, context)
           ^^^^^^^^^^^^^^^^^^^^^^^^^^^^^^^^^^^^
  File "E:\myblog\.venv\Lib\site-packages\django\db\backends\utils.py", line 100, in _execute
    with self.db.wrap_database_errors:
  File "E:\myblog\.venv\Lib\site-packages\django\db\utils.py", line 91, in __exit__
    raise dj_exc_value.with_traceback(traceback) from exc_value
  File "E:\myblog\.venv\Lib\site-packages\django\db\backends\utils.py", line 105, in _execute
    return self.cursor.execute(sql, params)
           ^^^^^^^^^^^^^^^^^^^^^^^^^^^^^^^^
  File "E:\myblog\.venv\Lib\site-packages\django\db\backends\mysql\base.py", line 76, in execute
    return self.cursor.execute(query, args)
           ^^^^^^^^^^^^^^^^^^^^^^^^^^^^^^^^
  File "E:\myblog\.venv\Lib\site-packages\MySQLdb\cursors.py", line 179, in execute
    res = self._query(mogrified_query)
          ^^^^^^^^^^^^^^^^^^^^^^^^^^^^
  File "E:\myblog\.venv\Lib\site-packages\MySQLdb\cursors.py", line 330, in _query
    db.query(q)
  File "E:\myblog\.venv\Lib\site-packages\MySQLdb\connections.py", line 280, in query
    _mysql.connection.query(self, query)
django.db.utils.ProgrammingError: (1146, "Table 'myblog.allauth_emailaddress' doesn't exist")
"POST /accounts/login/ HTTP/1.1" 500 326424
Watching for file changes with StatReloader
"GET / HTTP/1.1" 200 17466
"GET /accounts/login/ HTTP/1.1" 200 19991
Internal Server Error: /accounts/login/
Traceback (most recent call last):
  File "E:\myblog\.venv\Lib\site-packages\django\db\backends\utils.py", line 105, in _execute
    return self.cursor.execute(sql, params)
           ^^^^^^^^^^^^^^^^^^^^^^^^^^^^^^^^
  File "E:\myblog\.venv\Lib\site-packages\django\db\backends\mysql\base.py", line 76, in execute
    return self.cursor.execute(query, args)
           ^^^^^^^^^^^^^^^^^^^^^^^^^^^^^^^^
  File "E:\myblog\.venv\Lib\site-packages\MySQLdb\cursors.py", line 179, in execute
    res = self._query(mogrified_query)
          ^^^^^^^^^^^^^^^^^^^^^^^^^^^^
  File "E:\myblog\.venv\Lib\site-packages\MySQLdb\cursors.py", line 330, in _query
    db.query(q)
  File "E:\myblog\.venv\Lib\site-packages\MySQLdb\connections.py", line 280, in query
    _mysql.connection.query(self, query)
MySQLdb.ProgrammingError: (1146, "Table 'myblog.allauth_emailaddress' doesn't exist")

The above exception was the direct cause of the following exception:

Traceback (most recent call last):
  File "E:\myblog\.venv\Lib\site-packages\django\core\handlers\exception.py", line 55, in inner
    response = get_response(request)
               ^^^^^^^^^^^^^^^^^^^^^
  File "E:\myblog\.venv\Lib\site-packages\django\core\handlers\base.py", line 197, in _get_response
    response = wrapped_callback(request, *callback_args, **callback_kwargs)
               ^^^^^^^^^^^^^^^^^^^^^^^^^^^^^^^^^^^^^^^^^^^^^^^^^^^^^^^^^^^^
  File "E:\myblog\.venv\Lib\site-packages\django\views\generic\base.py", line 105, in view
    return self.dispatch(request, *args, **kwargs)
           ^^^^^^^^^^^^^^^^^^^^^^^^^^^^^^^^^^^^^^^
  File "E:\myblog\.venv\Lib\site-packages\django\utils\decorators.py", line 48, in _wrapper
    return bound_method(*args, **kwargs)
           ^^^^^^^^^^^^^^^^^^^^^^^^^^^^^
  File "E:\myblog\.venv\Lib\site-packages\allauth\decorators.py", line 12, in wrap
    resp = function(request, *args, **kwargs)
           ^^^^^^^^^^^^^^^^^^^^^^^^^^^^^^^^^^
  File "E:\myblog\.venv\Lib\site-packages\django\utils\decorators.py", line 48, in _wrapper
    return bound_method(*args, **kwargs)
           ^^^^^^^^^^^^^^^^^^^^^^^^^^^^^
  File "E:\myblog\.venv\Lib\site-packages\django\utils\decorators.py", line 48, in _wrapper
    return bound_method(*args, **kwargs)
           ^^^^^^^^^^^^^^^^^^^^^^^^^^^^^
  File "E:\myblog\.venv\Lib\site-packages\django\views\decorators\debug.py", line 143, in sensitive_post_parameters_wrapper
    return view(request, *args, **kwargs)
           ^^^^^^^^^^^^^^^^^^^^^^^^^^^^^^
  File "E:\myblog\.venv\Lib\site-packages\django\utils\decorators.py", line 48, in _wrapper
    return bound_method(*args, **kwargs)
           ^^^^^^^^^^^^^^^^^^^^^^^^^^^^^
  File "E:\myblog\.venv\Lib\site-packages\django\views\decorators\cache.py", line 80, in _view_wrapper
    response = view_func(request, *args, **kwargs)
               ^^^^^^^^^^^^^^^^^^^^^^^^^^^^^^^^^^^
  File "E:\myblog\.venv\Lib\site-packages\allauth\account\views.py", line 97, in dispatch
    return super().dispatch(request, *args, **kwargs)
           ^^^^^^^^^^^^^^^^^^^^^^^^^^^^^^^^^^^^^^^^^^
  File "E:\myblog\.venv\Lib\site-packages\django\utils\decorators.py", line 48, in _wrapper
    return bound_method(*args, **kwargs)
           ^^^^^^^^^^^^^^^^^^^^^^^^^^^^^
  File "E:\myblog\.venv\Lib\site-packages\django\utils\decorators.py", line 48, in _wrapper
    return bound_method(*args, **kwargs)
           ^^^^^^^^^^^^^^^^^^^^^^^^^^^^^
  File "E:\myblog\.venv\Lib\site-packages\django\views\decorators\cache.py", line 80, in _view_wrapper
    response = view_func(request, *args, **kwargs)
               ^^^^^^^^^^^^^^^^^^^^^^^^^^^^^^^^^^^
  File "E:\myblog\.venv\Lib\site-packages\allauth\account\mixins.py", line 53, in dispatch
    response = super().dispatch(request, *args, **kwargs)
               ^^^^^^^^^^^^^^^^^^^^^^^^^^^^^^^^^^^^^^^^^^
  File "E:\myblog\.venv\Lib\site-packages\django\views\generic\base.py", line 144, in dispatch
    return handler(request, *args, **kwargs)
           ^^^^^^^^^^^^^^^^^^^^^^^^^^^^^^^^^
  File "E:\myblog\.venv\Lib\site-packages\allauth\account\mixins.py", line 81, in post
    if form.is_valid():
       ^^^^^^^^^^^^^^^
  File "E:\myblog\.venv\Lib\site-packages\django\forms\forms.py", line 206, in is_valid
    return self.is_bound and not self.errors
                                 ^^^^^^^^^^^
  File "E:\myblog\.venv\Lib\site-packages\django\forms\forms.py", line 201, in errors
    self.full_clean()
  File "E:\myblog\.venv\Lib\site-packages\django\forms\forms.py", line 338, in full_clean
    self._clean_form()
  File "E:\myblog\.venv\Lib\site-packages\django\forms\forms.py", line 354, in _clean_form
    cleaned_data = self.clean()
                   ^^^^^^^^^^^^
  File "E:\myblog\.venv\Lib\site-packages\allauth\account\forms.py", line 183, in clean
    return self._clean_with_password(credentials)
           ^^^^^^^^^^^^^^^^^^^^^^^^^^^^^^^^^^^^^^
  File "E:\myblog\.venv\Lib\site-packages\allauth\account\forms.py", line 213, in _clean_with_password
    user = adapter.authenticate(self.request, **credentials)
           ^^^^^^^^^^^^^^^^^^^^^^^^^^^^^^^^^^^^^^^^^^^^^^^^^
  File "E:\myblog\.venv\Lib\site-packages\allauth\account\adapter.py", line 737, in authenticate
    user = authenticate(request, **credentials)
           ^^^^^^^^^^^^^^^^^^^^^^^^^^^^^^^^^^^^
  File "E:\myblog\.venv\Lib\site-packages\django\views\decorators\debug.py", line 75, in sensitive_variables_wrapper
    return func(*func_args, **func_kwargs)
           ^^^^^^^^^^^^^^^^^^^^^^^^^^^^^^^
  File "E:\myblog\.venv\Lib\site-packages\django\contrib\auth\__init__.py", line 114, in authenticate
    user = backend.authenticate(request, **credentials)
           ^^^^^^^^^^^^^^^^^^^^^^^^^^^^^^^^^^^^^^^^^^^^
  File "E:\myblog\.venv\Lib\site-packages\allauth\account\auth_backends.py", line 22, in authenticate
    user = self._authenticate(request, **credentials)
           ^^^^^^^^^^^^^^^^^^^^^^^^^^^^^^^^^^^^^^^^^^
  File "E:\myblog\.venv\Lib\site-packages\allauth\account\auth_backends.py", line 37, in _authenticate
    user = self._authenticate_by_email(username, password)
           ^^^^^^^^^^^^^^^^^^^^^^^^^^^^^^^^^^^^^^^^^^^^^^^
  File "E:\myblog\.venv\Lib\site-packages\allauth\account\auth_backends.py", line 81, in _authenticate_by_email
    users = filter_users_by_email(email, prefer_verified=True)
            ^^^^^^^^^^^^^^^^^^^^^^^^^^^^^^^^^^^^^^^^^^^^^^^^^^
  File "E:\myblog\.venv\Lib\site-packages\allauth\account\utils.py", line 261, in filter_users_by_email
    mails = list(EmailAddress.objects.filter(email=email).select_related("user"))
            ^^^^^^^^^^^^^^^^^^^^^^^^^^^^^^^^^^^^^^^^^^^^^^^^^^^^^^^^^^^^^^^^^^^^^
  File "E:\myblog\.venv\Lib\site-packages\django\db\models\query.py", line 386, in __iter__
    self._fetch_all()
  File "E:\myblog\.venv\Lib\site-packages\django\db\models\query.py", line 1954, in _fetch_all
    self._result_cache = list(self._iterable_class(self))
                         ^^^^^^^^^^^^^^^^^^^^^^^^^^^^^^^^
  File "E:\myblog\.venv\Lib\site-packages\django\db\models\query.py", line 93, in __iter__
    results = compiler.execute_sql(
              ^^^^^^^^^^^^^^^^^^^^^
  File "E:\myblog\.venv\Lib\site-packages\django\db\models\sql\compiler.py", line 1623, in execute_sql
    cursor.execute(sql, params)
  File "E:\myblog\.venv\Lib\site-packages\debug_toolbar\panels\sql\tracking.py", line 231, in execute
    return self._record(super().execute, sql, params)
           ^^^^^^^^^^^^^^^^^^^^^^^^^^^^^^^^^^^^^^^^^^
  File "E:\myblog\.venv\Lib\site-packages\debug_toolbar\panels\sql\tracking.py", line 157, in _record
    return method(sql, params)
           ^^^^^^^^^^^^^^^^^^^
  File "E:\myblog\.venv\Lib\site-packages\django\db\backends\utils.py", line 122, in execute
    return super().execute(sql, params)
           ^^^^^^^^^^^^^^^^^^^^^^^^^^^^
  File "E:\myblog\.venv\Lib\site-packages\django\db\backends\utils.py", line 79, in execute
    return self._execute_with_wrappers(
           ^^^^^^^^^^^^^^^^^^^^^^^^^^^^
  File "E:\myblog\.venv\Lib\site-packages\django\db\backends\utils.py", line 92, in _execute_with_wrappers
    return executor(sql, params, many, context)
           ^^^^^^^^^^^^^^^^^^^^^^^^^^^^^^^^^^^^
  File "E:\myblog\.venv\Lib\site-packages\django\db\backends\utils.py", line 100, in _execute
    with self.db.wrap_database_errors:
  File "E:\myblog\.venv\Lib\site-packages\django\db\utils.py", line 91, in __exit__
    raise dj_exc_value.with_traceback(traceback) from exc_value
  File "E:\myblog\.venv\Lib\site-packages\django\db\backends\utils.py", line 105, in _execute
    return self.cursor.execute(sql, params)
           ^^^^^^^^^^^^^^^^^^^^^^^^^^^^^^^^
  File "E:\myblog\.venv\Lib\site-packages\django\db\backends\mysql\base.py", line 76, in execute
    return self.cursor.execute(query, args)
           ^^^^^^^^^^^^^^^^^^^^^^^^^^^^^^^^
  File "E:\myblog\.venv\Lib\site-packages\MySQLdb\cursors.py", line 179, in execute
    res = self._query(mogrified_query)
          ^^^^^^^^^^^^^^^^^^^^^^^^^^^^
  File "E:\myblog\.venv\Lib\site-packages\MySQLdb\cursors.py", line 330, in _query
    db.query(q)
  File "E:\myblog\.venv\Lib\site-packages\MySQLdb\connections.py", line 280, in query
    _mysql.connection.query(self, query)
django.db.utils.ProgrammingError: (1146, "Table 'myblog.allauth_emailaddress' doesn't exist")
"POST /accounts/login/ HTTP/1.1" 500 326423
Not Found: /.well-known/appspecific/com.chrome.devtools.json
"GET /.well-known/appspecific/com.chrome.devtools.json HTTP/1.1" 404 18854
Watching for file changes with StatReloader
"GET / HTTP/1.1" 200 17466
"GET /accounts/login/ HTTP/1.1" 200 19991
"POST /accounts/login/ HTTP/1.1" 200 20281
"GET /accounts/signup/ HTTP/1.1" 200 21809
"POST /accounts/signup/ HTTP/1.1" 302 0
"GET /accounts/confirm-email/ HTTP/1.1" 200 15375
"GET /accounts/confirm-email/MQ:1vW9f1:xjMLrZl4k15EA4HawHVKoBHsDIHBXZG7ca2DXGZvCqI/ HTTP/1.1" 200 15543
"POST /accounts/confirm-email/MQ:1vW9fY:GVMTZ2ovtQru9OXwwC_l4PjGIakfc6JGKy91f_V5O4s/ HTTP/1.1" 302 0
"GET /accounts/login/ HTTP/1.1" 200 20299
- Broken pipe from ('127.0.0.1', 56455)
"POST /accounts/login/ HTTP/1.1" 302 0
Not Found: /accounts/profile/
"GET /accounts/profile/ HTTP/1.1" 404 25844
Watching for file changes with StatReloader
"GET / HTTP/1.1" 200 18043
Internal Server Error: /users/profile/
Traceback (most recent call last):
  File "E:\myblog\.venv\Lib\site-packages\django\template\base.py", line 892, in _resolve_lookup
    raise TypeError
TypeError

During handling of the above exception, another exception occurred:

Traceback (most recent call last):
  File "E:\myblog\.venv\Lib\site-packages\django\core\handlers\exception.py", line 55, in inner
    response = get_response(request)
               ^^^^^^^^^^^^^^^^^^^^^
  File "E:\myblog\.venv\Lib\site-packages\django\core\handlers\base.py", line 197, in _get_response
    response = wrapped_callback(request, *callback_args, **callback_kwargs)
               ^^^^^^^^^^^^^^^^^^^^^^^^^^^^^^^^^^^^^^^^^^^^^^^^^^^^^^^^^^^^
  File "E:\myblog\.venv\Lib\site-packages\django\contrib\auth\decorators.py", line 59, in _view_wrapper
    return view_func(request, *args, **kwargs)
           ^^^^^^^^^^^^^^^^^^^^^^^^^^^^^^^^^^^
  File "E:\myblog\users\views.py", line 14, in profile
    return render(request, 'users/profile.html')
           ^^^^^^^^^^^^^^^^^^^^^^^^^^^^^^^^^^^^^
  File "E:\myblog\.venv\Lib\site-packages\django\shortcuts.py", line 25, in render
    content = loader.render_to_string(template_name, context, request, using=using)
              ^^^^^^^^^^^^^^^^^^^^^^^^^^^^^^^^^^^^^^^^^^^^^^^^^^^^^^^^^^^^^^^^^^^^^
  File "E:\myblog\.venv\Lib\site-packages\django\template\loader.py", line 62, in render_to_string
    return template.render(context, request)
           ^^^^^^^^^^^^^^^^^^^^^^^^^^^^^^^^^
  File "E:\myblog\.venv\Lib\site-packages\django\template\backends\django.py", line 107, in render
    return self.template.render(context)
           ^^^^^^^^^^^^^^^^^^^^^^^^^^^^^
  File "E:\myblog\.venv\Lib\site-packages\django\template\base.py", line 172, in render
    return self._render(context)
           ^^^^^^^^^^^^^^^^^^^^^
  File "E:\myblog\.venv\Lib\site-packages\django\test\utils.py", line 114, in instrumented_test_render
    return self.nodelist.render(context)
           ^^^^^^^^^^^^^^^^^^^^^^^^^^^^^
  File "E:\myblog\.venv\Lib\site-packages\django\template\base.py", line 1018, in render
    return SafeString("".join([node.render_annotated(context) for node in self]))
                              ^^^^^^^^^^^^^^^^^^^^^^^^^^^^^^^^^^^^^^^^^^^^^^^^^
  File "E:\myblog\.venv\Lib\site-packages\django\template\base.py", line 1018, in <listcomp>
    return SafeString("".join([node.render_annotated(context) for node in self]))
                               ^^^^^^^^^^^^^^^^^^^^^^^^^^^^^^
  File "E:\myblog\.venv\Lib\site-packages\django\template\base.py", line 979, in render_annotated
    return self.render(context)
           ^^^^^^^^^^^^^^^^^^^^
  File "E:\myblog\.venv\Lib\site-packages\django\template\loader_tags.py", line 159, in render
    return compiled_parent._render(context)
           ^^^^^^^^^^^^^^^^^^^^^^^^^^^^^^^^
  File "E:\myblog\.venv\Lib\site-packages\django\test\utils.py", line 114, in instrumented_test_render
    return self.nodelist.render(context)
           ^^^^^^^^^^^^^^^^^^^^^^^^^^^^^
  File "E:\myblog\.venv\Lib\site-packages\django\template\base.py", line 1018, in render
    return SafeString("".join([node.render_annotated(context) for node in self]))
                              ^^^^^^^^^^^^^^^^^^^^^^^^^^^^^^^^^^^^^^^^^^^^^^^^^
  File "E:\myblog\.venv\Lib\site-packages\django\template\base.py", line 1018, in <listcomp>
    return SafeString("".join([node.render_annotated(context) for node in self]))
                               ^^^^^^^^^^^^^^^^^^^^^^^^^^^^^^
  File "E:\myblog\.venv\Lib\site-packages\django\template\base.py", line 979, in render_annotated
    return self.render(context)
           ^^^^^^^^^^^^^^^^^^^^
  File "E:\myblog\.venv\Lib\site-packages\django\template\loader_tags.py", line 65, in render
    result = block.nodelist.render(context)
             ^^^^^^^^^^^^^^^^^^^^^^^^^^^^^^
  File "E:\myblog\.venv\Lib\site-packages\django\template\base.py", line 1018, in render
    return SafeString("".join([node.render_annotated(context) for node in self]))
                              ^^^^^^^^^^^^^^^^^^^^^^^^^^^^^^^^^^^^^^^^^^^^^^^^^
  File "E:\myblog\.venv\Lib\site-packages\django\template\base.py", line 1018, in <listcomp>
    return SafeString("".join([node.render_annotated(context) for node in self]))
                               ^^^^^^^^^^^^^^^^^^^^^^^^^^^^^^
  File "E:\myblog\.venv\Lib\site-packages\django\template\base.py", line 979, in render_annotated
    return self.render(context)
           ^^^^^^^^^^^^^^^^^^^^
  File "E:\myblog\.venv\Lib\site-packages\django\template\base.py", line 1077, in render
    output = self.filter_expression.resolve(context)
             ^^^^^^^^^^^^^^^^^^^^^^^^^^^^^^^^^^^^^^^
  File "E:\myblog\.venv\Lib\site-packages\django\template\base.py", line 723, in resolve
    obj = self.var.resolve(context)
          ^^^^^^^^^^^^^^^^^^^^^^^^^
  File "E:\myblog\.venv\Lib\site-packages\django\template\base.py", line 856, in resolve
    value = self._resolve_lookup(context)
            ^^^^^^^^^^^^^^^^^^^^^^^^^^^^^
  File "E:\myblog\.venv\Lib\site-packages\django\template\base.py", line 903, in _resolve_lookup
    current = getattr(current, bit)
              ^^^^^^^^^^^^^^^^^^^^^
  File "E:\myblog\.venv\Lib\site-packages\django\db\models\fields\files.py", line 69, in url
    self._require_file()
  File "E:\myblog\.venv\Lib\site-packages\django\db\models\fields\files.py", line 44, in _require_file
    raise ValueError(
ValueError: The 'avatar' attribute has no file associated with it.
"GET /users/profile/ HTTP/1.1" 500 202797
Watching for file changes with StatReloader
"GET / HTTP/1.1" 200 17753
Internal Server Error: /users/profile/
Traceback (most recent call last):
  File "E:\myblog\.venv\Lib\site-packages\django\template\backends\django.py", line 107, in render
    return self.template.render(context)
           ^^^^^^^^^^^^^^^^^^^^^^^^^^^^^
  File "E:\myblog\.venv\Lib\site-packages\django\template\base.py", line 172, in render
    return self._render(context)
           ^^^^^^^^^^^^^^^^^^^^^
  File "E:\myblog\.venv\Lib\site-packages\django\test\utils.py", line 114, in instrumented_test_render
    return self.nodelist.render(context)
           ^^^^^^^^^^^^^^^^^^^^^^^^^^^^^
  File "E:\myblog\.venv\Lib\site-packages\django\template\base.py", line 1018, in render
    return SafeString("".join([node.render_annotated(context) for node in self]))
                              ^^^^^^^^^^^^^^^^^^^^^^^^^^^^^^^^^^^^^^^^^^^^^^^^^
  File "E:\myblog\.venv\Lib\site-packages\django\template\base.py", line 1018, in <listcomp>
    return SafeString("".join([node.render_annotated(context) for node in self]))
                               ^^^^^^^^^^^^^^^^^^^^^^^^^^^^^^
  File "E:\myblog\.venv\Lib\site-packages\django\template\base.py", line 979, in render_annotated
    return self.render(context)
           ^^^^^^^^^^^^^^^^^^^^
  File "E:\myblog\.venv\Lib\site-packages\django\template\loader_tags.py", line 159, in render
    return compiled_parent._render(context)
           ^^^^^^^^^^^^^^^^^^^^^^^^^^^^^^^^
  File "E:\myblog\.venv\Lib\site-packages\django\test\utils.py", line 114, in instrumented_test_render
    return self.nodelist.render(context)
           ^^^^^^^^^^^^^^^^^^^^^^^^^^^^^
  File "E:\myblog\.venv\Lib\site-packages\django\template\base.py", line 1018, in render
    return SafeString("".join([node.render_annotated(context) for node in self]))
                              ^^^^^^^^^^^^^^^^^^^^^^^^^^^^^^^^^^^^^^^^^^^^^^^^^
  File "E:\myblog\.venv\Lib\site-packages\django\template\base.py", line 1018, in <listcomp>
    return SafeString("".join([node.render_annotated(context) for node in self]))
                               ^^^^^^^^^^^^^^^^^^^^^^^^^^^^^^
  File "E:\myblog\.venv\Lib\site-packages\django\template\base.py", line 979, in render_annotated
    return self.render(context)
           ^^^^^^^^^^^^^^^^^^^^
  File "E:\myblog\.venv\Lib\site-packages\django\template\loader_tags.py", line 65, in render
    result = block.nodelist.render(context)
             ^^^^^^^^^^^^^^^^^^^^^^^^^^^^^^
  File "E:\myblog\.venv\Lib\site-packages\django\template\base.py", line 1018, in render
    return SafeString("".join([node.render_annotated(context) for node in self]))
                              ^^^^^^^^^^^^^^^^^^^^^^^^^^^^^^^^^^^^^^^^^^^^^^^^^
  File "E:\myblog\.venv\Lib\site-packages\django\template\base.py", line 1018, in <listcomp>
    return SafeString("".join([node.render_annotated(context) for node in self]))
                               ^^^^^^^^^^^^^^^^^^^^^^^^^^^^^^
  File "E:\myblog\.venv\Lib\site-packages\django\template\base.py", line 979, in render_annotated
    return self.render(context)
           ^^^^^^^^^^^^^^^^^^^^
  File "E:\myblog\.venv\Lib\site-packages\django\template\loader_tags.py", line 199, in render
    template = context.template.engine.select_template(template_name)
               ^^^^^^^^^^^^^^^^^^^^^^^^^^^^^^^^^^^^^^^^^^^^^^^^^^^^^^
  File "E:\myblog\.venv\Lib\site-packages\django\template\engine.py", line 214, in select_template
    raise TemplateDoesNotExist(", ".join(not_found))
django.template.exceptions.TemplateDoesNotExist: users/_articles.html

The above exception was the direct cause of the following exception:

Traceback (most recent call last):
  File "E:\myblog\.venv\Lib\site-packages\django\core\handlers\exception.py", line 55, in inner
    response = get_response(request)
               ^^^^^^^^^^^^^^^^^^^^^
  File "E:\myblog\.venv\Lib\site-packages\django\core\handlers\base.py", line 197, in _get_response
    response = wrapped_callback(request, *callback_args, **callback_kwargs)
               ^^^^^^^^^^^^^^^^^^^^^^^^^^^^^^^^^^^^^^^^^^^^^^^^^^^^^^^^^^^^
  File "E:\myblog\.venv\Lib\site-packages\django\contrib\auth\decorators.py", line 59, in _view_wrapper
    return view_func(request, *args, **kwargs)
           ^^^^^^^^^^^^^^^^^^^^^^^^^^^^^^^^^^^
  File "E:\myblog\users\views.py", line 14, in profile
    return render(request, 'users/profile.html')
           ^^^^^^^^^^^^^^^^^^^^^^^^^^^^^^^^^^^^^
  File "E:\myblog\.venv\Lib\site-packages\django\shortcuts.py", line 25, in render
    content = loader.render_to_string(template_name, context, request, using=using)
              ^^^^^^^^^^^^^^^^^^^^^^^^^^^^^^^^^^^^^^^^^^^^^^^^^^^^^^^^^^^^^^^^^^^^^
  File "E:\myblog\.venv\Lib\site-packages\django\template\loader.py", line 62, in render_to_string
    return template.render(context, request)
           ^^^^^^^^^^^^^^^^^^^^^^^^^^^^^^^^^
  File "E:\myblog\.venv\Lib\site-packages\django\template\backends\django.py", line 109, in render
    reraise(exc, self.backend)
  File "E:\myblog\.venv\Lib\site-packages\django\template\backends\django.py", line 130, in reraise
    raise new from exc
django.template.exceptions.TemplateDoesNotExist: users/_articles.html
"GET /users/profile/ HTTP/1.1" 500 192429
Watching for file changes with StatReloader
"GET / HTTP/1.1" 200 17753
Internal Server Error: /users/profile/
Traceback (most recent call last):
  File "E:\myblog\.venv\Lib\site-packages\django\template\backends\django.py", line 107, in render
    return self.template.render(context)
           ^^^^^^^^^^^^^^^^^^^^^^^^^^^^^
  File "E:\myblog\.venv\Lib\site-packages\django\template\base.py", line 172, in render
    return self._render(context)
           ^^^^^^^^^^^^^^^^^^^^^
  File "E:\myblog\.venv\Lib\site-packages\django\test\utils.py", line 114, in instrumented_test_render
    return self.nodelist.render(context)
           ^^^^^^^^^^^^^^^^^^^^^^^^^^^^^
  File "E:\myblog\.venv\Lib\site-packages\django\template\base.py", line 1018, in render
    return SafeString("".join([node.render_annotated(context) for node in self]))
                              ^^^^^^^^^^^^^^^^^^^^^^^^^^^^^^^^^^^^^^^^^^^^^^^^^
  File "E:\myblog\.venv\Lib\site-packages\django\template\base.py", line 1018, in <listcomp>
    return SafeString("".join([node.render_annotated(context) for node in self]))
                               ^^^^^^^^^^^^^^^^^^^^^^^^^^^^^^
  File "E:\myblog\.venv\Lib\site-packages\django\template\base.py", line 979, in render_annotated
    return self.render(context)
           ^^^^^^^^^^^^^^^^^^^^
  File "E:\myblog\.venv\Lib\site-packages\django\template\loader_tags.py", line 159, in render
    return compiled_parent._render(context)
           ^^^^^^^^^^^^^^^^^^^^^^^^^^^^^^^^
  File "E:\myblog\.venv\Lib\site-packages\django\test\utils.py", line 114, in instrumented_test_render
    return self.nodelist.render(context)
           ^^^^^^^^^^^^^^^^^^^^^^^^^^^^^
  File "E:\myblog\.venv\Lib\site-packages\django\template\base.py", line 1018, in render
    return SafeString("".join([node.render_annotated(context) for node in self]))
                              ^^^^^^^^^^^^^^^^^^^^^^^^^^^^^^^^^^^^^^^^^^^^^^^^^
  File "E:\myblog\.venv\Lib\site-packages\django\template\base.py", line 1018, in <listcomp>
    return SafeString("".join([node.render_annotated(context) for node in self]))
                               ^^^^^^^^^^^^^^^^^^^^^^^^^^^^^^
  File "E:\myblog\.venv\Lib\site-packages\django\template\base.py", line 979, in render_annotated
    return self.render(context)
           ^^^^^^^^^^^^^^^^^^^^
  File "E:\myblog\.venv\Lib\site-packages\django\template\loader_tags.py", line 65, in render
    result = block.nodelist.render(context)
             ^^^^^^^^^^^^^^^^^^^^^^^^^^^^^^
  File "E:\myblog\.venv\Lib\site-packages\django\template\base.py", line 1018, in render
    return SafeString("".join([node.render_annotated(context) for node in self]))
                              ^^^^^^^^^^^^^^^^^^^^^^^^^^^^^^^^^^^^^^^^^^^^^^^^^
  File "E:\myblog\.venv\Lib\site-packages\django\template\base.py", line 1018, in <listcomp>
    return SafeString("".join([node.render_annotated(context) for node in self]))
                               ^^^^^^^^^^^^^^^^^^^^^^^^^^^^^^
  File "E:\myblog\.venv\Lib\site-packages\django\template\base.py", line 979, in render_annotated
    return self.render(context)
           ^^^^^^^^^^^^^^^^^^^^
  File "E:\myblog\.venv\Lib\site-packages\django\template\loader_tags.py", line 199, in render
    template = context.template.engine.select_template(template_name)
               ^^^^^^^^^^^^^^^^^^^^^^^^^^^^^^^^^^^^^^^^^^^^^^^^^^^^^^
  File "E:\myblog\.venv\Lib\site-packages\django\template\engine.py", line 214, in select_template
    raise TemplateDoesNotExist(", ".join(not_found))
django.template.exceptions.TemplateDoesNotExist: users/_articles.html

The above exception was the direct cause of the following exception:

Traceback (most recent call last):
  File "E:\myblog\.venv\Lib\site-packages\django\core\handlers\exception.py", line 55, in inner
    response = get_response(request)
               ^^^^^^^^^^^^^^^^^^^^^
  File "E:\myblog\.venv\Lib\site-packages\django\core\handlers\base.py", line 197, in _get_response
    response = wrapped_callback(request, *callback_args, **callback_kwargs)
               ^^^^^^^^^^^^^^^^^^^^^^^^^^^^^^^^^^^^^^^^^^^^^^^^^^^^^^^^^^^^
  File "E:\myblog\.venv\Lib\site-packages\django\contrib\auth\decorators.py", line 59, in _view_wrapper
    return view_func(request, *args, **kwargs)
           ^^^^^^^^^^^^^^^^^^^^^^^^^^^^^^^^^^^
  File "E:\myblog\users\views.py", line 14, in profile
    return render(request, 'users/profile.html')
           ^^^^^^^^^^^^^^^^^^^^^^^^^^^^^^^^^^^^^
  File "E:\myblog\.venv\Lib\site-packages\django\shortcuts.py", line 25, in render
    content = loader.render_to_string(template_name, context, request, using=using)
              ^^^^^^^^^^^^^^^^^^^^^^^^^^^^^^^^^^^^^^^^^^^^^^^^^^^^^^^^^^^^^^^^^^^^^
  File "E:\myblog\.venv\Lib\site-packages\django\template\loader.py", line 62, in render_to_string
    return template.render(context, request)
           ^^^^^^^^^^^^^^^^^^^^^^^^^^^^^^^^^
  File "E:\myblog\.venv\Lib\site-packages\django\template\backends\django.py", line 109, in render
    reraise(exc, self.backend)
  File "E:\myblog\.venv\Lib\site-packages\django\template\backends\django.py", line 130, in reraise
    raise new from exc
django.template.exceptions.TemplateDoesNotExist: users/_articles.html
"GET /users/profile/ HTTP/1.1" 500 192429
Watching for file changes with StatReloader
"GET / HTTP/1.1" 200 17753
"GET /users/profile/ HTTP/1.1" 200 18808
"GET /static/images/default-avatar.png HTTP/1.1" 404 2002
"GET /users/profile/edit/ HTTP/1.1" 200 19212
Watching for file changes with StatReloader
"GET / HTTP/1.1" 200 17753
Internal Server Error: /users/profile/
Traceback (most recent call last):
  File "E:\myblog\.venv\Lib\site-packages\django\template\base.py", line 511, in parse
    compile_func = self.tags[command]
                   ~~~~~~~~~^^^^^^^^^
KeyError: 'static'

During handling of the above exception, another exception occurred:

Traceback (most recent call last):
  File "E:\myblog\.venv\Lib\site-packages\django\core\handlers\exception.py", line 55, in inner
    response = get_response(request)
               ^^^^^^^^^^^^^^^^^^^^^
  File "E:\myblog\.venv\Lib\site-packages\django\core\handlers\base.py", line 197, in _get_response
    response = wrapped_callback(request, *callback_args, **callback_kwargs)
               ^^^^^^^^^^^^^^^^^^^^^^^^^^^^^^^^^^^^^^^^^^^^^^^^^^^^^^^^^^^^
  File "E:\myblog\.venv\Lib\site-packages\django\contrib\auth\decorators.py", line 59, in _view_wrapper
    return view_func(request, *args, **kwargs)
           ^^^^^^^^^^^^^^^^^^^^^^^^^^^^^^^^^^^
  File "E:\myblog\users\views.py", line 26, in profile
    return render(request, 'users/profile.html', context)
           ^^^^^^^^^^^^^^^^^^^^^^^^^^^^^^^^^^^^^^^^^^^^^^
  File "E:\myblog\.venv\Lib\site-packages\django\shortcuts.py", line 25, in render
    content = loader.render_to_string(template_name, context, request, using=using)
              ^^^^^^^^^^^^^^^^^^^^^^^^^^^^^^^^^^^^^^^^^^^^^^^^^^^^^^^^^^^^^^^^^^^^^
  File "E:\myblog\.venv\Lib\site-packages\django\template\loader.py", line 62, in render_to_string
    return template.render(context, request)
           ^^^^^^^^^^^^^^^^^^^^^^^^^^^^^^^^^
  File "E:\myblog\.venv\Lib\site-packages\django\template\backends\django.py", line 107, in render
    return self.template.render(context)
           ^^^^^^^^^^^^^^^^^^^^^^^^^^^^^
  File "E:\myblog\.venv\Lib\site-packages\django\template\base.py", line 172, in render
    return self._render(context)
           ^^^^^^^^^^^^^^^^^^^^^
  File "E:\myblog\.venv\Lib\site-packages\django\test\utils.py", line 114, in instrumented_test_render
    return self.nodelist.render(context)
           ^^^^^^^^^^^^^^^^^^^^^^^^^^^^^
  File "E:\myblog\.venv\Lib\site-packages\django\template\base.py", line 1018, in render
    return SafeString("".join([node.render_annotated(context) for node in self]))
                              ^^^^^^^^^^^^^^^^^^^^^^^^^^^^^^^^^^^^^^^^^^^^^^^^^
  File "E:\myblog\.venv\Lib\site-packages\django\template\base.py", line 1018, in <listcomp>
    return SafeString("".join([node.render_annotated(context) for node in self]))
                               ^^^^^^^^^^^^^^^^^^^^^^^^^^^^^^
  File "E:\myblog\.venv\Lib\site-packages\django\template\base.py", line 979, in render_annotated
    return self.render(context)
           ^^^^^^^^^^^^^^^^^^^^
  File "E:\myblog\.venv\Lib\site-packages\django\template\loader_tags.py", line 159, in render
    return compiled_parent._render(context)
           ^^^^^^^^^^^^^^^^^^^^^^^^^^^^^^^^
  File "E:\myblog\.venv\Lib\site-packages\django\test\utils.py", line 114, in instrumented_test_render
    return self.nodelist.render(context)
           ^^^^^^^^^^^^^^^^^^^^^^^^^^^^^
  File "E:\myblog\.venv\Lib\site-packages\django\template\base.py", line 1018, in render
    return SafeString("".join([node.render_annotated(context) for node in self]))
                              ^^^^^^^^^^^^^^^^^^^^^^^^^^^^^^^^^^^^^^^^^^^^^^^^^
  File "E:\myblog\.venv\Lib\site-packages\django\template\base.py", line 1018, in <listcomp>
    return SafeString("".join([node.render_annotated(context) for node in self]))
                               ^^^^^^^^^^^^^^^^^^^^^^^^^^^^^^
  File "E:\myblog\.venv\Lib\site-packages\django\template\base.py", line 979, in render_annotated
    return self.render(context)
           ^^^^^^^^^^^^^^^^^^^^
  File "E:\myblog\.venv\Lib\site-packages\django\template\loader_tags.py", line 65, in render
    result = block.nodelist.render(context)
             ^^^^^^^^^^^^^^^^^^^^^^^^^^^^^^
  File "E:\myblog\.venv\Lib\site-packages\django\template\base.py", line 1018, in render
    return SafeString("".join([node.render_annotated(context) for node in self]))
                              ^^^^^^^^^^^^^^^^^^^^^^^^^^^^^^^^^^^^^^^^^^^^^^^^^
  File "E:\myblog\.venv\Lib\site-packages\django\template\base.py", line 1018, in <listcomp>
    return SafeString("".join([node.render_annotated(context) for node in self]))
                               ^^^^^^^^^^^^^^^^^^^^^^^^^^^^^^
  File "E:\myblog\.venv\Lib\site-packages\django\template\base.py", line 979, in render_annotated
    return self.render(context)
           ^^^^^^^^^^^^^^^^^^^^
  File "E:\myblog\.venv\Lib\site-packages\django\template\loader_tags.py", line 199, in render
    template = context.template.engine.select_template(template_name)
               ^^^^^^^^^^^^^^^^^^^^^^^^^^^^^^^^^^^^^^^^^^^^^^^^^^^^^^
  File "E:\myblog\.venv\Lib\site-packages\django\template\engine.py", line 208, in select_template
    return self.get_template(template_name)
           ^^^^^^^^^^^^^^^^^^^^^^^^^^^^^^^^
  File "E:\myblog\.venv\Lib\site-packages\django\template\engine.py", line 177, in get_template
    template, origin = self.find_template(template_name)
                       ^^^^^^^^^^^^^^^^^^^^^^^^^^^^^^^^^
  File "E:\myblog\.venv\Lib\site-packages\django\template\engine.py", line 159, in find_template
    template = loader.get_template(name, skip=skip)
               ^^^^^^^^^^^^^^^^^^^^^^^^^^^^^^^^^^^^
  File "E:\myblog\.venv\Lib\site-packages\django\template\loaders\cached.py", line 57, in get_template
    template = super().get_template(template_name, skip)
               ^^^^^^^^^^^^^^^^^^^^^^^^^^^^^^^^^^^^^^^^^
  File "E:\myblog\.venv\Lib\site-packages\django\template\loaders\base.py", line 28, in get_template
    return Template(
           ^^^^^^^^^
  File "E:\myblog\.venv\Lib\site-packages\django\template\base.py", line 155, in __init__
    self.nodelist = self.compile_nodelist()
                    ^^^^^^^^^^^^^^^^^^^^^^^
  File "E:\myblog\.venv\Lib\site-packages\django\template\base.py", line 197, in compile_nodelist
    nodelist = parser.parse()
               ^^^^^^^^^^^^^^
  File "E:\myblog\.venv\Lib\site-packages\django\template\base.py", line 519, in parse
    raise self.error(token, e)
  File "E:\myblog\.venv\Lib\site-packages\django\template\base.py", line 517, in parse
    compiled_result = compile_func(self, token)
                      ^^^^^^^^^^^^^^^^^^^^^^^^^
  File "E:\myblog\.venv\Lib\site-packages\django\template\defaulttags.py", line 862, in do_for
    nodelist_loop = parser.parse(
                    ^^^^^^^^^^^^^
  File "E:\myblog\.venv\Lib\site-packages\django\template\base.py", line 519, in parse
    raise self.error(token, e)
  File "E:\myblog\.venv\Lib\site-packages\django\template\base.py", line 517, in parse
    compiled_result = compile_func(self, token)
                      ^^^^^^^^^^^^^^^^^^^^^^^^^
  File "E:\myblog\.venv\Lib\site-packages\django\template\defaulttags.py", line 976, in do_if
    nodelist = parser.parse(("endif",))
               ^^^^^^^^^^^^^^^^^^^^^^^^
  File "E:\myblog\.venv\Lib\site-packages\django\template\base.py", line 513, in parse
    self.invalid_block_tag(token, command, parse_until)
  File "E:\myblog\.venv\Lib\site-packages\django\template\base.py", line 568, in invalid_block_tag
    raise self.error(
django.template.exceptions.TemplateSyntaxError: Invalid block tag on line 6: 'static', expected 'endif'. Did you forget to register or load this tag?
"GET /users/profile/ HTTP/1.1" 500 273306
Not Found: /.well-known/appspecific/com.chrome.devtools.json
"GET /.well-known/appspecific/com.chrome.devtools.json HTTP/1.1" 404 18854
Watching for file changes with StatReloader
"GET / HTTP/1.1" 200 17755
"GET /static/css/style.css HTTP/1.1" 304 0
Internal Server Error: /users/profile/
Traceback (most recent call last):
  File "E:\myblog\.venv\Lib\site-packages\django\template\base.py", line 511, in parse
    compile_func = self.tags[command]
                   ~~~~~~~~~^^^^^^^^^
KeyError: 'static'

During handling of the above exception, another exception occurred:

Traceback (most recent call last):
  File "E:\myblog\.venv\Lib\site-packages\django\core\handlers\exception.py", line 55, in inner
    response = get_response(request)
               ^^^^^^^^^^^^^^^^^^^^^
  File "E:\myblog\.venv\Lib\site-packages\django\core\handlers\base.py", line 197, in _get_response
    response = wrapped_callback(request, *callback_args, **callback_kwargs)
               ^^^^^^^^^^^^^^^^^^^^^^^^^^^^^^^^^^^^^^^^^^^^^^^^^^^^^^^^^^^^
  File "E:\myblog\.venv\Lib\site-packages\django\contrib\auth\decorators.py", line 59, in _view_wrapper
    return view_func(request, *args, **kwargs)
           ^^^^^^^^^^^^^^^^^^^^^^^^^^^^^^^^^^^
  File "E:\myblog\users\views.py", line 26, in profile
    return render(request, 'users/profile.html', context)
           ^^^^^^^^^^^^^^^^^^^^^^^^^^^^^^^^^^^^^^^^^^^^^^
  File "E:\myblog\.venv\Lib\site-packages\django\shortcuts.py", line 25, in render
    content = loader.render_to_string(template_name, context, request, using=using)
              ^^^^^^^^^^^^^^^^^^^^^^^^^^^^^^^^^^^^^^^^^^^^^^^^^^^^^^^^^^^^^^^^^^^^^
  File "E:\myblog\.venv\Lib\site-packages\django\template\loader.py", line 62, in render_to_string
    return template.render(context, request)
           ^^^^^^^^^^^^^^^^^^^^^^^^^^^^^^^^^
  File "E:\myblog\.venv\Lib\site-packages\django\template\backends\django.py", line 107, in render
    return self.template.render(context)
           ^^^^^^^^^^^^^^^^^^^^^^^^^^^^^
  File "E:\myblog\.venv\Lib\site-packages\django\template\base.py", line 172, in render
    return self._render(context)
           ^^^^^^^^^^^^^^^^^^^^^
  File "E:\myblog\.venv\Lib\site-packages\django\test\utils.py", line 114, in instrumented_test_render
    return self.nodelist.render(context)
           ^^^^^^^^^^^^^^^^^^^^^^^^^^^^^
  File "E:\myblog\.venv\Lib\site-packages\django\template\base.py", line 1018, in render
    return SafeString("".join([node.render_annotated(context) for node in self]))
                              ^^^^^^^^^^^^^^^^^^^^^^^^^^^^^^^^^^^^^^^^^^^^^^^^^
  File "E:\myblog\.venv\Lib\site-packages\django\template\base.py", line 1018, in <listcomp>
    return SafeString("".join([node.render_annotated(context) for node in self]))
                               ^^^^^^^^^^^^^^^^^^^^^^^^^^^^^^
  File "E:\myblog\.venv\Lib\site-packages\django\template\base.py", line 979, in render_annotated
    return self.render(context)
           ^^^^^^^^^^^^^^^^^^^^
  File "E:\myblog\.venv\Lib\site-packages\django\template\loader_tags.py", line 159, in render
    return compiled_parent._render(context)
           ^^^^^^^^^^^^^^^^^^^^^^^^^^^^^^^^
  File "E:\myblog\.venv\Lib\site-packages\django\test\utils.py", line 114, in instrumented_test_render
    return self.nodelist.render(context)
           ^^^^^^^^^^^^^^^^^^^^^^^^^^^^^
  File "E:\myblog\.venv\Lib\site-packages\django\template\base.py", line 1018, in render
    return SafeString("".join([node.render_annotated(context) for node in self]))
                              ^^^^^^^^^^^^^^^^^^^^^^^^^^^^^^^^^^^^^^^^^^^^^^^^^
  File "E:\myblog\.venv\Lib\site-packages\django\template\base.py", line 1018, in <listcomp>
    return SafeString("".join([node.render_annotated(context) for node in self]))
                               ^^^^^^^^^^^^^^^^^^^^^^^^^^^^^^
  File "E:\myblog\.venv\Lib\site-packages\django\template\base.py", line 979, in render_annotated
    return self.render(context)
           ^^^^^^^^^^^^^^^^^^^^
  File "E:\myblog\.venv\Lib\site-packages\django\template\loader_tags.py", line 65, in render
    result = block.nodelist.render(context)
             ^^^^^^^^^^^^^^^^^^^^^^^^^^^^^^
  File "E:\myblog\.venv\Lib\site-packages\django\template\base.py", line 1018, in render
    return SafeString("".join([node.render_annotated(context) for node in self]))
                              ^^^^^^^^^^^^^^^^^^^^^^^^^^^^^^^^^^^^^^^^^^^^^^^^^
  File "E:\myblog\.venv\Lib\site-packages\django\template\base.py", line 1018, in <listcomp>
    return SafeString("".join([node.render_annotated(context) for node in self]))
                               ^^^^^^^^^^^^^^^^^^^^^^^^^^^^^^
  File "E:\myblog\.venv\Lib\site-packages\django\template\base.py", line 979, in render_annotated
    return self.render(context)
           ^^^^^^^^^^^^^^^^^^^^
  File "E:\myblog\.venv\Lib\site-packages\django\template\loader_tags.py", line 199, in render
    template = context.template.engine.select_template(template_name)
               ^^^^^^^^^^^^^^^^^^^^^^^^^^^^^^^^^^^^^^^^^^^^^^^^^^^^^^
  File "E:\myblog\.venv\Lib\site-packages\django\template\engine.py", line 208, in select_template
    return self.get_template(template_name)
           ^^^^^^^^^^^^^^^^^^^^^^^^^^^^^^^^
  File "E:\myblog\.venv\Lib\site-packages\django\template\engine.py", line 177, in get_template
    template, origin = self.find_template(template_name)
                       ^^^^^^^^^^^^^^^^^^^^^^^^^^^^^^^^^
  File "E:\myblog\.venv\Lib\site-packages\django\template\engine.py", line 159, in find_template
    template = loader.get_template(name, skip=skip)
               ^^^^^^^^^^^^^^^^^^^^^^^^^^^^^^^^^^^^
  File "E:\myblog\.venv\Lib\site-packages\django\template\loaders\cached.py", line 57, in get_template
    template = super().get_template(template_name, skip)
               ^^^^^^^^^^^^^^^^^^^^^^^^^^^^^^^^^^^^^^^^^
  File "E:\myblog\.venv\Lib\site-packages\django\template\loaders\base.py", line 28, in get_template
    return Template(
           ^^^^^^^^^
  File "E:\myblog\.venv\Lib\site-packages\django\template\base.py", line 155, in __init__
    self.nodelist = self.compile_nodelist()
                    ^^^^^^^^^^^^^^^^^^^^^^^
  File "E:\myblog\.venv\Lib\site-packages\django\template\base.py", line 197, in compile_nodelist
    nodelist = parser.parse()
               ^^^^^^^^^^^^^^
  File "E:\myblog\.venv\Lib\site-packages\django\template\base.py", line 519, in parse
    raise self.error(token, e)
  File "E:\myblog\.venv\Lib\site-packages\django\template\base.py", line 517, in parse
    compiled_result = compile_func(self, token)
                      ^^^^^^^^^^^^^^^^^^^^^^^^^
  File "E:\myblog\.venv\Lib\site-packages\django\template\defaulttags.py", line 862, in do_for
    nodelist_loop = parser.parse(
                    ^^^^^^^^^^^^^
  File "E:\myblog\.venv\Lib\site-packages\django\template\base.py", line 519, in parse
    raise self.error(token, e)
  File "E:\myblog\.venv\Lib\site-packages\django\template\base.py", line 517, in parse
    compiled_result = compile_func(self, token)
                      ^^^^^^^^^^^^^^^^^^^^^^^^^
  File "E:\myblog\.venv\Lib\site-packages\django\template\defaulttags.py", line 976, in do_if
    nodelist = parser.parse(("endif",))
               ^^^^^^^^^^^^^^^^^^^^^^^^
  File "E:\myblog\.venv\Lib\site-packages\django\template\base.py", line 513, in parse
    self.invalid_block_tag(token, command, parse_until)
  File "E:\myblog\.venv\Lib\site-packages\django\template\base.py", line 568, in invalid_block_tag
    raise self.error(
django.template.exceptions.TemplateSyntaxError: Invalid block tag on line 6: 'static', expected 'endif'. Did you forget to register or load this tag?
"GET /users/profile/ HTTP/1.1" 500 273306
Watching for file changes with StatReloader
"GET / HTTP/1.1" 200 17754
Internal Server Error: /users/profile/
Traceback (most recent call last):
  File "E:\myblog\.venv\Lib\site-packages\django\template\base.py", line 511, in parse
    compile_func = self.tags[command]
                   ~~~~~~~~~^^^^^^^^^
KeyError: 'static'

During handling of the above exception, another exception occurred:

Traceback (most recent call last):
  File "E:\myblog\.venv\Lib\site-packages\django\core\handlers\exception.py", line 55, in inner
    response = get_response(request)
               ^^^^^^^^^^^^^^^^^^^^^
  File "E:\myblog\.venv\Lib\site-packages\django\core\handlers\base.py", line 197, in _get_response
    response = wrapped_callback(request, *callback_args, **callback_kwargs)
               ^^^^^^^^^^^^^^^^^^^^^^^^^^^^^^^^^^^^^^^^^^^^^^^^^^^^^^^^^^^^
  File "E:\myblog\.venv\Lib\site-packages\django\contrib\auth\decorators.py", line 59, in _view_wrapper
    return view_func(request, *args, **kwargs)
           ^^^^^^^^^^^^^^^^^^^^^^^^^^^^^^^^^^^
  File "E:\myblog\users\views.py", line 26, in profile
    return render(request, 'users/profile.html', context)
           ^^^^^^^^^^^^^^^^^^^^^^^^^^^^^^^^^^^^^^^^^^^^^^
  File "E:\myblog\.venv\Lib\site-packages\django\shortcuts.py", line 25, in render
    content = loader.render_to_string(template_name, context, request, using=using)
              ^^^^^^^^^^^^^^^^^^^^^^^^^^^^^^^^^^^^^^^^^^^^^^^^^^^^^^^^^^^^^^^^^^^^^
  File "E:\myblog\.venv\Lib\site-packages\django\template\loader.py", line 62, in render_to_string
    return template.render(context, request)
           ^^^^^^^^^^^^^^^^^^^^^^^^^^^^^^^^^
  File "E:\myblog\.venv\Lib\site-packages\django\template\backends\django.py", line 107, in render
    return self.template.render(context)
           ^^^^^^^^^^^^^^^^^^^^^^^^^^^^^
  File "E:\myblog\.venv\Lib\site-packages\django\template\base.py", line 172, in render
    return self._render(context)
           ^^^^^^^^^^^^^^^^^^^^^
  File "E:\myblog\.venv\Lib\site-packages\django\test\utils.py", line 114, in instrumented_test_render
    return self.nodelist.render(context)
           ^^^^^^^^^^^^^^^^^^^^^^^^^^^^^
  File "E:\myblog\.venv\Lib\site-packages\django\template\base.py", line 1018, in render
    return SafeString("".join([node.render_annotated(context) for node in self]))
                              ^^^^^^^^^^^^^^^^^^^^^^^^^^^^^^^^^^^^^^^^^^^^^^^^^
  File "E:\myblog\.venv\Lib\site-packages\django\template\base.py", line 1018, in <listcomp>
    return SafeString("".join([node.render_annotated(context) for node in self]))
                               ^^^^^^^^^^^^^^^^^^^^^^^^^^^^^^
  File "E:\myblog\.venv\Lib\site-packages\django\template\base.py", line 979, in render_annotated
    return self.render(context)
           ^^^^^^^^^^^^^^^^^^^^
  File "E:\myblog\.venv\Lib\site-packages\django\template\loader_tags.py", line 159, in render
    return compiled_parent._render(context)
           ^^^^^^^^^^^^^^^^^^^^^^^^^^^^^^^^
  File "E:\myblog\.venv\Lib\site-packages\django\test\utils.py", line 114, in instrumented_test_render
    return self.nodelist.render(context)
           ^^^^^^^^^^^^^^^^^^^^^^^^^^^^^
  File "E:\myblog\.venv\Lib\site-packages\django\template\base.py", line 1018, in render
    return SafeString("".join([node.render_annotated(context) for node in self]))
                              ^^^^^^^^^^^^^^^^^^^^^^^^^^^^^^^^^^^^^^^^^^^^^^^^^
  File "E:\myblog\.venv\Lib\site-packages\django\template\base.py", line 1018, in <listcomp>
    return SafeString("".join([node.render_annotated(context) for node in self]))
                               ^^^^^^^^^^^^^^^^^^^^^^^^^^^^^^
  File "E:\myblog\.venv\Lib\site-packages\django\template\base.py", line 979, in render_annotated
    return self.render(context)
           ^^^^^^^^^^^^^^^^^^^^
  File "E:\myblog\.venv\Lib\site-packages\django\template\loader_tags.py", line 65, in render
    result = block.nodelist.render(context)
             ^^^^^^^^^^^^^^^^^^^^^^^^^^^^^^
  File "E:\myblog\.venv\Lib\site-packages\django\template\base.py", line 1018, in render
    return SafeString("".join([node.render_annotated(context) for node in self]))
                              ^^^^^^^^^^^^^^^^^^^^^^^^^^^^^^^^^^^^^^^^^^^^^^^^^
  File "E:\myblog\.venv\Lib\site-packages\django\template\base.py", line 1018, in <listcomp>
    return SafeString("".join([node.render_annotated(context) for node in self]))
                               ^^^^^^^^^^^^^^^^^^^^^^^^^^^^^^
  File "E:\myblog\.venv\Lib\site-packages\django\template\base.py", line 979, in render_annotated
    return self.render(context)
           ^^^^^^^^^^^^^^^^^^^^
  File "E:\myblog\.venv\Lib\site-packages\django\template\loader_tags.py", line 199, in render
    template = context.template.engine.select_template(template_name)
               ^^^^^^^^^^^^^^^^^^^^^^^^^^^^^^^^^^^^^^^^^^^^^^^^^^^^^^
  File "E:\myblog\.venv\Lib\site-packages\django\template\engine.py", line 208, in select_template
    return self.get_template(template_name)
           ^^^^^^^^^^^^^^^^^^^^^^^^^^^^^^^^
  File "E:\myblog\.venv\Lib\site-packages\django\template\engine.py", line 177, in get_template
    template, origin = self.find_template(template_name)
                       ^^^^^^^^^^^^^^^^^^^^^^^^^^^^^^^^^
  File "E:\myblog\.venv\Lib\site-packages\django\template\engine.py", line 159, in find_template
    template = loader.get_template(name, skip=skip)
               ^^^^^^^^^^^^^^^^^^^^^^^^^^^^^^^^^^^^
  File "E:\myblog\.venv\Lib\site-packages\django\template\loaders\cached.py", line 57, in get_template
    template = super().get_template(template_name, skip)
               ^^^^^^^^^^^^^^^^^^^^^^^^^^^^^^^^^^^^^^^^^
  File "E:\myblog\.venv\Lib\site-packages\django\template\loaders\base.py", line 28, in get_template
    return Template(
           ^^^^^^^^^
  File "E:\myblog\.venv\Lib\site-packages\django\template\base.py", line 155, in __init__
    self.nodelist = self.compile_nodelist()
                    ^^^^^^^^^^^^^^^^^^^^^^^
  File "E:\myblog\.venv\Lib\site-packages\django\template\base.py", line 197, in compile_nodelist
    nodelist = parser.parse()
               ^^^^^^^^^^^^^^
  File "E:\myblog\.venv\Lib\site-packages\django\template\base.py", line 519, in parse
    raise self.error(token, e)
  File "E:\myblog\.venv\Lib\site-packages\django\template\base.py", line 517, in parse
    compiled_result = compile_func(self, token)
                      ^^^^^^^^^^^^^^^^^^^^^^^^^
  File "E:\myblog\.venv\Lib\site-packages\django\template\defaulttags.py", line 862, in do_for
    nodelist_loop = parser.parse(
                    ^^^^^^^^^^^^^
  File "E:\myblog\.venv\Lib\site-packages\django\template\base.py", line 519, in parse
    raise self.error(token, e)
  File "E:\myblog\.venv\Lib\site-packages\django\template\base.py", line 517, in parse
    compiled_result = compile_func(self, token)
                      ^^^^^^^^^^^^^^^^^^^^^^^^^
  File "E:\myblog\.venv\Lib\site-packages\django\template\defaulttags.py", line 976, in do_if
    nodelist = parser.parse(("endif",))
               ^^^^^^^^^^^^^^^^^^^^^^^^
  File "E:\myblog\.venv\Lib\site-packages\django\template\base.py", line 513, in parse
    self.invalid_block_tag(token, command, parse_until)
  File "E:\myblog\.venv\Lib\site-packages\django\template\base.py", line 568, in invalid_block_tag
    raise self.error(
django.template.exceptions.TemplateSyntaxError: Invalid block tag on line 6: 'static', expected 'endif'. Did you forget to register or load this tag?
"GET /users/profile/ HTTP/1.1" 500 273306
Watching for file changes with StatReloader
"GET / HTTP/1.1" 200 17755
"GET /users/profile/ HTTP/1.1" 200 18678
"GET /static/images/default-avatar.png HTTP/1.1" 404 2002
"GET /users/profile/edit/ HTTP/1.1" 200 19211
"POST /users/profile/edit/ HTTP/1.1" 302 0
"GET /users/profile/ HTTP/1.1" 200 19026
"GET /media/avatars/IMG_20251120_135531.jpg HTTP/1.1" 200 653269
"GET /users/profile/edit/ HTTP/1.1" 200 19661
"GET / HTTP/1.1" 200 17752
"GET /users/profile/ HTTP/1.1" 200 18737
"GET /media/avatars/IMG_20251120_135531.jpg HTTP/1.1" 304 0
"GET / HTTP/1.1" 200 17752
Watching for file changes with StatReloader
Watching for file changes with StatReloader
Watching for file changes with StatReloader
E:\myblog\articles\urls.py changed, reloading.
Watching for file changes with StatReloader
Watching for file changes with StatReloader
E:\myblog\articles\urls.py changed, reloading.
Watching for file changes with StatReloader
Watching for file changes with StatReloader
E:\myblog\articles\urls.py changed, reloading.
Watching for file changes with StatReloader
"GET / HTTP/1.1" 200 17754
"GET /users/profile/ HTTP/1.1" 200 18737
"GET /static/debug_toolbar/js/toolbar.js HTTP/1.1" 304 0
"GET /static/debug_toolbar/css/toolbar.css HTTP/1.1" 304 0
"GET /static/debug_toolbar/css/print.css HTTP/1.1" 304 0
"GET /static/debug_toolbar/js/utils.js HTTP/1.1" 304 0
"GET /media/avatars/IMG_20251120_135531.jpg HTTP/1.1" 304 0
Not Found: /articles/create/
"GET /articles/create/ HTTP/1.1" 404 19129
"GET / HTTP/1.1" 200 18156
"GET / HTTP/1.1" 200 18156
"GET /?q=None HTTP/1.1" 200 18164
Watching for file changes with StatReloader
Internal Server Error: /
Traceback (most recent call last):
  File "E:\myblog\.venv\Lib\site-packages\django\core\handlers\exception.py", line 55, in inner
    response = get_response(request)
               ^^^^^^^^^^^^^^^^^^^^^
  File "E:\myblog\.venv\Lib\site-packages\django\core\handlers\base.py", line 197, in _get_response
    response = wrapped_callback(request, *callback_args, **callback_kwargs)
               ^^^^^^^^^^^^^^^^^^^^^^^^^^^^^^^^^^^^^^^^^^^^^^^^^^^^^^^^^^^^
  File "E:\myblog\articles\views.py", line 53, in article_list
    return render(request, 'articles/article_list.html', context)
           ^^^^^^^^^^^^^^^^^^^^^^^^^^^^^^^^^^^^^^^^^^^^^^^^^^^^^^
  File "E:\myblog\.venv\Lib\site-packages\django\shortcuts.py", line 25, in render
    content = loader.render_to_string(template_name, context, request, using=using)
              ^^^^^^^^^^^^^^^^^^^^^^^^^^^^^^^^^^^^^^^^^^^^^^^^^^^^^^^^^^^^^^^^^^^^^
  File "E:\myblog\.venv\Lib\site-packages\django\template\loader.py", line 62, in render_to_string
    return template.render(context, request)
           ^^^^^^^^^^^^^^^^^^^^^^^^^^^^^^^^^
  File "E:\myblog\.venv\Lib\site-packages\django\template\backends\django.py", line 107, in render
    return self.template.render(context)
           ^^^^^^^^^^^^^^^^^^^^^^^^^^^^^
  File "E:\myblog\.venv\Lib\site-packages\django\template\base.py", line 172, in render
    return self._render(context)
           ^^^^^^^^^^^^^^^^^^^^^
  File "E:\myblog\.venv\Lib\site-packages\django\test\utils.py", line 114, in instrumented_test_render
    return self.nodelist.render(context)
           ^^^^^^^^^^^^^^^^^^^^^^^^^^^^^
  File "E:\myblog\.venv\Lib\site-packages\django\template\base.py", line 1018, in render
    return SafeString("".join([node.render_annotated(context) for node in self]))
                              ^^^^^^^^^^^^^^^^^^^^^^^^^^^^^^^^^^^^^^^^^^^^^^^^^
  File "E:\myblog\.venv\Lib\site-packages\django\template\base.py", line 1018, in <listcomp>
    return SafeString("".join([node.render_annotated(context) for node in self]))
                               ^^^^^^^^^^^^^^^^^^^^^^^^^^^^^^
  File "E:\myblog\.venv\Lib\site-packages\django\template\base.py", line 979, in render_annotated
    return self.render(context)
           ^^^^^^^^^^^^^^^^^^^^
  File "E:\myblog\.venv\Lib\site-packages\django\template\loader_tags.py", line 159, in render
    return compiled_parent._render(context)
           ^^^^^^^^^^^^^^^^^^^^^^^^^^^^^^^^
  File "E:\myblog\.venv\Lib\site-packages\django\test\utils.py", line 114, in instrumented_test_render
    return self.nodelist.render(context)
           ^^^^^^^^^^^^^^^^^^^^^^^^^^^^^
  File "E:\myblog\.venv\Lib\site-packages\django\template\base.py", line 1018, in render
    return SafeString("".join([node.render_annotated(context) for node in self]))
                              ^^^^^^^^^^^^^^^^^^^^^^^^^^^^^^^^^^^^^^^^^^^^^^^^^
  File "E:\myblog\.venv\Lib\site-packages\django\template\base.py", line 1018, in <listcomp>
    return SafeString("".join([node.render_annotated(context) for node in self]))
                               ^^^^^^^^^^^^^^^^^^^^^^^^^^^^^^
  File "E:\myblog\.venv\Lib\site-packages\django\template\base.py", line 979, in render_annotated
    return self.render(context)
           ^^^^^^^^^^^^^^^^^^^^
  File "E:\myblog\.venv\Lib\site-packages\django\template\loader_tags.py", line 65, in render
    result = block.nodelist.render(context)
             ^^^^^^^^^^^^^^^^^^^^^^^^^^^^^^
  File "E:\myblog\.venv\Lib\site-packages\django\template\base.py", line 1018, in render
    return SafeString("".join([node.render_annotated(context) for node in self]))
                              ^^^^^^^^^^^^^^^^^^^^^^^^^^^^^^^^^^^^^^^^^^^^^^^^^
  File "E:\myblog\.venv\Lib\site-packages\django\template\base.py", line 1018, in <listcomp>
    return SafeString("".join([node.render_annotated(context) for node in self]))
                               ^^^^^^^^^^^^^^^^^^^^^^^^^^^^^^
  File "E:\myblog\.venv\Lib\site-packages\django\template\base.py", line 979, in render_annotated
    return self.render(context)
           ^^^^^^^^^^^^^^^^^^^^
  File "E:\myblog\.venv\Lib\site-packages\django\template\defaulttags.py", line 480, in render
    url = reverse(view_name, args=args, kwargs=kwargs, current_app=current_app)
          ^^^^^^^^^^^^^^^^^^^^^^^^^^^^^^^^^^^^^^^^^^^^^^^^^^^^^^^^^^^^^^^^^^^^^
  File "E:\myblog\.venv\Lib\site-packages\django\urls\base.py", line 98, in reverse
    resolved_url = resolver._reverse_with_prefix(view, prefix, *args, **kwargs)
                   ^^^^^^^^^^^^^^^^^^^^^^^^^^^^^^^^^^^^^^^^^^^^^^^^^^^^^^^^^^^^
  File "E:\myblog\.venv\Lib\site-packages\django\urls\resolvers.py", line 831, in _reverse_with_prefix
    raise NoReverseMatch(msg)
django.urls.exceptions.NoReverseMatch: Reverse for 'create_article' not found. 'create_article' is not a valid view function or pattern name.
"GET / HTTP/1.1" 500 190773
Watching for file changes with StatReloader
"GET / HTTP/1.1" 200 18237
"GET /create/ HTTP/1.1" 200 18991
Watching for file changes with StatReloader
"GET / HTTP/1.1" 200 18239
"GET /static/css/style.css HTTP/1.1" 304 0
"GET /static/debug_toolbar/css/toolbar.css HTTP/1.1" 304 0
"GET /static/debug_toolbar/js/toolbar.js HTTP/1.1" 304 0
"GET /static/debug_toolbar/css/print.css HTTP/1.1" 304 0
"GET /static/debug_toolbar/js/utils.js HTTP/1.1" 304 0
"GET /create/ HTTP/1.1" 200 18991
"GET /accounts/logout/ HTTP/1.1" 200 0
"GET /accounts/logout/ HTTP/1.1" 200 0
"GET /accounts/ HTTP/1.1" 200 14722
"GET /static/debug_toolbar/js/redirect.js HTTP/1.1" 200 48
"GET /accounts/email/ HTTP/1.1" 200 18448
"GET /static/account/js/account.js HTTP/1.1" 200 437
"GET /static/account/js/onload.js HTTP/1.1" 200 495
"GET /accounts/logout/ HTTP/1.1" 200 0
"GET / HTTP/1.1" 200 18237
"GET /accounts/logout/ HTTP/1.1" 200 0
"GET /accounts/login/ HTTP/1.1" 200 14721
"GET /users/profile/ HTTP/1.1" 200 19140
"GET /media/avatars/IMG_20251120_135531.jpg HTTP/1.1" 304 0
"GET /accounts/logout/ HTTP/1.1" 200 0
Watching for file changes with StatReloader
"GET / HTTP/1.1" 200 18264
"GET /static/debug_toolbar/css/toolbar.css HTTP/1.1" 304 0
"GET /static/debug_toolbar/js/toolbar.js HTTP/1.1" 304 0
"GET /static/css/themes/theme-default.css HTTP/1.1" 200 174
"GET /static/debug_toolbar/css/print.css HTTP/1.1" 304 0
"GET /static/debug_toolbar/js/utils.js HTTP/1.1" 304 0
"GET / HTTP/1.1" 200 18263
"GET /create/ HTTP/1.1" 200 20160
"POST /create/ HTTP/1.1" 200 14697
"GET /static/debug_toolbar/js/redirect.js HTTP/1.1" 304 0
Internal Server Error: /create/
Traceback (most recent call last):
  File "E:\myblog\.venv\Lib\site-packages\django\db\backends\utils.py", line 105, in _execute
    return self.cursor.execute(sql, params)
           ^^^^^^^^^^^^^^^^^^^^^^^^^^^^^^^^
  File "E:\myblog\.venv\Lib\site-packages\django\db\backends\mysql\base.py", line 76, in execute
    return self.cursor.execute(query, args)
           ^^^^^^^^^^^^^^^^^^^^^^^^^^^^^^^^
  File "E:\myblog\.venv\Lib\site-packages\MySQLdb\cursors.py", line 179, in execute
    res = self._query(mogrified_query)
          ^^^^^^^^^^^^^^^^^^^^^^^^^^^^
  File "E:\myblog\.venv\Lib\site-packages\MySQLdb\cursors.py", line 330, in _query
    db.query(q)
  File "E:\myblog\.venv\Lib\site-packages\MySQLdb\connections.py", line 280, in query
    _mysql.connection.query(self, query)
MySQLdb.IntegrityError: (1062, "Duplicate entry '01' for key 'articles_article.slug'")

The above exception was the direct cause of the following exception:

Traceback (most recent call last):
  File "E:\myblog\.venv\Lib\site-packages\django\core\handlers\exception.py", line 55, in inner
    response = get_response(request)
               ^^^^^^^^^^^^^^^^^^^^^
  File "E:\myblog\.venv\Lib\site-packages\django\core\handlers\base.py", line 197, in _get_response
    response = wrapped_callback(request, *callback_args, **callback_kwargs)
               ^^^^^^^^^^^^^^^^^^^^^^^^^^^^^^^^^^^^^^^^^^^^^^^^^^^^^^^^^^^^
  File "E:\myblog\.venv\Lib\site-packages\django\contrib\auth\decorators.py", line 59, in _view_wrapper
    return view_func(request, *args, **kwargs)
           ^^^^^^^^^^^^^^^^^^^^^^^^^^^^^^^^^^^
  File "E:\myblog\articles\views.py", line 80, in create_article
    article.save()
  File "E:\myblog\articles\models.py", line 79, in save
    super().save(*args, **kwargs)
  File "E:\myblog\.venv\Lib\site-packages\django\db\models\base.py", line 902, in save
    self.save_base(
  File "E:\myblog\.venv\Lib\site-packages\django\db\models\base.py", line 1008, in save_base
    updated = self._save_table(
              ^^^^^^^^^^^^^^^^^
  File "E:\myblog\.venv\Lib\site-packages\django\db\models\base.py", line 1169, in _save_table
    results = self._do_insert(
              ^^^^^^^^^^^^^^^^
  File "E:\myblog\.venv\Lib\site-packages\django\db\models\base.py", line 1210, in _do_insert
    return manager._insert(
           ^^^^^^^^^^^^^^^^
  File "E:\myblog\.venv\Lib\site-packages\django\db\models\manager.py", line 87, in manager_method
    return getattr(self.get_queryset(), name)(*args, **kwargs)
           ^^^^^^^^^^^^^^^^^^^^^^^^^^^^^^^^^^^^^^^^^^^^^^^^^^^
  File "E:\myblog\.venv\Lib\site-packages\django\db\models\query.py", line 1873, in _insert
    return query.get_compiler(using=using).execute_sql(returning_fields)
           ^^^^^^^^^^^^^^^^^^^^^^^^^^^^^^^^^^^^^^^^^^^^^^^^^^^^^^^^^^^^^
  File "E:\myblog\.venv\Lib\site-packages\django\db\models\sql\compiler.py", line 1882, in execute_sql
    cursor.execute(sql, params)
  File "E:\myblog\.venv\Lib\site-packages\debug_toolbar\panels\sql\tracking.py", line 231, in execute
    return self._record(super().execute, sql, params)
           ^^^^^^^^^^^^^^^^^^^^^^^^^^^^^^^^^^^^^^^^^^
  File "E:\myblog\.venv\Lib\site-packages\debug_toolbar\panels\sql\tracking.py", line 157, in _record
    return method(sql, params)
           ^^^^^^^^^^^^^^^^^^^
  File "E:\myblog\.venv\Lib\site-packages\django\db\backends\utils.py", line 122, in execute
    return super().execute(sql, params)
           ^^^^^^^^^^^^^^^^^^^^^^^^^^^^
  File "E:\myblog\.venv\Lib\site-packages\django\db\backends\utils.py", line 79, in execute
    return self._execute_with_wrappers(
           ^^^^^^^^^^^^^^^^^^^^^^^^^^^^
  File "E:\myblog\.venv\Lib\site-packages\django\db\backends\utils.py", line 92, in _execute_with_wrappers
    return executor(sql, params, many, context)
           ^^^^^^^^^^^^^^^^^^^^^^^^^^^^^^^^^^^^
  File "E:\myblog\.venv\Lib\site-packages\django\db\backends\utils.py", line 100, in _execute
    with self.db.wrap_database_errors:
  File "E:\myblog\.venv\Lib\site-packages\django\db\utils.py", line 91, in __exit__
    raise dj_exc_value.with_traceback(traceback) from exc_value
  File "E:\myblog\.venv\Lib\site-packages\django\db\backends\utils.py", line 105, in _execute
    return self.cursor.execute(sql, params)
           ^^^^^^^^^^^^^^^^^^^^^^^^^^^^^^^^
  File "E:\myblog\.venv\Lib\site-packages\django\db\backends\mysql\base.py", line 76, in execute
    return self.cursor.execute(query, args)
           ^^^^^^^^^^^^^^^^^^^^^^^^^^^^^^^^
  File "E:\myblog\.venv\Lib\site-packages\MySQLdb\cursors.py", line 179, in execute
    res = self._query(mogrified_query)
          ^^^^^^^^^^^^^^^^^^^^^^^^^^^^
  File "E:\myblog\.venv\Lib\site-packages\MySQLdb\cursors.py", line 330, in _query
    db.query(q)
  File "E:\myblog\.venv\Lib\site-packages\MySQLdb\connections.py", line 280, in query
    _mysql.connection.query(self, query)
django.db.utils.IntegrityError: (1062, "Duplicate entry '01' for key 'articles_article.slug'")
- Broken pipe from ('127.0.0.1', 64190)
Internal Server Error: /01/
Traceback (most recent call last):
  File "E:\myblog\.venv\Lib\site-packages\django\template\defaulttags.py", line 1035, in find_library
    return parser.libraries[name]
           ~~~~~~~~~~~~~~~~^^^^^^
KeyError: 'markdownx'

During handling of the above exception, another exception occurred:

Traceback (most recent call last):
  File "E:\myblog\.venv\Lib\site-packages\django\core\handlers\exception.py", line 55, in inner
    response = get_response(request)
               ^^^^^^^^^^^^^^^^^^^^^
  File "E:\myblog\.venv\Lib\site-packages\django\core\handlers\base.py", line 197, in _get_response
    response = wrapped_callback(request, *callback_args, **callback_kwargs)
               ^^^^^^^^^^^^^^^^^^^^^^^^^^^^^^^^^^^^^^^^^^^^^^^^^^^^^^^^^^^^
  File "E:\myblog\articles\views.py", line 69, in article_detail
    return render(request, 'articles/article_detail.html', context)
           ^^^^^^^^^^^^^^^^^^^^^^^^^^^^^^^^^^^^^^^^^^^^^^^^^^^^^^^^
  File "E:\myblog\.venv\Lib\site-packages\django\shortcuts.py", line 25, in render
    content = loader.render_to_string(template_name, context, request, using=using)
              ^^^^^^^^^^^^^^^^^^^^^^^^^^^^^^^^^^^^^^^^^^^^^^^^^^^^^^^^^^^^^^^^^^^^^
  File "E:\myblog\.venv\Lib\site-packages\django\template\loader.py", line 61, in render_to_string
    template = get_template(template_name, using=using)
               ^^^^^^^^^^^^^^^^^^^^^^^^^^^^^^^^^^^^^^^^
  File "E:\myblog\.venv\Lib\site-packages\django\template\loader.py", line 15, in get_template
    return engine.get_template(template_name)
           ^^^^^^^^^^^^^^^^^^^^^^^^^^^^^^^^^^
  File "E:\myblog\.venv\Lib\site-packages\django\template\backends\django.py", line 79, in get_template
    return Template(self.engine.get_template(template_name), self)
                    ^^^^^^^^^^^^^^^^^^^^^^^^^^^^^^^^^^^^^^^
  File "E:\myblog\.venv\Lib\site-packages\django\template\engine.py", line 177, in get_template
    template, origin = self.find_template(template_name)
                       ^^^^^^^^^^^^^^^^^^^^^^^^^^^^^^^^^
  File "E:\myblog\.venv\Lib\site-packages\django\template\engine.py", line 159, in find_template
    template = loader.get_template(name, skip=skip)
               ^^^^^^^^^^^^^^^^^^^^^^^^^^^^^^^^^^^^
  File "E:\myblog\.venv\Lib\site-packages\django\template\loaders\cached.py", line 57, in get_template
    template = super().get_template(template_name, skip)
               ^^^^^^^^^^^^^^^^^^^^^^^^^^^^^^^^^^^^^^^^^
  File "E:\myblog\.venv\Lib\site-packages\django\template\loaders\base.py", line 28, in get_template
    return Template(
           ^^^^^^^^^
  File "E:\myblog\.venv\Lib\site-packages\django\template\base.py", line 155, in __init__
    self.nodelist = self.compile_nodelist()
                    ^^^^^^^^^^^^^^^^^^^^^^^
  File "E:\myblog\.venv\Lib\site-packages\django\template\base.py", line 197, in compile_nodelist
    nodelist = parser.parse()
               ^^^^^^^^^^^^^^
  File "E:\myblog\.venv\Lib\site-packages\django\template\base.py", line 519, in parse
    raise self.error(token, e)
  File "E:\myblog\.venv\Lib\site-packages\django\template\base.py", line 517, in parse
    compiled_result = compile_func(self, token)
                      ^^^^^^^^^^^^^^^^^^^^^^^^^
  File "E:\myblog\.venv\Lib\site-packages\django\template\loader_tags.py", line 299, in do_extends
    nodelist = parser.parse()
               ^^^^^^^^^^^^^^
  File "E:\myblog\.venv\Lib\site-packages\django\template\base.py", line 519, in parse
    raise self.error(token, e)
  File "E:\myblog\.venv\Lib\site-packages\django\template\base.py", line 517, in parse
    compiled_result = compile_func(self, token)
                      ^^^^^^^^^^^^^^^^^^^^^^^^^
  File "E:\myblog\.venv\Lib\site-packages\django\template\defaulttags.py", line 1097, in load
    lib = find_library(parser, name)
          ^^^^^^^^^^^^^^^^^^^^^^^^^^
  File "E:\myblog\.venv\Lib\site-packages\django\template\defaulttags.py", line 1037, in find_library
    raise TemplateSyntaxError(
django.template.exceptions.TemplateSyntaxError: 'markdownx' is not a registered tag library. Must be one of:
account
admin_list
admin_modify
admin_urls
allauth
cache
highlight
i18n
l10n
log
more_like_this
socialaccount
static
tz
"GET /01/ HTTP/1.1" 500 256248
"GET /create/ HTTP/1.1" 200 20446
"GET / HTTP/1.1" 200 18263
"GET /static/css/themes/theme-default.css HTTP/1.1" 304 0
"GET /create/ HTTP/1.1" 200 20160
Internal Server Error: /create/
Traceback (most recent call last):
  File "E:\myblog\.venv\Lib\site-packages\django\db\backends\utils.py", line 105, in _execute
    return self.cursor.execute(sql, params)
           ^^^^^^^^^^^^^^^^^^^^^^^^^^^^^^^^
  File "E:\myblog\.venv\Lib\site-packages\django\db\backends\mysql\base.py", line 76, in execute
    return self.cursor.execute(query, args)
           ^^^^^^^^^^^^^^^^^^^^^^^^^^^^^^^^
  File "E:\myblog\.venv\Lib\site-packages\MySQLdb\cursors.py", line 179, in execute
    res = self._query(mogrified_query)
          ^^^^^^^^^^^^^^^^^^^^^^^^^^^^
  File "E:\myblog\.venv\Lib\site-packages\MySQLdb\cursors.py", line 330, in _query
    db.query(q)
  File "E:\myblog\.venv\Lib\site-packages\MySQLdb\connections.py", line 280, in query
    _mysql.connection.query(self, query)
MySQLdb.IntegrityError: (1062, "Duplicate entry '01' for key 'articles_article.slug'")

The above exception was the direct cause of the following exception:

Traceback (most recent call last):
  File "E:\myblog\.venv\Lib\site-packages\django\core\handlers\exception.py", line 55, in inner
    response = get_response(request)
               ^^^^^^^^^^^^^^^^^^^^^
  File "E:\myblog\.venv\Lib\site-packages\django\core\handlers\base.py", line 197, in _get_response
    response = wrapped_callback(request, *callback_args, **callback_kwargs)
               ^^^^^^^^^^^^^^^^^^^^^^^^^^^^^^^^^^^^^^^^^^^^^^^^^^^^^^^^^^^^
  File "E:\myblog\.venv\Lib\site-packages\django\contrib\auth\decorators.py", line 59, in _view_wrapper
    return view_func(request, *args, **kwargs)
           ^^^^^^^^^^^^^^^^^^^^^^^^^^^^^^^^^^^
  File "E:\myblog\articles\views.py", line 80, in create_article
    article.save()
  File "E:\myblog\articles\models.py", line 79, in save
    super().save(*args, **kwargs)
  File "E:\myblog\.venv\Lib\site-packages\django\db\models\base.py", line 902, in save
    self.save_base(
  File "E:\myblog\.venv\Lib\site-packages\django\db\models\base.py", line 1008, in save_base
    updated = self._save_table(
              ^^^^^^^^^^^^^^^^^
  File "E:\myblog\.venv\Lib\site-packages\django\db\models\base.py", line 1169, in _save_table
    results = self._do_insert(
              ^^^^^^^^^^^^^^^^
  File "E:\myblog\.venv\Lib\site-packages\django\db\models\base.py", line 1210, in _do_insert
    return manager._insert(
           ^^^^^^^^^^^^^^^^
  File "E:\myblog\.venv\Lib\site-packages\django\db\models\manager.py", line 87, in manager_method
    return getattr(self.get_queryset(), name)(*args, **kwargs)
           ^^^^^^^^^^^^^^^^^^^^^^^^^^^^^^^^^^^^^^^^^^^^^^^^^^^
  File "E:\myblog\.venv\Lib\site-packages\django\db\models\query.py", line 1873, in _insert
    return query.get_compiler(using=using).execute_sql(returning_fields)
           ^^^^^^^^^^^^^^^^^^^^^^^^^^^^^^^^^^^^^^^^^^^^^^^^^^^^^^^^^^^^^
  File "E:\myblog\.venv\Lib\site-packages\django\db\models\sql\compiler.py", line 1882, in execute_sql
    cursor.execute(sql, params)
  File "E:\myblog\.venv\Lib\site-packages\debug_toolbar\panels\sql\tracking.py", line 231, in execute
    return self._record(super().execute, sql, params)
           ^^^^^^^^^^^^^^^^^^^^^^^^^^^^^^^^^^^^^^^^^^
  File "E:\myblog\.venv\Lib\site-packages\debug_toolbar\panels\sql\tracking.py", line 157, in _record
    return method(sql, params)
           ^^^^^^^^^^^^^^^^^^^
  File "E:\myblog\.venv\Lib\site-packages\django\db\backends\utils.py", line 122, in execute
    return super().execute(sql, params)
           ^^^^^^^^^^^^^^^^^^^^^^^^^^^^
  File "E:\myblog\.venv\Lib\site-packages\django\db\backends\utils.py", line 79, in execute
    return self._execute_with_wrappers(
           ^^^^^^^^^^^^^^^^^^^^^^^^^^^^
  File "E:\myblog\.venv\Lib\site-packages\django\db\backends\utils.py", line 92, in _execute_with_wrappers
    return executor(sql, params, many, context)
           ^^^^^^^^^^^^^^^^^^^^^^^^^^^^^^^^^^^^
  File "E:\myblog\.venv\Lib\site-packages\django\db\backends\utils.py", line 100, in _execute
    with self.db.wrap_database_errors:
  File "E:\myblog\.venv\Lib\site-packages\django\db\utils.py", line 91, in __exit__
    raise dj_exc_value.with_traceback(traceback) from exc_value
  File "E:\myblog\.venv\Lib\site-packages\django\db\backends\utils.py", line 105, in _execute
    return self.cursor.execute(sql, params)
           ^^^^^^^^^^^^^^^^^^^^^^^^^^^^^^^^
  File "E:\myblog\.venv\Lib\site-packages\django\db\backends\mysql\base.py", line 76, in execute
    return self.cursor.execute(query, args)
           ^^^^^^^^^^^^^^^^^^^^^^^^^^^^^^^^
  File "E:\myblog\.venv\Lib\site-packages\MySQLdb\cursors.py", line 179, in execute
    res = self._query(mogrified_query)
          ^^^^^^^^^^^^^^^^^^^^^^^^^^^^
  File "E:\myblog\.venv\Lib\site-packages\MySQLdb\cursors.py", line 330, in _query
    db.query(q)
  File "E:\myblog\.venv\Lib\site-packages\MySQLdb\connections.py", line 280, in query
    _mysql.connection.query(self, query)
django.db.utils.IntegrityError: (1062, "Duplicate entry '01' for key 'articles_article.slug'")
"POST /create/ HTTP/1.1" 500 227247
Watching for file changes with StatReloader
"GET / HTTP/1.1" 200 18264
"GET /create/ HTTP/1.1" 200 20161
"POST /create/ HTTP/1.1" 200 14701
Watching for file changes with StatReloader
"GET / HTTP/1.1" 200 19407
Internal Server Error: /01-1/
Traceback (most recent call last):
  File "E:\myblog\.venv\Lib\site-packages\django\template\defaulttags.py", line 1035, in find_library
    return parser.libraries[name]
           ~~~~~~~~~~~~~~~~^^^^^^
KeyError: 'markdownx'

During handling of the above exception, another exception occurred:

Traceback (most recent call last):
  File "E:\myblog\.venv\Lib\site-packages\django\core\handlers\exception.py", line 55, in inner
    response = get_response(request)
               ^^^^^^^^^^^^^^^^^^^^^
  File "E:\myblog\.venv\Lib\site-packages\django\core\handlers\base.py", line 197, in _get_response
    response = wrapped_callback(request, *callback_args, **callback_kwargs)
               ^^^^^^^^^^^^^^^^^^^^^^^^^^^^^^^^^^^^^^^^^^^^^^^^^^^^^^^^^^^^
  File "E:\myblog\articles\views.py", line 69, in article_detail
    return render(request, 'articles/article_detail.html', context)
           ^^^^^^^^^^^^^^^^^^^^^^^^^^^^^^^^^^^^^^^^^^^^^^^^^^^^^^^^
  File "E:\myblog\.venv\Lib\site-packages\django\shortcuts.py", line 25, in render
    content = loader.render_to_string(template_name, context, request, using=using)
              ^^^^^^^^^^^^^^^^^^^^^^^^^^^^^^^^^^^^^^^^^^^^^^^^^^^^^^^^^^^^^^^^^^^^^
  File "E:\myblog\.venv\Lib\site-packages\django\template\loader.py", line 61, in render_to_string
    template = get_template(template_name, using=using)
               ^^^^^^^^^^^^^^^^^^^^^^^^^^^^^^^^^^^^^^^^
  File "E:\myblog\.venv\Lib\site-packages\django\template\loader.py", line 15, in get_template
    return engine.get_template(template_name)
           ^^^^^^^^^^^^^^^^^^^^^^^^^^^^^^^^^^
  File "E:\myblog\.venv\Lib\site-packages\django\template\backends\django.py", line 79, in get_template
    return Template(self.engine.get_template(template_name), self)
                    ^^^^^^^^^^^^^^^^^^^^^^^^^^^^^^^^^^^^^^^
  File "E:\myblog\.venv\Lib\site-packages\django\template\engine.py", line 177, in get_template
    template, origin = self.find_template(template_name)
                       ^^^^^^^^^^^^^^^^^^^^^^^^^^^^^^^^^
  File "E:\myblog\.venv\Lib\site-packages\django\template\engine.py", line 159, in find_template
    template = loader.get_template(name, skip=skip)
               ^^^^^^^^^^^^^^^^^^^^^^^^^^^^^^^^^^^^
  File "E:\myblog\.venv\Lib\site-packages\django\template\loaders\cached.py", line 57, in get_template
    template = super().get_template(template_name, skip)
               ^^^^^^^^^^^^^^^^^^^^^^^^^^^^^^^^^^^^^^^^^
  File "E:\myblog\.venv\Lib\site-packages\django\template\loaders\base.py", line 28, in get_template
    return Template(
           ^^^^^^^^^
  File "E:\myblog\.venv\Lib\site-packages\django\template\base.py", line 155, in __init__
    self.nodelist = self.compile_nodelist()
                    ^^^^^^^^^^^^^^^^^^^^^^^
  File "E:\myblog\.venv\Lib\site-packages\django\template\base.py", line 197, in compile_nodelist
    nodelist = parser.parse()
               ^^^^^^^^^^^^^^
  File "E:\myblog\.venv\Lib\site-packages\django\template\base.py", line 519, in parse
    raise self.error(token, e)
  File "E:\myblog\.venv\Lib\site-packages\django\template\base.py", line 517, in parse
    compiled_result = compile_func(self, token)
                      ^^^^^^^^^^^^^^^^^^^^^^^^^
  File "E:\myblog\.venv\Lib\site-packages\django\template\loader_tags.py", line 299, in do_extends
    nodelist = parser.parse()
               ^^^^^^^^^^^^^^
  File "E:\myblog\.venv\Lib\site-packages\django\template\base.py", line 519, in parse
    raise self.error(token, e)
  File "E:\myblog\.venv\Lib\site-packages\django\template\base.py", line 517, in parse
    compiled_result = compile_func(self, token)
                      ^^^^^^^^^^^^^^^^^^^^^^^^^
  File "E:\myblog\.venv\Lib\site-packages\django\template\defaulttags.py", line 1097, in load
    lib = find_library(parser, name)
          ^^^^^^^^^^^^^^^^^^^^^^^^^^
  File "E:\myblog\.venv\Lib\site-packages\django\template\defaulttags.py", line 1037, in find_library
    raise TemplateSyntaxError(
django.template.exceptions.TemplateSyntaxError: 'markdownx' is not a registered tag library. Must be one of:
account
admin_list
admin_modify
admin_urls
allauth
cache
highlight
i18n
l10n
log
more_like_this
socialaccount
static
tz
"GET /01-1/ HTTP/1.1" 500 255992
Internal Server Error: /01-1/
Traceback (most recent call last):
  File "E:\myblog\.venv\Lib\site-packages\django\template\defaulttags.py", line 1035, in find_library
    return parser.libraries[name]
           ~~~~~~~~~~~~~~~~^^^^^^
KeyError: 'markdownx'

During handling of the above exception, another exception occurred:

Traceback (most recent call last):
  File "E:\myblog\.venv\Lib\site-packages\django\core\handlers\exception.py", line 55, in inner
    response = get_response(request)
               ^^^^^^^^^^^^^^^^^^^^^
  File "E:\myblog\.venv\Lib\site-packages\django\core\handlers\base.py", line 197, in _get_response
    response = wrapped_callback(request, *callback_args, **callback_kwargs)
               ^^^^^^^^^^^^^^^^^^^^^^^^^^^^^^^^^^^^^^^^^^^^^^^^^^^^^^^^^^^^
  File "E:\myblog\articles\views.py", line 69, in article_detail
    return render(request, 'articles/article_detail.html', context)
           ^^^^^^^^^^^^^^^^^^^^^^^^^^^^^^^^^^^^^^^^^^^^^^^^^^^^^^^^
  File "E:\myblog\.venv\Lib\site-packages\django\shortcuts.py", line 25, in render
    content = loader.render_to_string(template_name, context, request, using=using)
              ^^^^^^^^^^^^^^^^^^^^^^^^^^^^^^^^^^^^^^^^^^^^^^^^^^^^^^^^^^^^^^^^^^^^^
  File "E:\myblog\.venv\Lib\site-packages\django\template\loader.py", line 61, in render_to_string
    template = get_template(template_name, using=using)
               ^^^^^^^^^^^^^^^^^^^^^^^^^^^^^^^^^^^^^^^^
  File "E:\myblog\.venv\Lib\site-packages\django\template\loader.py", line 15, in get_template
    return engine.get_template(template_name)
           ^^^^^^^^^^^^^^^^^^^^^^^^^^^^^^^^^^
  File "E:\myblog\.venv\Lib\site-packages\django\template\backends\django.py", line 79, in get_template
    return Template(self.engine.get_template(template_name), self)
                    ^^^^^^^^^^^^^^^^^^^^^^^^^^^^^^^^^^^^^^^
  File "E:\myblog\.venv\Lib\site-packages\django\template\engine.py", line 177, in get_template
    template, origin = self.find_template(template_name)
                       ^^^^^^^^^^^^^^^^^^^^^^^^^^^^^^^^^
  File "E:\myblog\.venv\Lib\site-packages\django\template\engine.py", line 159, in find_template
    template = loader.get_template(name, skip=skip)
               ^^^^^^^^^^^^^^^^^^^^^^^^^^^^^^^^^^^^
  File "E:\myblog\.venv\Lib\site-packages\django\template\loaders\cached.py", line 57, in get_template
    template = super().get_template(template_name, skip)
               ^^^^^^^^^^^^^^^^^^^^^^^^^^^^^^^^^^^^^^^^^
  File "E:\myblog\.venv\Lib\site-packages\django\template\loaders\base.py", line 28, in get_template
    return Template(
           ^^^^^^^^^
  File "E:\myblog\.venv\Lib\site-packages\django\template\base.py", line 155, in __init__
    self.nodelist = self.compile_nodelist()
                    ^^^^^^^^^^^^^^^^^^^^^^^
  File "E:\myblog\.venv\Lib\site-packages\django\template\base.py", line 197, in compile_nodelist
    nodelist = parser.parse()
               ^^^^^^^^^^^^^^
  File "E:\myblog\.venv\Lib\site-packages\django\template\base.py", line 519, in parse
    raise self.error(token, e)
  File "E:\myblog\.venv\Lib\site-packages\django\template\base.py", line 517, in parse
    compiled_result = compile_func(self, token)
                      ^^^^^^^^^^^^^^^^^^^^^^^^^
  File "E:\myblog\.venv\Lib\site-packages\django\template\loader_tags.py", line 299, in do_extends
    nodelist = parser.parse()
               ^^^^^^^^^^^^^^
  File "E:\myblog\.venv\Lib\site-packages\django\template\base.py", line 519, in parse
    raise self.error(token, e)
  File "E:\myblog\.venv\Lib\site-packages\django\template\base.py", line 517, in parse
    compiled_result = compile_func(self, token)
                      ^^^^^^^^^^^^^^^^^^^^^^^^^
  File "E:\myblog\.venv\Lib\site-packages\django\template\defaulttags.py", line 1097, in load
    lib = find_library(parser, name)
          ^^^^^^^^^^^^^^^^^^^^^^^^^^
  File "E:\myblog\.venv\Lib\site-packages\django\template\defaulttags.py", line 1037, in find_library
    raise TemplateSyntaxError(
django.template.exceptions.TemplateSyntaxError: 'markdownx' is not a registered tag library. Must be one of:
account
admin_list
admin_modify
admin_urls
allauth
cache
highlight
i18n
l10n
log
more_like_this
socialaccount
static
tz
"GET /01-1/ HTTP/1.1" 500 255992
Watching for file changes with StatReloader
"GET / HTTP/1.1" 200 19122
Internal Server Error: /01-1/
Traceback (most recent call last):
  File "E:\myblog\.venv\Lib\site-packages\django\template\defaulttags.py", line 1035, in find_library
    return parser.libraries[name]
           ~~~~~~~~~~~~~~~~^^^^^^
KeyError: 'markdownx'

During handling of the above exception, another exception occurred:

Traceback (most recent call last):
  File "E:\myblog\.venv\Lib\site-packages\django\core\handlers\exception.py", line 55, in inner
    response = get_response(request)
               ^^^^^^^^^^^^^^^^^^^^^
  File "E:\myblog\.venv\Lib\site-packages\django\core\handlers\base.py", line 197, in _get_response
    response = wrapped_callback(request, *callback_args, **callback_kwargs)
               ^^^^^^^^^^^^^^^^^^^^^^^^^^^^^^^^^^^^^^^^^^^^^^^^^^^^^^^^^^^^
  File "E:\myblog\articles\views.py", line 69, in article_detail
    return render(request, 'articles/article_detail.html', context)
           ^^^^^^^^^^^^^^^^^^^^^^^^^^^^^^^^^^^^^^^^^^^^^^^^^^^^^^^^
  File "E:\myblog\.venv\Lib\site-packages\django\shortcuts.py", line 25, in render
    content = loader.render_to_string(template_name, context, request, using=using)
              ^^^^^^^^^^^^^^^^^^^^^^^^^^^^^^^^^^^^^^^^^^^^^^^^^^^^^^^^^^^^^^^^^^^^^
  File "E:\myblog\.venv\Lib\site-packages\django\template\loader.py", line 61, in render_to_string
    template = get_template(template_name, using=using)
               ^^^^^^^^^^^^^^^^^^^^^^^^^^^^^^^^^^^^^^^^
  File "E:\myblog\.venv\Lib\site-packages\django\template\loader.py", line 15, in get_template
    return engine.get_template(template_name)
           ^^^^^^^^^^^^^^^^^^^^^^^^^^^^^^^^^^
  File "E:\myblog\.venv\Lib\site-packages\django\template\backends\django.py", line 79, in get_template
    return Template(self.engine.get_template(template_name), self)
                    ^^^^^^^^^^^^^^^^^^^^^^^^^^^^^^^^^^^^^^^
  File "E:\myblog\.venv\Lib\site-packages\django\template\engine.py", line 177, in get_template
    template, origin = self.find_template(template_name)
                       ^^^^^^^^^^^^^^^^^^^^^^^^^^^^^^^^^
  File "E:\myblog\.venv\Lib\site-packages\django\template\engine.py", line 159, in find_template
    template = loader.get_template(name, skip=skip)
               ^^^^^^^^^^^^^^^^^^^^^^^^^^^^^^^^^^^^
  File "E:\myblog\.venv\Lib\site-packages\django\template\loaders\cached.py", line 57, in get_template
    template = super().get_template(template_name, skip)
               ^^^^^^^^^^^^^^^^^^^^^^^^^^^^^^^^^^^^^^^^^
  File "E:\myblog\.venv\Lib\site-packages\django\template\loaders\base.py", line 28, in get_template
    return Template(
           ^^^^^^^^^
  File "E:\myblog\.venv\Lib\site-packages\django\template\base.py", line 155, in __init__
    self.nodelist = self.compile_nodelist()
                    ^^^^^^^^^^^^^^^^^^^^^^^
  File "E:\myblog\.venv\Lib\site-packages\django\template\base.py", line 197, in compile_nodelist
    nodelist = parser.parse()
               ^^^^^^^^^^^^^^
  File "E:\myblog\.venv\Lib\site-packages\django\template\base.py", line 519, in parse
    raise self.error(token, e)
  File "E:\myblog\.venv\Lib\site-packages\django\template\base.py", line 517, in parse
    compiled_result = compile_func(self, token)
                      ^^^^^^^^^^^^^^^^^^^^^^^^^
  File "E:\myblog\.venv\Lib\site-packages\django\template\loader_tags.py", line 299, in do_extends
    nodelist = parser.parse()
               ^^^^^^^^^^^^^^
  File "E:\myblog\.venv\Lib\site-packages\django\template\base.py", line 519, in parse
    raise self.error(token, e)
  File "E:\myblog\.venv\Lib\site-packages\django\template\base.py", line 517, in parse
    compiled_result = compile_func(self, token)
                      ^^^^^^^^^^^^^^^^^^^^^^^^^
  File "E:\myblog\.venv\Lib\site-packages\django\template\defaulttags.py", line 1097, in load
    lib = find_library(parser, name)
          ^^^^^^^^^^^^^^^^^^^^^^^^^^
  File "E:\myblog\.venv\Lib\site-packages\django\template\defaulttags.py", line 1037, in find_library
    raise TemplateSyntaxError(
django.template.exceptions.TemplateSyntaxError: 'markdownx' is not a registered tag library. Must be one of:
account
admin_list
admin_modify
admin_urls
allauth
cache
highlight
i18n
l10n
log
more_like_this
socialaccount
static
tz
"GET /01-1/ HTTP/1.1" 500 254810
Watching for file changes with StatReloader
"GET / HTTP/1.1" 200 19122
"GET /static/css/themes/theme-default.css HTTP/1.1" 200 174
"GET /create/ HTTP/1.1" 200 20160
Internal Server Error: /01-1/
Traceback (most recent call last):
  File "E:\myblog\.venv\Lib\site-packages\django\template\defaulttags.py", line 1035, in find_library
    return parser.libraries[name]
           ~~~~~~~~~~~~~~~~^^^^^^
KeyError: 'markdownx'

During handling of the above exception, another exception occurred:

Traceback (most recent call last):
  File "E:\myblog\.venv\Lib\site-packages\django\core\handlers\exception.py", line 55, in inner
    response = get_response(request)
               ^^^^^^^^^^^^^^^^^^^^^
  File "E:\myblog\.venv\Lib\site-packages\django\core\handlers\base.py", line 197, in _get_response
    response = wrapped_callback(request, *callback_args, **callback_kwargs)
               ^^^^^^^^^^^^^^^^^^^^^^^^^^^^^^^^^^^^^^^^^^^^^^^^^^^^^^^^^^^^
  File "E:\myblog\articles\views.py", line 69, in article_detail
    return render(request, 'articles/article_detail.html', context)
           ^^^^^^^^^^^^^^^^^^^^^^^^^^^^^^^^^^^^^^^^^^^^^^^^^^^^^^^^
  File "E:\myblog\.venv\Lib\site-packages\django\shortcuts.py", line 25, in render
    content = loader.render_to_string(template_name, context, request, using=using)
              ^^^^^^^^^^^^^^^^^^^^^^^^^^^^^^^^^^^^^^^^^^^^^^^^^^^^^^^^^^^^^^^^^^^^^
  File "E:\myblog\.venv\Lib\site-packages\django\template\loader.py", line 61, in render_to_string
    template = get_template(template_name, using=using)
               ^^^^^^^^^^^^^^^^^^^^^^^^^^^^^^^^^^^^^^^^
  File "E:\myblog\.venv\Lib\site-packages\django\template\loader.py", line 15, in get_template
    return engine.get_template(template_name)
           ^^^^^^^^^^^^^^^^^^^^^^^^^^^^^^^^^^
  File "E:\myblog\.venv\Lib\site-packages\django\template\backends\django.py", line 79, in get_template
    return Template(self.engine.get_template(template_name), self)
                    ^^^^^^^^^^^^^^^^^^^^^^^^^^^^^^^^^^^^^^^
  File "E:\myblog\.venv\Lib\site-packages\django\template\engine.py", line 177, in get_template
    template, origin = self.find_template(template_name)
                       ^^^^^^^^^^^^^^^^^^^^^^^^^^^^^^^^^
  File "E:\myblog\.venv\Lib\site-packages\django\template\engine.py", line 159, in find_template
    template = loader.get_template(name, skip=skip)
               ^^^^^^^^^^^^^^^^^^^^^^^^^^^^^^^^^^^^
  File "E:\myblog\.venv\Lib\site-packages\django\template\loaders\cached.py", line 57, in get_template
    template = super().get_template(template_name, skip)
               ^^^^^^^^^^^^^^^^^^^^^^^^^^^^^^^^^^^^^^^^^
  File "E:\myblog\.venv\Lib\site-packages\django\template\loaders\base.py", line 28, in get_template
    return Template(
           ^^^^^^^^^
  File "E:\myblog\.venv\Lib\site-packages\django\template\base.py", line 155, in __init__
    self.nodelist = self.compile_nodelist()
                    ^^^^^^^^^^^^^^^^^^^^^^^
  File "E:\myblog\.venv\Lib\site-packages\django\template\base.py", line 197, in compile_nodelist
    nodelist = parser.parse()
               ^^^^^^^^^^^^^^
  File "E:\myblog\.venv\Lib\site-packages\django\template\base.py", line 519, in parse
    raise self.error(token, e)
  File "E:\myblog\.venv\Lib\site-packages\django\template\base.py", line 517, in parse
    compiled_result = compile_func(self, token)
                      ^^^^^^^^^^^^^^^^^^^^^^^^^
  File "E:\myblog\.venv\Lib\site-packages\django\template\loader_tags.py", line 299, in do_extends
    nodelist = parser.parse()
               ^^^^^^^^^^^^^^
  File "E:\myblog\.venv\Lib\site-packages\django\template\base.py", line 519, in parse
    raise self.error(token, e)
  File "E:\myblog\.venv\Lib\site-packages\django\template\base.py", line 517, in parse
    compiled_result = compile_func(self, token)
                      ^^^^^^^^^^^^^^^^^^^^^^^^^
  File "E:\myblog\.venv\Lib\site-packages\django\template\defaulttags.py", line 1097, in load
    lib = find_library(parser, name)
          ^^^^^^^^^^^^^^^^^^^^^^^^^^
  File "E:\myblog\.venv\Lib\site-packages\django\template\defaulttags.py", line 1037, in find_library
    raise TemplateSyntaxError(
django.template.exceptions.TemplateSyntaxError: 'markdownx' is not a registered tag library. Must be one of:
account
admin_list
admin_modify
admin_urls
allauth
cache
highlight
i18n
l10n
log
more_like_this
socialaccount
static
tz
"GET /01-1/ HTTP/1.1" 500 254811
Watching for file changes with StatReloader
"GET / HTTP/1.1" 200 19122
Internal Server Error: /01-1/
Traceback (most recent call last):
  File "E:\myblog\.venv\Lib\site-packages\django\template\defaulttags.py", line 1035, in find_library
    return parser.libraries[name]
           ~~~~~~~~~~~~~~~~^^^^^^
KeyError: 'markdownx_tags'

During handling of the above exception, another exception occurred:

Traceback (most recent call last):
  File "E:\myblog\.venv\Lib\site-packages\django\core\handlers\exception.py", line 55, in inner
    response = get_response(request)
               ^^^^^^^^^^^^^^^^^^^^^
  File "E:\myblog\.venv\Lib\site-packages\django\core\handlers\base.py", line 197, in _get_response
    response = wrapped_callback(request, *callback_args, **callback_kwargs)
               ^^^^^^^^^^^^^^^^^^^^^^^^^^^^^^^^^^^^^^^^^^^^^^^^^^^^^^^^^^^^
  File "E:\myblog\articles\views.py", line 69, in article_detail
    return render(request, 'articles/article_detail.html', context)
           ^^^^^^^^^^^^^^^^^^^^^^^^^^^^^^^^^^^^^^^^^^^^^^^^^^^^^^^^
  File "E:\myblog\.venv\Lib\site-packages\django\shortcuts.py", line 25, in render
    content = loader.render_to_string(template_name, context, request, using=using)
              ^^^^^^^^^^^^^^^^^^^^^^^^^^^^^^^^^^^^^^^^^^^^^^^^^^^^^^^^^^^^^^^^^^^^^
  File "E:\myblog\.venv\Lib\site-packages\django\template\loader.py", line 61, in render_to_string
    template = get_template(template_name, using=using)
               ^^^^^^^^^^^^^^^^^^^^^^^^^^^^^^^^^^^^^^^^
  File "E:\myblog\.venv\Lib\site-packages\django\template\loader.py", line 15, in get_template
    return engine.get_template(template_name)
           ^^^^^^^^^^^^^^^^^^^^^^^^^^^^^^^^^^
  File "E:\myblog\.venv\Lib\site-packages\django\template\backends\django.py", line 79, in get_template
    return Template(self.engine.get_template(template_name), self)
                    ^^^^^^^^^^^^^^^^^^^^^^^^^^^^^^^^^^^^^^^
  File "E:\myblog\.venv\Lib\site-packages\django\template\engine.py", line 177, in get_template
    template, origin = self.find_template(template_name)
                       ^^^^^^^^^^^^^^^^^^^^^^^^^^^^^^^^^
  File "E:\myblog\.venv\Lib\site-packages\django\template\engine.py", line 159, in find_template
    template = loader.get_template(name, skip=skip)
               ^^^^^^^^^^^^^^^^^^^^^^^^^^^^^^^^^^^^
  File "E:\myblog\.venv\Lib\site-packages\django\template\loaders\cached.py", line 57, in get_template
    template = super().get_template(template_name, skip)
               ^^^^^^^^^^^^^^^^^^^^^^^^^^^^^^^^^^^^^^^^^
  File "E:\myblog\.venv\Lib\site-packages\django\template\loaders\base.py", line 28, in get_template
    return Template(
           ^^^^^^^^^
  File "E:\myblog\.venv\Lib\site-packages\django\template\base.py", line 155, in __init__
    self.nodelist = self.compile_nodelist()
                    ^^^^^^^^^^^^^^^^^^^^^^^
  File "E:\myblog\.venv\Lib\site-packages\django\template\base.py", line 197, in compile_nodelist
    nodelist = parser.parse()
               ^^^^^^^^^^^^^^
  File "E:\myblog\.venv\Lib\site-packages\django\template\base.py", line 519, in parse
    raise self.error(token, e)
  File "E:\myblog\.venv\Lib\site-packages\django\template\base.py", line 517, in parse
    compiled_result = compile_func(self, token)
                      ^^^^^^^^^^^^^^^^^^^^^^^^^
  File "E:\myblog\.venv\Lib\site-packages\django\template\loader_tags.py", line 299, in do_extends
    nodelist = parser.parse()
               ^^^^^^^^^^^^^^
  File "E:\myblog\.venv\Lib\site-packages\django\template\base.py", line 519, in parse
    raise self.error(token, e)
  File "E:\myblog\.venv\Lib\site-packages\django\template\base.py", line 517, in parse
    compiled_result = compile_func(self, token)
                      ^^^^^^^^^^^^^^^^^^^^^^^^^
  File "E:\myblog\.venv\Lib\site-packages\django\template\defaulttags.py", line 1097, in load
    lib = find_library(parser, name)
          ^^^^^^^^^^^^^^^^^^^^^^^^^^
  File "E:\myblog\.venv\Lib\site-packages\django\template\defaulttags.py", line 1037, in find_library
    raise TemplateSyntaxError(
django.template.exceptions.TemplateSyntaxError: 'markdownx_tags' is not a registered tag library. Must be one of:
account
admin_list
admin_modify
admin_urls
allauth
cache
highlight
i18n
l10n
log
more_like_this
socialaccount
static
tz
"GET /01-1/ HTTP/1.1" 500 254905
Watching for file changes with StatReloader
"GET / HTTP/1.1" 200 19122
"GET /static/css/themes/theme-default.css HTTP/1.1" 304 0
"GET /01-1/ HTTP/1.1" 200 21330
"POST /comments/add/4/ HTTP/1.1" 200 14706
"GET /01-1/ HTTP/1.1" 200 23638
"GET /media/avatars/IMG_20251120_135531.jpg HTTP/1.1" 304 0
"POST /comments/add/4/ HTTP/1.1" 200 14706
"GET /01-1/ HTTP/1.1" 200 25721
"GET /static/css/themes/theme-default.css HTTP/1.1" 304 0
Watching for file changes with StatReloader
"GET / HTTP/1.1" 200 19122
"GET /static/css/themes/theme-default.css HTTP/1.1" 304 0
"GET /01-1/ HTTP/1.1" 200 25436
"POST /comments/add/4/ HTTP/1.1" 200 14706
"GET /01-1/ HTTP/1.1" 200 27804
"GET / HTTP/1.1" 200 18819
"GET /static/css/themes/theme-default.css HTTP/1.1" 304 0
Not Found: /favicon.ico
"GET /favicon.ico HTTP/1.1" 404 20497
"GET /01-1/ HTTP/1.1" 200 23376
"GET /accounts/login/ HTTP/1.1" 200 20474
"POST /accounts/login/ HTTP/1.1" 302 0
"GET /users/profile/ HTTP/1.1" 200 19756
"GET /accounts/login/ HTTP/1.1" 302 0
"GET /users/profile/ HTTP/1.1" 200 19466
"GET / HTTP/1.1" 200 19108
"GET /01-1/ HTTP/1.1" 200 27504
"POST /like/01-1/ HTTP/1.1" 200 12
"GET /__debug__/history_sidebar/?request_id=cc8017ea67e24901abdaf2f542f790aa HTTP/1.1" 200 10578
"POST /like/01-1/ HTTP/1.1" 200 12
"GET /__debug__/history_sidebar/?request_id=0d08070ca4504fa2a591266b94795c6e HTTP/1.1" 200 10578
"POST /like/01-1/ HTTP/1.1" 200 12
"GET /__debug__/history_sidebar/?request_id=4d53915c221f4707b037b329b7b99c5c HTTP/1.1" 200 10578
"POST /like/01-1/ HTTP/1.1" 200 12
"GET /__debug__/history_sidebar/?request_id=ec6b2cfd1c0742f9bd2a0842a5a506be HTTP/1.1" 200 10579
"POST /like/01-1/ HTTP/1.1" 200 12
"POST /like/01-1/ HTTP/1.1" 200 12
"GET /__debug__/history_sidebar/?request_id=83150b0bc0c64e20be61b313252c45dc HTTP/1.1" 200 10578
"GET /edit/01-1/ HTTP/1.1" 200 20190
"GET /delete/01-1/ HTTP/1.1" 302 0
"GET / HTTP/1.1" 200 18532
"GET / HTTP/1.1" 200 18247
"GET /users/profile/ HTTP/1.1" 200 19288
"GET /01/ HTTP/1.1" 200 21448
"GET /media/article_images/IMG_20251120_135531.jpg HTTP/1.1" 200 653269
"GET /delete/01/ HTTP/1.1" 302 0
"GET / HTTP/1.1" 200 18532
Not Found: /delete/01/
"GET /delete/01/ HTTP/1.1" 404 18200
E:\myblog\core\models.py changed, reloading.
Watching for file changes with StatReloader
"GET / HTTP/1.1" 200 17962
"GET /static/css/themes/theme-default.css HTTP/1.1" 200 174
Not Found: /favicon.ico
"GET /favicon.ico HTTP/1.1" 404 20497
"GET /accounts/login/ HTTP/1.1" 200 20474
"POST /accounts/login/ HTTP/1.1" 302 0
"GET /users/profile/ HTTP/1.1" 200 19441
"GET / HTTP/1.1" 200 18247
"GET /static/css/themes/theme-default.css HTTP/1.1" 304 0
"GET /create/ HTTP/1.1" 200 20145
"POST /create/ HTTP/1.1" 302 0
"GET /01/ HTTP/1.1" 200 21786
"GET /static/css/themes/theme-default.css HTTP/1.1" 304 0
"GET /static/js/comments.js HTTP/1.1" 200 1386
"GET /media/article_images/IMG_20251120_135531_frEgvPo.jpg HTTP/1.1" 200 653269
"POST /comments/add/5/ HTTP/1.1" 302 0
"GET /01/ HTTP/1.1" 200 23809
"GET /media/article_images/IMG_20251120_135531_frEgvPo.jpg HTTP/1.1" 304 0
"POST /comments/add/5/ HTTP/1.1" 302 0
"GET /01/ HTTP/1.1" 200 26572
"GET /static/css/themes/theme-default.css HTTP/1.1" 304 0
"GET /static/js/comments.js HTTP/1.1" 304 0
"GET /media/article_images/IMG_20251120_135531_frEgvPo.jpg HTTP/1.1" 304 0
"POST /comments/add/5/ HTTP/1.1" 302 0
"GET /01/ HTTP/1.1" 200 29335
"GET /media/article_images/IMG_20251120_135531_frEgvPo.jpg HTTP/1.1" 304 0
"GET /comments/delete/4/ HTTP/1.1" 302 0
"GET /01/ HTTP/1.1" 200 21786
"GET /static/css/themes/theme-default.css HTTP/1.1" 304 0
"GET /static/js/comments.js HTTP/1.1" 304 0
"GET /media/article_images/IMG_20251120_135531_frEgvPo.jpg HTTP/1.1" 304 0
"POST /comments/add/5/ HTTP/1.1" 302 0
"GET /01/ HTTP/1.1" 200 23806
"GET /media/article_images/IMG_20251120_135531_frEgvPo.jpg HTTP/1.1" 304 0
"POST /comments/like/7/ HTTP/1.1" 200 12
"GET /__debug__/history_sidebar/?request_id=3158a47e461945898e4a05d40c4780cf HTTP/1.1" 200 10584
"POST /comments/like/7/ HTTP/1.1" 200 12
"GET /__debug__/history_sidebar/?request_id=bb918a65b72b4cd0a71f0d0231ae4deb HTTP/1.1" 200 10584
"POST /comments/like/7/ HTTP/1.1" 200 12
"GET /__debug__/history_sidebar/?request_id=65b7e0185e3840e5b6eb6afc30ee0dca HTTP/1.1" 200 10584
"POST /comments/like/7/ HTTP/1.1" 200 12
"POST /comments/like/7/ HTTP/1.1" 200 12
"POST /comments/like/7/ HTTP/1.1" 200 12
"GET /__debug__/history_sidebar/?request_id=97e4bf78f6a14778ae04f94ce40a57c0 HTTP/1.1" 200 10584
"POST /comments/like/7/ HTTP/1.1" 200 12
"POST /comments/like/7/ HTTP/1.1" 200 12
"GET /__debug__/history_sidebar/?request_id=cf0a2ef62e6845a18e873078f274eeb8 HTTP/1.1" 200 10584
"POST /comments/like/7/ HTTP/1.1" 200 12
"POST /comments/like/7/ HTTP/1.1" 200 13
"POST /comments/like/7/ HTTP/1.1" 200 13
"POST /comments/like/7/ HTTP/1.1" 200 13
"GET /__debug__/history_sidebar/?request_id=735d24274db6456c9151a0c619405e88 HTTP/1.1" 200 10584
"POST /comments/like/7/ HTTP/1.1" 200 13
"GET /__debug__/history_sidebar/?request_id=7c4e4cfbed8f42e79d4a7f7b3d7ce5e2 HTTP/1.1" 200 10584
"GET /accounts/logout/ HTTP/1.1" 200 0
"GET /01/ HTTP/1.1" 200 23522
"GET / HTTP/1.1" 200 19138
"GET /static/css/themes/theme-default.css HTTP/1.1" 304 0
"GET /media/article_images/IMG_20251120_135531_frEgvPo.jpg HTTP/1.1" 304 0
"GET /users/profile/ HTTP/1.1" 200 19288
"GET /accounts/logout/ HTTP/1.1" 200 0
Watching for file changes with StatReloader
"GET / HTTP/1.1" 200 20110
"GET /static/css/themes/theme-default.css HTTP/1.1" 200 174
"GET /static/debug_toolbar/js/toolbar.js HTTP/1.1" 304 0
"GET /static/debug_toolbar/css/toolbar.css HTTP/1.1" 304 0
"GET /static/debug_toolbar/css/print.css HTTP/1.1" 304 0
"GET /static/debug_toolbar/js/utils.js HTTP/1.1" 304 0
"GET /media/article_images/IMG_20251120_135531_frEgvPo.jpg HTTP/1.1" 304 0
"POST /accounts/logout/ HTTP/1.1" 302 0
"GET / HTTP/1.1" 200 19109
"GET /static/css/themes/theme-default.css HTTP/1.1" 304 0
"GET /accounts/login/ HTTP/1.1" 200 20482
"GET /static/css/themes/theme-default.css HTTP/1.1" 304 0
"GET /accounts/signup/ HTTP/1.1" 200 22230
Watching for file changes with StatReloader
"GET / HTTP/1.1" 200 18859
"GET /static/css/themes/theme-default.css HTTP/1.1" 304 0
"GET /media/article_images/IMG_20251120_135531_frEgvPo.jpg HTTP/1.1" 304 0
"GET /accounts/login/ HTTP/1.1" 200 20482
Watching for file changes with StatReloader
"GET / HTTP/1.1" 200 18859
"GET /static/css/themes/theme-default.css HTTP/1.1" 200 174
"GET /media/article_images/IMG_20251120_135531_frEgvPo.jpg HTTP/1.1" 304 0
"GET /admin/ HTTP/1.1" 302 0
"GET /admin/login/?next=/admin/ HTTP/1.1" 200 18391
"GET /static/admin/css/dark_mode.css HTTP/1.1" 200 2808
"GET /static/admin/css/base.css HTTP/1.1" 200 22120
"GET /static/admin/css/nav_sidebar.css HTTP/1.1" 200 2810
"GET /static/admin/css/login.css HTTP/1.1" 200 951
"GET /static/admin/css/responsive.css HTTP/1.1" 200 16565
"GET /static/admin/js/theme.js HTTP/1.1" 200 1653
"GET /static/admin/js/nav_sidebar.js HTTP/1.1" 200 3063
"POST /admin/login/?next=/admin/ HTTP/1.1" 200 18550
"POST /admin/login/?next=/admin/ HTTP/1.1" 302 0
"GET /admin/ HTTP/1.1" 200 27621
"GET /static/admin/css/dashboard.css HTTP/1.1" 200 441
"GET /static/admin/img/icon-changelink.svg HTTP/1.1" 200 380
"GET /static/admin/img/icon-addlink.svg HTTP/1.1" 200 331
"GET /admin/socialaccount/socialaccount/ HTTP/1.1" 200 28618
"GET /static/admin/css/changelists.css HTTP/1.1" 200 6878
"GET /static/admin/js/jquery.init.js HTTP/1.1" 200 347
"GET /static/admin/js/core.js HTTP/1.1" 200 6208
"GET /static/admin/js/admin/RelatedObjectLookups.js HTTP/1.1" 200 9777
"GET /static/admin/js/actions.js HTTP/1.1" 200 8076
"GET /static/admin/js/urlify.js HTTP/1.1" 200 7887
"GET /static/admin/js/prepopulate.js HTTP/1.1" 200 1531
"GET /static/admin/img/search.svg HTTP/1.1" 200 458
"GET /static/admin/js/vendor/jquery/jquery.js HTTP/1.1" 200 285314
"GET /static/admin/js/vendor/xregexp/xregexp.js HTTP/1.1" 200 325171
"GET /admin/jsi18n/ HTTP/1.1" 200 9327
"GET /static/admin/js/filters.js HTTP/1.1" 200 978
"GET /static/admin/img/tooltag-add.svg HTTP/1.1" 200 331
"GET /static/admin/img/icon-viewlink.svg HTTP/1.1" 200 581
"GET /admin/socialaccount/socialaccount/add/ HTTP/1.1" 200 30446
"GET /static/admin/css/forms.css HTTP/1.1" 200 8525
"GET /static/admin/js/prepopulate_init.js HTTP/1.1" 200 586
"GET /static/admin/css/widgets.css HTTP/1.1" 200 11973
"GET /static/admin/js/change_form.js HTTP/1.1" 200 606
"GET /admin/jsi18n/ HTTP/1.1" 200 9327
"GET /admin/socialaccount/socialapp/add/ HTTP/1.1" 200 34450
"GET /static/admin/js/SelectBox.js HTTP/1.1" 200 4530
"GET /static/admin/js/SelectFilter2.js HTTP/1.1" 200 15845
"GET /admin/jsi18n/ HTTP/1.1" 200 9327
"GET /static/admin/img/selector-icons.svg HTTP/1.1" 200 3291
"POST /admin/socialaccount/socialapp/add/ HTTP/1.1" 302 0
"GET /admin/socialaccount/socialapp/ HTTP/1.1" 200 29392
"GET /admin/jsi18n/ HTTP/1.1" 200 9327
"GET /static/admin/img/icon-yes.svg HTTP/1.1" 200 436
"GET /admin/socialaccount/socialapp/add/ HTTP/1.1" 200 34450
"GET /admin/jsi18n/ HTTP/1.1" 200 9327
"GET /admin/socialaccount/socialapp/ HTTP/1.1" 200 29188
"GET /admin/jsi18n/ HTTP/1.1" 200 9327
"GET /admin/socialaccount/socialapp/1/change/ HTTP/1.1" 200 34794
"GET /admin/jsi18n/ HTTP/1.1" 200 9327
"GET /admin/sites/site/ HTTP/1.1" 200 29640
"GET /admin/jsi18n/ HTTP/1.1" 200 9327
"GET /static/admin/img/sorting-icons.svg HTTP/1.1" 200 1097
"GET /admin/sites/site/1/change/ HTTP/1.1" 200 29281
"GET /admin/jsi18n/ HTTP/1.1" 200 9327
"GET /admin/sites/site/ HTTP/1.1" 200 29641
"POST /admin/sites/site/ HTTP/1.1" 302 0
"GET /admin/sites/site/ HTTP/1.1" 200 29761
"GET /admin/jsi18n/ HTTP/1.1" 200 9327
"GET /static/admin/img/icon-alert.svg HTTP/1.1" 200 504
"GET /admin/sites/site/1/change/ HTTP/1.1" 200 29281
"GET /admin/jsi18n/ HTTP/1.1" 200 9327
"POST /admin/sites/site/1/change/ HTTP/1.1" 302 0
"GET /admin/sites/site/ HTTP/1.1" 200 29834
"GET /admin/jsi18n/ HTTP/1.1" 200 9327
"GET /admin/socialaccount/socialaccount/ HTTP/1.1" 200 28616
"GET /admin/jsi18n/ HTTP/1.1" 200 9327
"GET /admin/socialaccount/socialapp/ HTTP/1.1" 200 29188
"GET /admin/jsi18n/ HTTP/1.1" 200 9327
"GET /admin/socialaccount/socialapp/1/change/ HTTP/1.1" 200 34798
"GET /admin/jsi18n/ HTTP/1.1" 200 9327
"POST /admin/socialaccount/socialapp/1/change/ HTTP/1.1" 302 0
"GET /admin/socialaccount/socialapp/ HTTP/1.1" 200 29392
"GET /admin/jsi18n/ HTTP/1.1" 200 9327
"GET /admin/socialaccount/socialapp/1/change/ HTTP/1.1" 200 34778
"GET /admin/jsi18n/ HTTP/1.1" 200 9327
"POST /admin/socialaccount/socialapp/1/change/ HTTP/1.1" 302 0
"GET /admin/socialaccount/socialapp/ HTTP/1.1" 200 29392
"GET /admin/jsi18n/ HTTP/1.1" 200 9327
"GET /admin/socialaccount/socialapp/add/ HTTP/1.1" 200 34453
"GET /admin/jsi18n/ HTTP/1.1" 200 9327
"POST /admin/socialaccount/socialapp/add/ HTTP/1.1" 302 0
"GET /admin/socialaccount/socialapp/ HTTP/1.1" 200 29699
"GET /admin/jsi18n/ HTTP/1.1" 200 9327
"GET /admin/sites/site/ HTTP/1.1" 200 29642
"GET /admin/jsi18n/ HTTP/1.1" 200 9327
"GET /admin/socialaccount/socialapp/ HTTP/1.1" 200 29495
"GET /admin/socialaccount/socialapp/add/ HTTP/1.1" 200 34453
"GET /admin/socialaccount/socialapp/ HTTP/1.1" 200 29494
"GET /admin/ HTTP/1.1" 200 29484
Internal Server Error: /accounts/google/login/callback/
Traceback (most recent call last):
  File "E:\myblog\.venv\Lib\site-packages\django\core\handlers\exception.py", line 55, in inner
    response = get_response(request)
               ^^^^^^^^^^^^^^^^^^^^^
  File "E:\myblog\.venv\Lib\site-packages\django\core\handlers\base.py", line 197, in _get_response
    response = wrapped_callback(request, *callback_args, **callback_kwargs)
               ^^^^^^^^^^^^^^^^^^^^^^^^^^^^^^^^^^^^^^^^^^^^^^^^^^^^^^^^^^^^
  File "E:\myblog\.venv\Lib\site-packages\allauth\socialaccount\providers\oauth2\views.py", line 102, in view
    return self.dispatch(request, *args, **kwargs)
           ^^^^^^^^^^^^^^^^^^^^^^^^^^^^^^^^^^^^^^^
  File "E:\myblog\.venv\Lib\site-packages\allauth\socialaccount\providers\oauth2\views.py", line 116, in dispatch
    provider = self.adapter.get_provider()
               ^^^^^^^^^^^^^^^^^^^^^^^^^^^
  File "E:\myblog\.venv\Lib\site-packages\allauth\socialaccount\providers\oauth2\views.py", line 45, in get_provider
    return get_adapter(self.request).get_provider(
           ^^^^^^^^^^^^^^^^^^^^^^^^^^^^^^^^^^^^^^^
  File "E:\myblog\.venv\Lib\site-packages\allauth\socialaccount\adapter.py", line 212, in get_provider
    app = self.get_app(request, provider=provider, client_id=client_id)
          ^^^^^^^^^^^^^^^^^^^^^^^^^^^^^^^^^^^^^^^^^^^^^^^^^^^^^^^^^^^^^
  File "E:\myblog\.venv\Lib\site-packages\allauth\socialaccount\adapter.py", line 299, in get_app
    raise MultipleObjectsReturned
django.core.exceptions.MultipleObjectsReturned
"GET /accounts/google/login/callback/ HTTP/1.1" 500 109020
Watching for file changes with StatReloader
"GET / HTTP/1.1" 200 20113
"GET /static/css/themes/theme-default.css HTTP/1.1" 200 174
"GET /media/article_images/IMG_20251120_135531_frEgvPo.jpg HTTP/1.1" 304 0
"POST /accounts/logout/ HTTP/1.1" 302 0
"GET / HTTP/1.1" 200 19108
"GET /static/css/themes/theme-default.css HTTP/1.1" 304 0
"GET /accounts/login/ HTTP/1.1" 200 20482
"GET /static/css/themes/theme-default.css HTTP/1.1" 304 0
"GET /accounts/signup/ HTTP/1.1" 200 22230
"GET /static/css/themes/theme-default.css HTTP/1.1" 304 0
"GET /accounts/login/ HTTP/1.1" 200 20482
Internal Server Error: /accounts/login/
Traceback (most recent call last):
  File "E:\myblog\.venv\Lib\site-packages\django\core\handlers\exception.py", line 55, in inner
    response = get_response(request)
               ^^^^^^^^^^^^^^^^^^^^^
  File "E:\myblog\.venv\Lib\site-packages\django\core\handlers\base.py", line 220, in _get_response
    response = response.render()
               ^^^^^^^^^^^^^^^^^
  File "E:\myblog\.venv\Lib\site-packages\django\template\response.py", line 114, in render
    self.content = self.rendered_content
                   ^^^^^^^^^^^^^^^^^^^^^
  File "E:\myblog\.venv\Lib\site-packages\django\template\response.py", line 92, in rendered_content
    return template.render(context, self._request)
           ^^^^^^^^^^^^^^^^^^^^^^^^^^^^^^^^^^^^^^^
  File "E:\myblog\.venv\Lib\site-packages\django\template\backends\django.py", line 107, in render
    return self.template.render(context)
           ^^^^^^^^^^^^^^^^^^^^^^^^^^^^^
  File "E:\myblog\.venv\Lib\site-packages\django\template\base.py", line 172, in render
    return self._render(context)
           ^^^^^^^^^^^^^^^^^^^^^
  File "E:\myblog\.venv\Lib\site-packages\django\test\utils.py", line 114, in instrumented_test_render
    return self.nodelist.render(context)
           ^^^^^^^^^^^^^^^^^^^^^^^^^^^^^
  File "E:\myblog\.venv\Lib\site-packages\django\template\base.py", line 1018, in render
    return SafeString("".join([node.render_annotated(context) for node in self]))
                              ^^^^^^^^^^^^^^^^^^^^^^^^^^^^^^^^^^^^^^^^^^^^^^^^^
  File "E:\myblog\.venv\Lib\site-packages\django\template\base.py", line 1018, in <listcomp>
    return SafeString("".join([node.render_annotated(context) for node in self]))
                               ^^^^^^^^^^^^^^^^^^^^^^^^^^^^^^
  File "E:\myblog\.venv\Lib\site-packages\django\template\base.py", line 979, in render_annotated
    return self.render(context)
           ^^^^^^^^^^^^^^^^^^^^
  File "E:\myblog\.venv\Lib\site-packages\django\template\loader_tags.py", line 159, in render
    return compiled_parent._render(context)
           ^^^^^^^^^^^^^^^^^^^^^^^^^^^^^^^^
  File "E:\myblog\.venv\Lib\site-packages\django\test\utils.py", line 114, in instrumented_test_render
    return self.nodelist.render(context)
           ^^^^^^^^^^^^^^^^^^^^^^^^^^^^^
  File "E:\myblog\.venv\Lib\site-packages\django\template\base.py", line 1018, in render
    return SafeString("".join([node.render_annotated(context) for node in self]))
                              ^^^^^^^^^^^^^^^^^^^^^^^^^^^^^^^^^^^^^^^^^^^^^^^^^
  File "E:\myblog\.venv\Lib\site-packages\django\template\base.py", line 1018, in <listcomp>
    return SafeString("".join([node.render_annotated(context) for node in self]))
                               ^^^^^^^^^^^^^^^^^^^^^^^^^^^^^^
  File "E:\myblog\.venv\Lib\site-packages\django\template\base.py", line 979, in render_annotated
    return self.render(context)
           ^^^^^^^^^^^^^^^^^^^^
  File "E:\myblog\.venv\Lib\site-packages\django\template\loader_tags.py", line 65, in render
    result = block.nodelist.render(context)
             ^^^^^^^^^^^^^^^^^^^^^^^^^^^^^^
  File "E:\myblog\.venv\Lib\site-packages\django\template\base.py", line 1018, in render
    return SafeString("".join([node.render_annotated(context) for node in self]))
                              ^^^^^^^^^^^^^^^^^^^^^^^^^^^^^^^^^^^^^^^^^^^^^^^^^
  File "E:\myblog\.venv\Lib\site-packages\django\template\base.py", line 1018, in <listcomp>
    return SafeString("".join([node.render_annotated(context) for node in self]))
                               ^^^^^^^^^^^^^^^^^^^^^^^^^^^^^^
  File "E:\myblog\.venv\Lib\site-packages\django\template\base.py", line 979, in render_annotated
    return self.render(context)
           ^^^^^^^^^^^^^^^^^^^^
  File "E:\myblog\.venv\Lib\site-packages\django\template\defaulttags.py", line 327, in render
    return nodelist.render(context)
           ^^^^^^^^^^^^^^^^^^^^^^^^
  File "E:\myblog\.venv\Lib\site-packages\django\template\base.py", line 1018, in render
    return SafeString("".join([node.render_annotated(context) for node in self]))
                              ^^^^^^^^^^^^^^^^^^^^^^^^^^^^^^^^^^^^^^^^^^^^^^^^^
  File "E:\myblog\.venv\Lib\site-packages\django\template\base.py", line 1018, in <listcomp>
    return SafeString("".join([node.render_annotated(context) for node in self]))
                               ^^^^^^^^^^^^^^^^^^^^^^^^^^^^^^
  File "E:\myblog\.venv\Lib\site-packages\django\template\base.py", line 979, in render_annotated
    return self.render(context)
           ^^^^^^^^^^^^^^^^^^^^
  File "E:\myblog\.venv\Lib\site-packages\django\template\defaulttags.py", line 243, in render
    nodelist.append(node.render_annotated(context))
                    ^^^^^^^^^^^^^^^^^^^^^^^^^^^^^^
  File "E:\myblog\.venv\Lib\site-packages\django\template\base.py", line 979, in render_annotated
    return self.render(context)
           ^^^^^^^^^^^^^^^^^^^^
  File "E:\myblog\.venv\Lib\site-packages\django\template\defaulttags.py", line 327, in render
    return nodelist.render(context)
           ^^^^^^^^^^^^^^^^^^^^^^^^
  File "E:\myblog\.venv\Lib\site-packages\django\template\base.py", line 1018, in render
    return SafeString("".join([node.render_annotated(context) for node in self]))
                              ^^^^^^^^^^^^^^^^^^^^^^^^^^^^^^^^^^^^^^^^^^^^^^^^^
  File "E:\myblog\.venv\Lib\site-packages\django\template\base.py", line 1018, in <listcomp>
    return SafeString("".join([node.render_annotated(context) for node in self]))
                               ^^^^^^^^^^^^^^^^^^^^^^^^^^^^^^
  File "E:\myblog\.venv\Lib\site-packages\django\template\base.py", line 979, in render_annotated
    return self.render(context)
           ^^^^^^^^^^^^^^^^^^^^
  File "E:\myblog\.venv\Lib\site-packages\django\template\library.py", line 324, in render
    output = self.func(*resolved_args, **resolved_kwargs)
             ^^^^^^^^^^^^^^^^^^^^^^^^^^^^^^^^^^^^^^^^^^^^
  File "E:\myblog\.venv\Lib\site-packages\allauth\socialaccount\templatetags\socialaccount.py", line 21, in provider_login_url
    provider = adapter.get_provider(request, provider)
               ^^^^^^^^^^^^^^^^^^^^^^^^^^^^^^^^^^^^^^^
  File "E:\myblog\.venv\Lib\site-packages\allauth\socialaccount\adapter.py", line 212, in get_provider
    app = self.get_app(request, provider=provider, client_id=client_id)
          ^^^^^^^^^^^^^^^^^^^^^^^^^^^^^^^^^^^^^^^^^^^^^^^^^^^^^^^^^^^^^
  File "E:\myblog\.venv\Lib\site-packages\allauth\socialaccount\adapter.py", line 299, in get_app
    raise MultipleObjectsReturned
django.core.exceptions.MultipleObjectsReturned
"GET /accounts/login/ HTTP/1.1" 500 247161
Watching for file changes with StatReloader
"GET / HTTP/1.1" 200 18859
"GET /static/css/themes/theme-default.css HTTP/1.1" 304 0
Internal Server Error: /accounts/login/
Traceback (most recent call last):
  File "E:\myblog\.venv\Lib\site-packages\django\core\handlers\exception.py", line 55, in inner
    response = get_response(request)
               ^^^^^^^^^^^^^^^^^^^^^
  File "E:\myblog\.venv\Lib\site-packages\django\core\handlers\base.py", line 220, in _get_response
    response = response.render()
               ^^^^^^^^^^^^^^^^^
  File "E:\myblog\.venv\Lib\site-packages\django\template\response.py", line 114, in render
    self.content = self.rendered_content
                   ^^^^^^^^^^^^^^^^^^^^^
  File "E:\myblog\.venv\Lib\site-packages\django\template\response.py", line 92, in rendered_content
    return template.render(context, self._request)
           ^^^^^^^^^^^^^^^^^^^^^^^^^^^^^^^^^^^^^^^
  File "E:\myblog\.venv\Lib\site-packages\django\template\backends\django.py", line 107, in render
    return self.template.render(context)
           ^^^^^^^^^^^^^^^^^^^^^^^^^^^^^
  File "E:\myblog\.venv\Lib\site-packages\django\template\base.py", line 172, in render
    return self._render(context)
           ^^^^^^^^^^^^^^^^^^^^^
  File "E:\myblog\.venv\Lib\site-packages\django\test\utils.py", line 114, in instrumented_test_render
    return self.nodelist.render(context)
           ^^^^^^^^^^^^^^^^^^^^^^^^^^^^^
  File "E:\myblog\.venv\Lib\site-packages\django\template\base.py", line 1018, in render
    return SafeString("".join([node.render_annotated(context) for node in self]))
                              ^^^^^^^^^^^^^^^^^^^^^^^^^^^^^^^^^^^^^^^^^^^^^^^^^
  File "E:\myblog\.venv\Lib\site-packages\django\template\base.py", line 1018, in <listcomp>
    return SafeString("".join([node.render_annotated(context) for node in self]))
                               ^^^^^^^^^^^^^^^^^^^^^^^^^^^^^^
  File "E:\myblog\.venv\Lib\site-packages\django\template\base.py", line 979, in render_annotated
    return self.render(context)
           ^^^^^^^^^^^^^^^^^^^^
  File "E:\myblog\.venv\Lib\site-packages\django\template\loader_tags.py", line 159, in render
    return compiled_parent._render(context)
           ^^^^^^^^^^^^^^^^^^^^^^^^^^^^^^^^
  File "E:\myblog\.venv\Lib\site-packages\django\test\utils.py", line 114, in instrumented_test_render
    return self.nodelist.render(context)
           ^^^^^^^^^^^^^^^^^^^^^^^^^^^^^
  File "E:\myblog\.venv\Lib\site-packages\django\template\base.py", line 1018, in render
    return SafeString("".join([node.render_annotated(context) for node in self]))
                              ^^^^^^^^^^^^^^^^^^^^^^^^^^^^^^^^^^^^^^^^^^^^^^^^^
  File "E:\myblog\.venv\Lib\site-packages\django\template\base.py", line 1018, in <listcomp>
    return SafeString("".join([node.render_annotated(context) for node in self]))
                               ^^^^^^^^^^^^^^^^^^^^^^^^^^^^^^
  File "E:\myblog\.venv\Lib\site-packages\django\template\base.py", line 979, in render_annotated
    return self.render(context)
           ^^^^^^^^^^^^^^^^^^^^
  File "E:\myblog\.venv\Lib\site-packages\django\template\loader_tags.py", line 65, in render
    result = block.nodelist.render(context)
             ^^^^^^^^^^^^^^^^^^^^^^^^^^^^^^
  File "E:\myblog\.venv\Lib\site-packages\django\template\base.py", line 1018, in render
    return SafeString("".join([node.render_annotated(context) for node in self]))
                              ^^^^^^^^^^^^^^^^^^^^^^^^^^^^^^^^^^^^^^^^^^^^^^^^^
  File "E:\myblog\.venv\Lib\site-packages\django\template\base.py", line 1018, in <listcomp>
    return SafeString("".join([node.render_annotated(context) for node in self]))
                               ^^^^^^^^^^^^^^^^^^^^^^^^^^^^^^
  File "E:\myblog\.venv\Lib\site-packages\django\template\base.py", line 979, in render_annotated
    return self.render(context)
           ^^^^^^^^^^^^^^^^^^^^
  File "E:\myblog\.venv\Lib\site-packages\django\template\defaulttags.py", line 327, in render
    return nodelist.render(context)
           ^^^^^^^^^^^^^^^^^^^^^^^^
  File "E:\myblog\.venv\Lib\site-packages\django\template\base.py", line 1018, in render
    return SafeString("".join([node.render_annotated(context) for node in self]))
                              ^^^^^^^^^^^^^^^^^^^^^^^^^^^^^^^^^^^^^^^^^^^^^^^^^
  File "E:\myblog\.venv\Lib\site-packages\django\template\base.py", line 1018, in <listcomp>
    return SafeString("".join([node.render_annotated(context) for node in self]))
                               ^^^^^^^^^^^^^^^^^^^^^^^^^^^^^^
  File "E:\myblog\.venv\Lib\site-packages\django\template\base.py", line 979, in render_annotated
    return self.render(context)
           ^^^^^^^^^^^^^^^^^^^^
  File "E:\myblog\.venv\Lib\site-packages\django\template\defaulttags.py", line 243, in render
    nodelist.append(node.render_annotated(context))
                    ^^^^^^^^^^^^^^^^^^^^^^^^^^^^^^
  File "E:\myblog\.venv\Lib\site-packages\django\template\base.py", line 979, in render_annotated
    return self.render(context)
           ^^^^^^^^^^^^^^^^^^^^
  File "E:\myblog\.venv\Lib\site-packages\django\template\defaulttags.py", line 327, in render
    return nodelist.render(context)
           ^^^^^^^^^^^^^^^^^^^^^^^^
  File "E:\myblog\.venv\Lib\site-packages\django\template\base.py", line 1018, in render
    return SafeString("".join([node.render_annotated(context) for node in self]))
                              ^^^^^^^^^^^^^^^^^^^^^^^^^^^^^^^^^^^^^^^^^^^^^^^^^
  File "E:\myblog\.venv\Lib\site-packages\django\template\base.py", line 1018, in <listcomp>
    return SafeString("".join([node.render_annotated(context) for node in self]))
                               ^^^^^^^^^^^^^^^^^^^^^^^^^^^^^^
  File "E:\myblog\.venv\Lib\site-packages\django\template\base.py", line 979, in render_annotated
    return self.render(context)
           ^^^^^^^^^^^^^^^^^^^^
  File "E:\myblog\.venv\Lib\site-packages\django\template\library.py", line 324, in render
    output = self.func(*resolved_args, **resolved_kwargs)
             ^^^^^^^^^^^^^^^^^^^^^^^^^^^^^^^^^^^^^^^^^^^^
  File "E:\myblog\.venv\Lib\site-packages\allauth\socialaccount\templatetags\socialaccount.py", line 21, in provider_login_url
    provider = adapter.get_provider(request, provider)
               ^^^^^^^^^^^^^^^^^^^^^^^^^^^^^^^^^^^^^^^
  File "E:\myblog\.venv\Lib\site-packages\allauth\socialaccount\adapter.py", line 212, in get_provider
    app = self.get_app(request, provider=provider, client_id=client_id)
          ^^^^^^^^^^^^^^^^^^^^^^^^^^^^^^^^^^^^^^^^^^^^^^^^^^^^^^^^^^^^^
  File "E:\myblog\.venv\Lib\site-packages\allauth\socialaccount\adapter.py", line 299, in get_app
    raise MultipleObjectsReturned
django.core.exceptions.MultipleObjectsReturned
"GET /accounts/login/ HTTP/1.1" 500 247024
"GET /admin/ HTTP/1.1" 302 0
"GET /admin/login/?next=/admin/ HTTP/1.1" 200 18391
"POST /admin/login/?next=/admin/ HTTP/1.1" 200 18550
"POST /admin/login/?next=/admin/ HTTP/1.1" 302 0
"GET /admin/ HTTP/1.1" 200 29484
"GET /admin/socialaccount/socialapp/ HTTP/1.1" 200 29495
"GET /admin/jsi18n/ HTTP/1.1" 200 9327
"GET /admin/socialaccount/socialapp/1/change/ HTTP/1.1" 200 34779
"GET /admin/jsi18n/ HTTP/1.1" 200 9327
"POST /admin/socialaccount/socialapp/1/change/ HTTP/1.1" 302 0
"GET /admin/socialaccount/socialapp/ HTTP/1.1" 200 29699
"GET /admin/jsi18n/ HTTP/1.1" 200 9327
"GET /admin/socialaccount/socialtoken/ HTTP/1.1" 200 29715
"GET /admin/jsi18n/ HTTP/1.1" 200 9327
"GET /admin/socialaccount/socialapp/ HTTP/1.1" 200 29495
"GET /admin/jsi18n/ HTTP/1.1" 200 9327
Watching for file changes with StatReloader
"GET / HTTP/1.1" 200 20114
"GET /static/css/themes/theme-default.css HTTP/1.1" 304 0
"POST /accounts/logout/ HTTP/1.1" 302 0
"GET / HTTP/1.1" 200 19109
Internal Server Error: /accounts/login/
Traceback (most recent call last):
  File "E:\myblog\.venv\Lib\site-packages\django\core\handlers\exception.py", line 55, in inner
    response = get_response(request)
               ^^^^^^^^^^^^^^^^^^^^^
  File "E:\myblog\.venv\Lib\site-packages\django\core\handlers\base.py", line 220, in _get_response
    response = response.render()
               ^^^^^^^^^^^^^^^^^
  File "E:\myblog\.venv\Lib\site-packages\django\template\response.py", line 114, in render
    self.content = self.rendered_content
                   ^^^^^^^^^^^^^^^^^^^^^
  File "E:\myblog\.venv\Lib\site-packages\django\template\response.py", line 92, in rendered_content
    return template.render(context, self._request)
           ^^^^^^^^^^^^^^^^^^^^^^^^^^^^^^^^^^^^^^^
  File "E:\myblog\.venv\Lib\site-packages\django\template\backends\django.py", line 107, in render
    return self.template.render(context)
           ^^^^^^^^^^^^^^^^^^^^^^^^^^^^^
  File "E:\myblog\.venv\Lib\site-packages\django\template\base.py", line 172, in render
    return self._render(context)
           ^^^^^^^^^^^^^^^^^^^^^
  File "E:\myblog\.venv\Lib\site-packages\django\test\utils.py", line 114, in instrumented_test_render
    return self.nodelist.render(context)
           ^^^^^^^^^^^^^^^^^^^^^^^^^^^^^
  File "E:\myblog\.venv\Lib\site-packages\django\template\base.py", line 1018, in render
    return SafeString("".join([node.render_annotated(context) for node in self]))
                              ^^^^^^^^^^^^^^^^^^^^^^^^^^^^^^^^^^^^^^^^^^^^^^^^^
  File "E:\myblog\.venv\Lib\site-packages\django\template\base.py", line 1018, in <listcomp>
    return SafeString("".join([node.render_annotated(context) for node in self]))
                               ^^^^^^^^^^^^^^^^^^^^^^^^^^^^^^
  File "E:\myblog\.venv\Lib\site-packages\django\template\base.py", line 979, in render_annotated
    return self.render(context)
           ^^^^^^^^^^^^^^^^^^^^
  File "E:\myblog\.venv\Lib\site-packages\django\template\loader_tags.py", line 159, in render
    return compiled_parent._render(context)
           ^^^^^^^^^^^^^^^^^^^^^^^^^^^^^^^^
  File "E:\myblog\.venv\Lib\site-packages\django\test\utils.py", line 114, in instrumented_test_render
    return self.nodelist.render(context)
           ^^^^^^^^^^^^^^^^^^^^^^^^^^^^^
  File "E:\myblog\.venv\Lib\site-packages\django\template\base.py", line 1018, in render
    return SafeString("".join([node.render_annotated(context) for node in self]))
                              ^^^^^^^^^^^^^^^^^^^^^^^^^^^^^^^^^^^^^^^^^^^^^^^^^
  File "E:\myblog\.venv\Lib\site-packages\django\template\base.py", line 1018, in <listcomp>
    return SafeString("".join([node.render_annotated(context) for node in self]))
                               ^^^^^^^^^^^^^^^^^^^^^^^^^^^^^^
  File "E:\myblog\.venv\Lib\site-packages\django\template\base.py", line 979, in render_annotated
    return self.render(context)
           ^^^^^^^^^^^^^^^^^^^^
  File "E:\myblog\.venv\Lib\site-packages\django\template\loader_tags.py", line 65, in render
    result = block.nodelist.render(context)
             ^^^^^^^^^^^^^^^^^^^^^^^^^^^^^^
  File "E:\myblog\.venv\Lib\site-packages\django\template\base.py", line 1018, in render
    return SafeString("".join([node.render_annotated(context) for node in self]))
                              ^^^^^^^^^^^^^^^^^^^^^^^^^^^^^^^^^^^^^^^^^^^^^^^^^
  File "E:\myblog\.venv\Lib\site-packages\django\template\base.py", line 1018, in <listcomp>
    return SafeString("".join([node.render_annotated(context) for node in self]))
                               ^^^^^^^^^^^^^^^^^^^^^^^^^^^^^^
  File "E:\myblog\.venv\Lib\site-packages\django\template\base.py", line 979, in render_annotated
    return self.render(context)
           ^^^^^^^^^^^^^^^^^^^^
  File "E:\myblog\.venv\Lib\site-packages\django\template\defaulttags.py", line 327, in render
    return nodelist.render(context)
           ^^^^^^^^^^^^^^^^^^^^^^^^
  File "E:\myblog\.venv\Lib\site-packages\django\template\base.py", line 1018, in render
    return SafeString("".join([node.render_annotated(context) for node in self]))
                              ^^^^^^^^^^^^^^^^^^^^^^^^^^^^^^^^^^^^^^^^^^^^^^^^^
  File "E:\myblog\.venv\Lib\site-packages\django\template\base.py", line 1018, in <listcomp>
    return SafeString("".join([node.render_annotated(context) for node in self]))
                               ^^^^^^^^^^^^^^^^^^^^^^^^^^^^^^
  File "E:\myblog\.venv\Lib\site-packages\django\template\base.py", line 979, in render_annotated
    return self.render(context)
           ^^^^^^^^^^^^^^^^^^^^
  File "E:\myblog\.venv\Lib\site-packages\django\template\defaulttags.py", line 243, in render
    nodelist.append(node.render_annotated(context))
                    ^^^^^^^^^^^^^^^^^^^^^^^^^^^^^^
  File "E:\myblog\.venv\Lib\site-packages\django\template\base.py", line 979, in render_annotated
    return self.render(context)
           ^^^^^^^^^^^^^^^^^^^^
  File "E:\myblog\.venv\Lib\site-packages\django\template\defaulttags.py", line 327, in render
    return nodelist.render(context)
           ^^^^^^^^^^^^^^^^^^^^^^^^
  File "E:\myblog\.venv\Lib\site-packages\django\template\base.py", line 1018, in render
    return SafeString("".join([node.render_annotated(context) for node in self]))
                              ^^^^^^^^^^^^^^^^^^^^^^^^^^^^^^^^^^^^^^^^^^^^^^^^^
  File "E:\myblog\.venv\Lib\site-packages\django\template\base.py", line 1018, in <listcomp>
    return SafeString("".join([node.render_annotated(context) for node in self]))
                               ^^^^^^^^^^^^^^^^^^^^^^^^^^^^^^
  File "E:\myblog\.venv\Lib\site-packages\django\template\base.py", line 979, in render_annotated
    return self.render(context)
           ^^^^^^^^^^^^^^^^^^^^
  File "E:\myblog\.venv\Lib\site-packages\django\template\library.py", line 324, in render
    output = self.func(*resolved_args, **resolved_kwargs)
             ^^^^^^^^^^^^^^^^^^^^^^^^^^^^^^^^^^^^^^^^^^^^
  File "E:\myblog\.venv\Lib\site-packages\allauth\socialaccount\templatetags\socialaccount.py", line 21, in provider_login_url
    provider = adapter.get_provider(request, provider)
               ^^^^^^^^^^^^^^^^^^^^^^^^^^^^^^^^^^^^^^^
  File "E:\myblog\.venv\Lib\site-packages\allauth\socialaccount\adapter.py", line 212, in get_provider
    app = self.get_app(request, provider=provider, client_id=client_id)
          ^^^^^^^^^^^^^^^^^^^^^^^^^^^^^^^^^^^^^^^^^^^^^^^^^^^^^^^^^^^^^
  File "E:\myblog\.venv\Lib\site-packages\allauth\socialaccount\adapter.py", line 299, in get_app
    raise MultipleObjectsReturned
django.core.exceptions.MultipleObjectsReturned
"GET /accounts/login/ HTTP/1.1" 500 247024
Watching for file changes with StatReloader
"GET / HTTP/1.1" 200 18859
"GET /static/css/themes/theme-default.css HTTP/1.1" 304 0
"GET /media/article_images/IMG_20251120_135531_frEgvPo.jpg HTTP/1.1" 304 0
Internal Server Error: /accounts/login/
Traceback (most recent call last):
  File "E:\myblog\.venv\Lib\site-packages\django\core\handlers\exception.py", line 55, in inner
    response = get_response(request)
               ^^^^^^^^^^^^^^^^^^^^^
  File "E:\myblog\.venv\Lib\site-packages\django\core\handlers\base.py", line 220, in _get_response
    response = response.render()
               ^^^^^^^^^^^^^^^^^
  File "E:\myblog\.venv\Lib\site-packages\django\template\response.py", line 114, in render
    self.content = self.rendered_content
                   ^^^^^^^^^^^^^^^^^^^^^
  File "E:\myblog\.venv\Lib\site-packages\django\template\response.py", line 92, in rendered_content
    return template.render(context, self._request)
           ^^^^^^^^^^^^^^^^^^^^^^^^^^^^^^^^^^^^^^^
  File "E:\myblog\.venv\Lib\site-packages\django\template\backends\django.py", line 107, in render
    return self.template.render(context)
           ^^^^^^^^^^^^^^^^^^^^^^^^^^^^^
  File "E:\myblog\.venv\Lib\site-packages\django\template\base.py", line 172, in render
    return self._render(context)
           ^^^^^^^^^^^^^^^^^^^^^
  File "E:\myblog\.venv\Lib\site-packages\django\test\utils.py", line 114, in instrumented_test_render
    return self.nodelist.render(context)
           ^^^^^^^^^^^^^^^^^^^^^^^^^^^^^
  File "E:\myblog\.venv\Lib\site-packages\django\template\base.py", line 1018, in render
    return SafeString("".join([node.render_annotated(context) for node in self]))
                              ^^^^^^^^^^^^^^^^^^^^^^^^^^^^^^^^^^^^^^^^^^^^^^^^^
  File "E:\myblog\.venv\Lib\site-packages\django\template\base.py", line 1018, in <listcomp>
    return SafeString("".join([node.render_annotated(context) for node in self]))
                               ^^^^^^^^^^^^^^^^^^^^^^^^^^^^^^
  File "E:\myblog\.venv\Lib\site-packages\django\template\base.py", line 979, in render_annotated
    return self.render(context)
           ^^^^^^^^^^^^^^^^^^^^
  File "E:\myblog\.venv\Lib\site-packages\django\template\loader_tags.py", line 159, in render
    return compiled_parent._render(context)
           ^^^^^^^^^^^^^^^^^^^^^^^^^^^^^^^^
  File "E:\myblog\.venv\Lib\site-packages\django\test\utils.py", line 114, in instrumented_test_render
    return self.nodelist.render(context)
           ^^^^^^^^^^^^^^^^^^^^^^^^^^^^^
  File "E:\myblog\.venv\Lib\site-packages\django\template\base.py", line 1018, in render
    return SafeString("".join([node.render_annotated(context) for node in self]))
                              ^^^^^^^^^^^^^^^^^^^^^^^^^^^^^^^^^^^^^^^^^^^^^^^^^
  File "E:\myblog\.venv\Lib\site-packages\django\template\base.py", line 1018, in <listcomp>
    return SafeString("".join([node.render_annotated(context) for node in self]))
                               ^^^^^^^^^^^^^^^^^^^^^^^^^^^^^^
  File "E:\myblog\.venv\Lib\site-packages\django\template\base.py", line 979, in render_annotated
    return self.render(context)
           ^^^^^^^^^^^^^^^^^^^^
  File "E:\myblog\.venv\Lib\site-packages\django\template\loader_tags.py", line 65, in render
    result = block.nodelist.render(context)
             ^^^^^^^^^^^^^^^^^^^^^^^^^^^^^^
  File "E:\myblog\.venv\Lib\site-packages\django\template\base.py", line 1018, in render
    return SafeString("".join([node.render_annotated(context) for node in self]))
                              ^^^^^^^^^^^^^^^^^^^^^^^^^^^^^^^^^^^^^^^^^^^^^^^^^
  File "E:\myblog\.venv\Lib\site-packages\django\template\base.py", line 1018, in <listcomp>
    return SafeString("".join([node.render_annotated(context) for node in self]))
                               ^^^^^^^^^^^^^^^^^^^^^^^^^^^^^^
  File "E:\myblog\.venv\Lib\site-packages\django\template\base.py", line 979, in render_annotated
    return self.render(context)
           ^^^^^^^^^^^^^^^^^^^^
  File "E:\myblog\.venv\Lib\site-packages\django\template\defaulttags.py", line 327, in render
    return nodelist.render(context)
           ^^^^^^^^^^^^^^^^^^^^^^^^
  File "E:\myblog\.venv\Lib\site-packages\django\template\base.py", line 1018, in render
    return SafeString("".join([node.render_annotated(context) for node in self]))
                              ^^^^^^^^^^^^^^^^^^^^^^^^^^^^^^^^^^^^^^^^^^^^^^^^^
  File "E:\myblog\.venv\Lib\site-packages\django\template\base.py", line 1018, in <listcomp>
    return SafeString("".join([node.render_annotated(context) for node in self]))
                               ^^^^^^^^^^^^^^^^^^^^^^^^^^^^^^
  File "E:\myblog\.venv\Lib\site-packages\django\template\base.py", line 979, in render_annotated
    return self.render(context)
           ^^^^^^^^^^^^^^^^^^^^
  File "E:\myblog\.venv\Lib\site-packages\django\template\defaulttags.py", line 243, in render
    nodelist.append(node.render_annotated(context))
                    ^^^^^^^^^^^^^^^^^^^^^^^^^^^^^^
  File "E:\myblog\.venv\Lib\site-packages\django\template\base.py", line 979, in render_annotated
    return self.render(context)
           ^^^^^^^^^^^^^^^^^^^^
  File "E:\myblog\.venv\Lib\site-packages\django\template\defaulttags.py", line 327, in render
    return nodelist.render(context)
           ^^^^^^^^^^^^^^^^^^^^^^^^
  File "E:\myblog\.venv\Lib\site-packages\django\template\base.py", line 1018, in render
    return SafeString("".join([node.render_annotated(context) for node in self]))
                              ^^^^^^^^^^^^^^^^^^^^^^^^^^^^^^^^^^^^^^^^^^^^^^^^^
  File "E:\myblog\.venv\Lib\site-packages\django\template\base.py", line 1018, in <listcomp>
    return SafeString("".join([node.render_annotated(context) for node in self]))
                               ^^^^^^^^^^^^^^^^^^^^^^^^^^^^^^
  File "E:\myblog\.venv\Lib\site-packages\django\template\base.py", line 979, in render_annotated
    return self.render(context)
           ^^^^^^^^^^^^^^^^^^^^
  File "E:\myblog\.venv\Lib\site-packages\django\template\library.py", line 324, in render
    output = self.func(*resolved_args, **resolved_kwargs)
             ^^^^^^^^^^^^^^^^^^^^^^^^^^^^^^^^^^^^^^^^^^^^
  File "E:\myblog\.venv\Lib\site-packages\allauth\socialaccount\templatetags\socialaccount.py", line 21, in provider_login_url
    provider = adapter.get_provider(request, provider)
               ^^^^^^^^^^^^^^^^^^^^^^^^^^^^^^^^^^^^^^^
  File "E:\myblog\.venv\Lib\site-packages\allauth\socialaccount\adapter.py", line 212, in get_provider
    app = self.get_app(request, provider=provider, client_id=client_id)
          ^^^^^^^^^^^^^^^^^^^^^^^^^^^^^^^^^^^^^^^^^^^^^^^^^^^^^^^^^^^^^
  File "E:\myblog\.venv\Lib\site-packages\allauth\socialaccount\adapter.py", line 299, in get_app
    raise MultipleObjectsReturned
django.core.exceptions.MultipleObjectsReturned
"GET /accounts/login/ HTTP/1.1" 500 247024
Watching for file changes with StatReloader
"GET / HTTP/1.1" 200 18859
"GET /static/css/themes/theme-default.css HTTP/1.1" 304 0
Internal Server Error: /accounts/login/
Traceback (most recent call last):
  File "E:\myblog\.venv\Lib\site-packages\django\core\handlers\exception.py", line 55, in inner
    response = get_response(request)
               ^^^^^^^^^^^^^^^^^^^^^
  File "E:\myblog\.venv\Lib\site-packages\django\core\handlers\base.py", line 220, in _get_response
    response = response.render()
               ^^^^^^^^^^^^^^^^^
  File "E:\myblog\.venv\Lib\site-packages\django\template\response.py", line 114, in render
    self.content = self.rendered_content
                   ^^^^^^^^^^^^^^^^^^^^^
  File "E:\myblog\.venv\Lib\site-packages\django\template\response.py", line 92, in rendered_content
    return template.render(context, self._request)
           ^^^^^^^^^^^^^^^^^^^^^^^^^^^^^^^^^^^^^^^
  File "E:\myblog\.venv\Lib\site-packages\django\template\backends\django.py", line 107, in render
    return self.template.render(context)
           ^^^^^^^^^^^^^^^^^^^^^^^^^^^^^
  File "E:\myblog\.venv\Lib\site-packages\django\template\base.py", line 172, in render
    return self._render(context)
           ^^^^^^^^^^^^^^^^^^^^^
  File "E:\myblog\.venv\Lib\site-packages\django\test\utils.py", line 114, in instrumented_test_render
    return self.nodelist.render(context)
           ^^^^^^^^^^^^^^^^^^^^^^^^^^^^^
  File "E:\myblog\.venv\Lib\site-packages\django\template\base.py", line 1018, in render
    return SafeString("".join([node.render_annotated(context) for node in self]))
                              ^^^^^^^^^^^^^^^^^^^^^^^^^^^^^^^^^^^^^^^^^^^^^^^^^
  File "E:\myblog\.venv\Lib\site-packages\django\template\base.py", line 1018, in <listcomp>
    return SafeString("".join([node.render_annotated(context) for node in self]))
                               ^^^^^^^^^^^^^^^^^^^^^^^^^^^^^^
  File "E:\myblog\.venv\Lib\site-packages\django\template\base.py", line 979, in render_annotated
    return self.render(context)
           ^^^^^^^^^^^^^^^^^^^^
  File "E:\myblog\.venv\Lib\site-packages\django\template\loader_tags.py", line 159, in render
    return compiled_parent._render(context)
           ^^^^^^^^^^^^^^^^^^^^^^^^^^^^^^^^
  File "E:\myblog\.venv\Lib\site-packages\django\test\utils.py", line 114, in instrumented_test_render
    return self.nodelist.render(context)
           ^^^^^^^^^^^^^^^^^^^^^^^^^^^^^
  File "E:\myblog\.venv\Lib\site-packages\django\template\base.py", line 1018, in render
    return SafeString("".join([node.render_annotated(context) for node in self]))
                              ^^^^^^^^^^^^^^^^^^^^^^^^^^^^^^^^^^^^^^^^^^^^^^^^^
  File "E:\myblog\.venv\Lib\site-packages\django\template\base.py", line 1018, in <listcomp>
    return SafeString("".join([node.render_annotated(context) for node in self]))
                               ^^^^^^^^^^^^^^^^^^^^^^^^^^^^^^
  File "E:\myblog\.venv\Lib\site-packages\django\template\base.py", line 979, in render_annotated
    return self.render(context)
           ^^^^^^^^^^^^^^^^^^^^
  File "E:\myblog\.venv\Lib\site-packages\django\template\loader_tags.py", line 65, in render
    result = block.nodelist.render(context)
             ^^^^^^^^^^^^^^^^^^^^^^^^^^^^^^
  File "E:\myblog\.venv\Lib\site-packages\django\template\base.py", line 1018, in render
    return SafeString("".join([node.render_annotated(context) for node in self]))
                              ^^^^^^^^^^^^^^^^^^^^^^^^^^^^^^^^^^^^^^^^^^^^^^^^^
  File "E:\myblog\.venv\Lib\site-packages\django\template\base.py", line 1018, in <listcomp>
    return SafeString("".join([node.render_annotated(context) for node in self]))
                               ^^^^^^^^^^^^^^^^^^^^^^^^^^^^^^
  File "E:\myblog\.venv\Lib\site-packages\django\template\base.py", line 979, in render_annotated
    return self.render(context)
           ^^^^^^^^^^^^^^^^^^^^
  File "E:\myblog\.venv\Lib\site-packages\django\template\defaulttags.py", line 327, in render
    return nodelist.render(context)
           ^^^^^^^^^^^^^^^^^^^^^^^^
  File "E:\myblog\.venv\Lib\site-packages\django\template\base.py", line 1018, in render
    return SafeString("".join([node.render_annotated(context) for node in self]))
                              ^^^^^^^^^^^^^^^^^^^^^^^^^^^^^^^^^^^^^^^^^^^^^^^^^
  File "E:\myblog\.venv\Lib\site-packages\django\template\base.py", line 1018, in <listcomp>
    return SafeString("".join([node.render_annotated(context) for node in self]))
                               ^^^^^^^^^^^^^^^^^^^^^^^^^^^^^^
  File "E:\myblog\.venv\Lib\site-packages\django\template\base.py", line 979, in render_annotated
    return self.render(context)
           ^^^^^^^^^^^^^^^^^^^^
  File "E:\myblog\.venv\Lib\site-packages\django\template\defaulttags.py", line 243, in render
    nodelist.append(node.render_annotated(context))
                    ^^^^^^^^^^^^^^^^^^^^^^^^^^^^^^
  File "E:\myblog\.venv\Lib\site-packages\django\template\base.py", line 979, in render_annotated
    return self.render(context)
           ^^^^^^^^^^^^^^^^^^^^
  File "E:\myblog\.venv\Lib\site-packages\django\template\defaulttags.py", line 327, in render
    return nodelist.render(context)
           ^^^^^^^^^^^^^^^^^^^^^^^^
  File "E:\myblog\.venv\Lib\site-packages\django\template\base.py", line 1018, in render
    return SafeString("".join([node.render_annotated(context) for node in self]))
                              ^^^^^^^^^^^^^^^^^^^^^^^^^^^^^^^^^^^^^^^^^^^^^^^^^
  File "E:\myblog\.venv\Lib\site-packages\django\template\base.py", line 1018, in <listcomp>
    return SafeString("".join([node.render_annotated(context) for node in self]))
                               ^^^^^^^^^^^^^^^^^^^^^^^^^^^^^^
  File "E:\myblog\.venv\Lib\site-packages\django\template\base.py", line 979, in render_annotated
    return self.render(context)
           ^^^^^^^^^^^^^^^^^^^^
  File "E:\myblog\.venv\Lib\site-packages\django\template\library.py", line 324, in render
    output = self.func(*resolved_args, **resolved_kwargs)
             ^^^^^^^^^^^^^^^^^^^^^^^^^^^^^^^^^^^^^^^^^^^^
  File "E:\myblog\.venv\Lib\site-packages\allauth\socialaccount\templatetags\socialaccount.py", line 21, in provider_login_url
    provider = adapter.get_provider(request, provider)
               ^^^^^^^^^^^^^^^^^^^^^^^^^^^^^^^^^^^^^^^
  File "E:\myblog\.venv\Lib\site-packages\allauth\socialaccount\adapter.py", line 212, in get_provider
    app = self.get_app(request, provider=provider, client_id=client_id)
          ^^^^^^^^^^^^^^^^^^^^^^^^^^^^^^^^^^^^^^^^^^^^^^^^^^^^^^^^^^^^^
  File "E:\myblog\.venv\Lib\site-packages\allauth\socialaccount\adapter.py", line 299, in get_app
    raise MultipleObjectsReturned
django.core.exceptions.MultipleObjectsReturned
"GET /accounts/login/ HTTP/1.1" 500 247024
Watching for file changes with StatReloader
"GET / HTTP/1.1" 200 18859
Internal Server Error: /accounts/login/
Traceback (most recent call last):
  File "E:\myblog\.venv\Lib\site-packages\django\core\handlers\exception.py", line 55, in inner
    response = get_response(request)
               ^^^^^^^^^^^^^^^^^^^^^
  File "E:\myblog\.venv\Lib\site-packages\django\core\handlers\base.py", line 220, in _get_response
    response = response.render()
               ^^^^^^^^^^^^^^^^^
  File "E:\myblog\.venv\Lib\site-packages\django\template\response.py", line 114, in render
    self.content = self.rendered_content
                   ^^^^^^^^^^^^^^^^^^^^^
  File "E:\myblog\.venv\Lib\site-packages\django\template\response.py", line 92, in rendered_content
    return template.render(context, self._request)
           ^^^^^^^^^^^^^^^^^^^^^^^^^^^^^^^^^^^^^^^
  File "E:\myblog\.venv\Lib\site-packages\django\template\backends\django.py", line 107, in render
    return self.template.render(context)
           ^^^^^^^^^^^^^^^^^^^^^^^^^^^^^
  File "E:\myblog\.venv\Lib\site-packages\django\template\base.py", line 172, in render
    return self._render(context)
           ^^^^^^^^^^^^^^^^^^^^^
  File "E:\myblog\.venv\Lib\site-packages\django\test\utils.py", line 114, in instrumented_test_render
    return self.nodelist.render(context)
           ^^^^^^^^^^^^^^^^^^^^^^^^^^^^^
  File "E:\myblog\.venv\Lib\site-packages\django\template\base.py", line 1018, in render
    return SafeString("".join([node.render_annotated(context) for node in self]))
                              ^^^^^^^^^^^^^^^^^^^^^^^^^^^^^^^^^^^^^^^^^^^^^^^^^
  File "E:\myblog\.venv\Lib\site-packages\django\template\base.py", line 1018, in <listcomp>
    return SafeString("".join([node.render_annotated(context) for node in self]))
                               ^^^^^^^^^^^^^^^^^^^^^^^^^^^^^^
  File "E:\myblog\.venv\Lib\site-packages\django\template\base.py", line 979, in render_annotated
    return self.render(context)
           ^^^^^^^^^^^^^^^^^^^^
  File "E:\myblog\.venv\Lib\site-packages\django\template\loader_tags.py", line 159, in render
    return compiled_parent._render(context)
           ^^^^^^^^^^^^^^^^^^^^^^^^^^^^^^^^
  File "E:\myblog\.venv\Lib\site-packages\django\test\utils.py", line 114, in instrumented_test_render
    return self.nodelist.render(context)
           ^^^^^^^^^^^^^^^^^^^^^^^^^^^^^
  File "E:\myblog\.venv\Lib\site-packages\django\template\base.py", line 1018, in render
    return SafeString("".join([node.render_annotated(context) for node in self]))
                              ^^^^^^^^^^^^^^^^^^^^^^^^^^^^^^^^^^^^^^^^^^^^^^^^^
  File "E:\myblog\.venv\Lib\site-packages\django\template\base.py", line 1018, in <listcomp>
    return SafeString("".join([node.render_annotated(context) for node in self]))
                               ^^^^^^^^^^^^^^^^^^^^^^^^^^^^^^
  File "E:\myblog\.venv\Lib\site-packages\django\template\base.py", line 979, in render_annotated
    return self.render(context)
           ^^^^^^^^^^^^^^^^^^^^
  File "E:\myblog\.venv\Lib\site-packages\django\template\loader_tags.py", line 65, in render
    result = block.nodelist.render(context)
             ^^^^^^^^^^^^^^^^^^^^^^^^^^^^^^
  File "E:\myblog\.venv\Lib\site-packages\django\template\base.py", line 1018, in render
    return SafeString("".join([node.render_annotated(context) for node in self]))
                              ^^^^^^^^^^^^^^^^^^^^^^^^^^^^^^^^^^^^^^^^^^^^^^^^^
  File "E:\myblog\.venv\Lib\site-packages\django\template\base.py", line 1018, in <listcomp>
    return SafeString("".join([node.render_annotated(context) for node in self]))
                               ^^^^^^^^^^^^^^^^^^^^^^^^^^^^^^
  File "E:\myblog\.venv\Lib\site-packages\django\template\base.py", line 979, in render_annotated
    return self.render(context)
           ^^^^^^^^^^^^^^^^^^^^
  File "E:\myblog\.venv\Lib\site-packages\django\template\defaulttags.py", line 327, in render
    return nodelist.render(context)
           ^^^^^^^^^^^^^^^^^^^^^^^^
  File "E:\myblog\.venv\Lib\site-packages\django\template\base.py", line 1018, in render
    return SafeString("".join([node.render_annotated(context) for node in self]))
                              ^^^^^^^^^^^^^^^^^^^^^^^^^^^^^^^^^^^^^^^^^^^^^^^^^
  File "E:\myblog\.venv\Lib\site-packages\django\template\base.py", line 1018, in <listcomp>
    return SafeString("".join([node.render_annotated(context) for node in self]))
                               ^^^^^^^^^^^^^^^^^^^^^^^^^^^^^^
  File "E:\myblog\.venv\Lib\site-packages\django\template\base.py", line 979, in render_annotated
    return self.render(context)
           ^^^^^^^^^^^^^^^^^^^^
  File "E:\myblog\.venv\Lib\site-packages\django\template\defaulttags.py", line 243, in render
    nodelist.append(node.render_annotated(context))
                    ^^^^^^^^^^^^^^^^^^^^^^^^^^^^^^
  File "E:\myblog\.venv\Lib\site-packages\django\template\base.py", line 979, in render_annotated
    return self.render(context)
           ^^^^^^^^^^^^^^^^^^^^
  File "E:\myblog\.venv\Lib\site-packages\django\template\defaulttags.py", line 327, in render
    return nodelist.render(context)
           ^^^^^^^^^^^^^^^^^^^^^^^^
  File "E:\myblog\.venv\Lib\site-packages\django\template\base.py", line 1018, in render
    return SafeString("".join([node.render_annotated(context) for node in self]))
                              ^^^^^^^^^^^^^^^^^^^^^^^^^^^^^^^^^^^^^^^^^^^^^^^^^
  File "E:\myblog\.venv\Lib\site-packages\django\template\base.py", line 1018, in <listcomp>
    return SafeString("".join([node.render_annotated(context) for node in self]))
                               ^^^^^^^^^^^^^^^^^^^^^^^^^^^^^^
  File "E:\myblog\.venv\Lib\site-packages\django\template\base.py", line 979, in render_annotated
    return self.render(context)
           ^^^^^^^^^^^^^^^^^^^^
  File "E:\myblog\.venv\Lib\site-packages\django\template\library.py", line 324, in render
    output = self.func(*resolved_args, **resolved_kwargs)
             ^^^^^^^^^^^^^^^^^^^^^^^^^^^^^^^^^^^^^^^^^^^^
  File "E:\myblog\.venv\Lib\site-packages\allauth\socialaccount\templatetags\socialaccount.py", line 21, in provider_login_url
    provider = adapter.get_provider(request, provider)
               ^^^^^^^^^^^^^^^^^^^^^^^^^^^^^^^^^^^^^^^
  File "E:\myblog\.venv\Lib\site-packages\allauth\socialaccount\adapter.py", line 212, in get_provider
    app = self.get_app(request, provider=provider, client_id=client_id)
          ^^^^^^^^^^^^^^^^^^^^^^^^^^^^^^^^^^^^^^^^^^^^^^^^^^^^^^^^^^^^^
  File "E:\myblog\.venv\Lib\site-packages\allauth\socialaccount\adapter.py", line 299, in get_app
    raise MultipleObjectsReturned
django.core.exceptions.MultipleObjectsReturned
"GET /accounts/login/ HTTP/1.1" 500 247024
Watching for file changes with StatReloader
"GET / HTTP/1.1" 200 18859
"GET /static/css/themes/theme-default.css HTTP/1.1" 304 0
Internal Server Error: /accounts/login/
Traceback (most recent call last):
  File "E:\myblog\.venv\Lib\site-packages\django\core\handlers\exception.py", line 55, in inner
    response = get_response(request)
               ^^^^^^^^^^^^^^^^^^^^^
  File "E:\myblog\.venv\Lib\site-packages\django\core\handlers\base.py", line 220, in _get_response
    response = response.render()
               ^^^^^^^^^^^^^^^^^
  File "E:\myblog\.venv\Lib\site-packages\django\template\response.py", line 114, in render
    self.content = self.rendered_content
                   ^^^^^^^^^^^^^^^^^^^^^
  File "E:\myblog\.venv\Lib\site-packages\django\template\response.py", line 92, in rendered_content
    return template.render(context, self._request)
           ^^^^^^^^^^^^^^^^^^^^^^^^^^^^^^^^^^^^^^^
  File "E:\myblog\.venv\Lib\site-packages\django\template\backends\django.py", line 107, in render
    return self.template.render(context)
           ^^^^^^^^^^^^^^^^^^^^^^^^^^^^^
  File "E:\myblog\.venv\Lib\site-packages\django\template\base.py", line 172, in render
    return self._render(context)
           ^^^^^^^^^^^^^^^^^^^^^
  File "E:\myblog\.venv\Lib\site-packages\django\test\utils.py", line 114, in instrumented_test_render
    return self.nodelist.render(context)
           ^^^^^^^^^^^^^^^^^^^^^^^^^^^^^
  File "E:\myblog\.venv\Lib\site-packages\django\template\base.py", line 1018, in render
    return SafeString("".join([node.render_annotated(context) for node in self]))
                              ^^^^^^^^^^^^^^^^^^^^^^^^^^^^^^^^^^^^^^^^^^^^^^^^^
  File "E:\myblog\.venv\Lib\site-packages\django\template\base.py", line 1018, in <listcomp>
    return SafeString("".join([node.render_annotated(context) for node in self]))
                               ^^^^^^^^^^^^^^^^^^^^^^^^^^^^^^
  File "E:\myblog\.venv\Lib\site-packages\django\template\base.py", line 979, in render_annotated
    return self.render(context)
           ^^^^^^^^^^^^^^^^^^^^
  File "E:\myblog\.venv\Lib\site-packages\django\template\loader_tags.py", line 159, in render
    return compiled_parent._render(context)
           ^^^^^^^^^^^^^^^^^^^^^^^^^^^^^^^^
  File "E:\myblog\.venv\Lib\site-packages\django\test\utils.py", line 114, in instrumented_test_render
    return self.nodelist.render(context)
           ^^^^^^^^^^^^^^^^^^^^^^^^^^^^^
  File "E:\myblog\.venv\Lib\site-packages\django\template\base.py", line 1018, in render
    return SafeString("".join([node.render_annotated(context) for node in self]))
                              ^^^^^^^^^^^^^^^^^^^^^^^^^^^^^^^^^^^^^^^^^^^^^^^^^
  File "E:\myblog\.venv\Lib\site-packages\django\template\base.py", line 1018, in <listcomp>
    return SafeString("".join([node.render_annotated(context) for node in self]))
                               ^^^^^^^^^^^^^^^^^^^^^^^^^^^^^^
  File "E:\myblog\.venv\Lib\site-packages\django\template\base.py", line 979, in render_annotated
    return self.render(context)
           ^^^^^^^^^^^^^^^^^^^^
  File "E:\myblog\.venv\Lib\site-packages\django\template\loader_tags.py", line 65, in render
    result = block.nodelist.render(context)
             ^^^^^^^^^^^^^^^^^^^^^^^^^^^^^^
  File "E:\myblog\.venv\Lib\site-packages\django\template\base.py", line 1018, in render
    return SafeString("".join([node.render_annotated(context) for node in self]))
                              ^^^^^^^^^^^^^^^^^^^^^^^^^^^^^^^^^^^^^^^^^^^^^^^^^
  File "E:\myblog\.venv\Lib\site-packages\django\template\base.py", line 1018, in <listcomp>
    return SafeString("".join([node.render_annotated(context) for node in self]))
                               ^^^^^^^^^^^^^^^^^^^^^^^^^^^^^^
  File "E:\myblog\.venv\Lib\site-packages\django\template\base.py", line 979, in render_annotated
    return self.render(context)
           ^^^^^^^^^^^^^^^^^^^^
  File "E:\myblog\.venv\Lib\site-packages\django\template\defaulttags.py", line 327, in render
    return nodelist.render(context)
           ^^^^^^^^^^^^^^^^^^^^^^^^
  File "E:\myblog\.venv\Lib\site-packages\django\template\base.py", line 1018, in render
    return SafeString("".join([node.render_annotated(context) for node in self]))
                              ^^^^^^^^^^^^^^^^^^^^^^^^^^^^^^^^^^^^^^^^^^^^^^^^^
  File "E:\myblog\.venv\Lib\site-packages\django\template\base.py", line 1018, in <listcomp>
    return SafeString("".join([node.render_annotated(context) for node in self]))
                               ^^^^^^^^^^^^^^^^^^^^^^^^^^^^^^
  File "E:\myblog\.venv\Lib\site-packages\django\template\base.py", line 979, in render_annotated
    return self.render(context)
           ^^^^^^^^^^^^^^^^^^^^
  File "E:\myblog\.venv\Lib\site-packages\django\template\defaulttags.py", line 243, in render
    nodelist.append(node.render_annotated(context))
                    ^^^^^^^^^^^^^^^^^^^^^^^^^^^^^^
  File "E:\myblog\.venv\Lib\site-packages\django\template\base.py", line 979, in render_annotated
    return self.render(context)
           ^^^^^^^^^^^^^^^^^^^^
  File "E:\myblog\.venv\Lib\site-packages\django\template\defaulttags.py", line 327, in render
    return nodelist.render(context)
           ^^^^^^^^^^^^^^^^^^^^^^^^
  File "E:\myblog\.venv\Lib\site-packages\django\template\base.py", line 1018, in render
    return SafeString("".join([node.render_annotated(context) for node in self]))
                              ^^^^^^^^^^^^^^^^^^^^^^^^^^^^^^^^^^^^^^^^^^^^^^^^^
  File "E:\myblog\.venv\Lib\site-packages\django\template\base.py", line 1018, in <listcomp>
    return SafeString("".join([node.render_annotated(context) for node in self]))
                               ^^^^^^^^^^^^^^^^^^^^^^^^^^^^^^
  File "E:\myblog\.venv\Lib\site-packages\django\template\base.py", line 979, in render_annotated
    return self.render(context)
           ^^^^^^^^^^^^^^^^^^^^
  File "E:\myblog\.venv\Lib\site-packages\django\template\library.py", line 324, in render
    output = self.func(*resolved_args, **resolved_kwargs)
             ^^^^^^^^^^^^^^^^^^^^^^^^^^^^^^^^^^^^^^^^^^^^
  File "E:\myblog\.venv\Lib\site-packages\allauth\socialaccount\templatetags\socialaccount.py", line 21, in provider_login_url
    provider = adapter.get_provider(request, provider)
               ^^^^^^^^^^^^^^^^^^^^^^^^^^^^^^^^^^^^^^^
  File "E:\myblog\.venv\Lib\site-packages\allauth\socialaccount\adapter.py", line 212, in get_provider
    app = self.get_app(request, provider=provider, client_id=client_id)
          ^^^^^^^^^^^^^^^^^^^^^^^^^^^^^^^^^^^^^^^^^^^^^^^^^^^^^^^^^^^^^
  File "E:\myblog\.venv\Lib\site-packages\allauth\socialaccount\adapter.py", line 299, in get_app
    raise MultipleObjectsReturned
django.core.exceptions.MultipleObjectsReturned
"GET /accounts/login/ HTTP/1.1" 500 247024
Watching for file changes with StatReloader
"GET / HTTP/1.1" 200 18859
Internal Server Error: /accounts/login/
Traceback (most recent call last):
  File "E:\myblog\.venv\Lib\site-packages\django\core\handlers\exception.py", line 55, in inner
    response = get_response(request)
               ^^^^^^^^^^^^^^^^^^^^^
  File "E:\myblog\.venv\Lib\site-packages\django\core\handlers\base.py", line 220, in _get_response
    response = response.render()
               ^^^^^^^^^^^^^^^^^
  File "E:\myblog\.venv\Lib\site-packages\django\template\response.py", line 114, in render
    self.content = self.rendered_content
                   ^^^^^^^^^^^^^^^^^^^^^
  File "E:\myblog\.venv\Lib\site-packages\django\template\response.py", line 92, in rendered_content
    return template.render(context, self._request)
           ^^^^^^^^^^^^^^^^^^^^^^^^^^^^^^^^^^^^^^^
  File "E:\myblog\.venv\Lib\site-packages\django\template\backends\django.py", line 107, in render
    return self.template.render(context)
           ^^^^^^^^^^^^^^^^^^^^^^^^^^^^^
  File "E:\myblog\.venv\Lib\site-packages\django\template\base.py", line 172, in render
    return self._render(context)
           ^^^^^^^^^^^^^^^^^^^^^
  File "E:\myblog\.venv\Lib\site-packages\django\test\utils.py", line 114, in instrumented_test_render
    return self.nodelist.render(context)
           ^^^^^^^^^^^^^^^^^^^^^^^^^^^^^
  File "E:\myblog\.venv\Lib\site-packages\django\template\base.py", line 1018, in render
    return SafeString("".join([node.render_annotated(context) for node in self]))
                              ^^^^^^^^^^^^^^^^^^^^^^^^^^^^^^^^^^^^^^^^^^^^^^^^^
  File "E:\myblog\.venv\Lib\site-packages\django\template\base.py", line 1018, in <listcomp>
    return SafeString("".join([node.render_annotated(context) for node in self]))
                               ^^^^^^^^^^^^^^^^^^^^^^^^^^^^^^
  File "E:\myblog\.venv\Lib\site-packages\django\template\base.py", line 979, in render_annotated
    return self.render(context)
           ^^^^^^^^^^^^^^^^^^^^
  File "E:\myblog\.venv\Lib\site-packages\django\template\loader_tags.py", line 159, in render
    return compiled_parent._render(context)
           ^^^^^^^^^^^^^^^^^^^^^^^^^^^^^^^^
  File "E:\myblog\.venv\Lib\site-packages\django\test\utils.py", line 114, in instrumented_test_render
    return self.nodelist.render(context)
           ^^^^^^^^^^^^^^^^^^^^^^^^^^^^^
  File "E:\myblog\.venv\Lib\site-packages\django\template\base.py", line 1018, in render
    return SafeString("".join([node.render_annotated(context) for node in self]))
                              ^^^^^^^^^^^^^^^^^^^^^^^^^^^^^^^^^^^^^^^^^^^^^^^^^
  File "E:\myblog\.venv\Lib\site-packages\django\template\base.py", line 1018, in <listcomp>
    return SafeString("".join([node.render_annotated(context) for node in self]))
                               ^^^^^^^^^^^^^^^^^^^^^^^^^^^^^^
  File "E:\myblog\.venv\Lib\site-packages\django\template\base.py", line 979, in render_annotated
    return self.render(context)
           ^^^^^^^^^^^^^^^^^^^^
  File "E:\myblog\.venv\Lib\site-packages\django\template\loader_tags.py", line 65, in render
    result = block.nodelist.render(context)
             ^^^^^^^^^^^^^^^^^^^^^^^^^^^^^^
  File "E:\myblog\.venv\Lib\site-packages\django\template\base.py", line 1018, in render
    return SafeString("".join([node.render_annotated(context) for node in self]))
                              ^^^^^^^^^^^^^^^^^^^^^^^^^^^^^^^^^^^^^^^^^^^^^^^^^
  File "E:\myblog\.venv\Lib\site-packages\django\template\base.py", line 1018, in <listcomp>
    return SafeString("".join([node.render_annotated(context) for node in self]))
                               ^^^^^^^^^^^^^^^^^^^^^^^^^^^^^^
  File "E:\myblog\.venv\Lib\site-packages\django\template\base.py", line 979, in render_annotated
    return self.render(context)
           ^^^^^^^^^^^^^^^^^^^^
  File "E:\myblog\.venv\Lib\site-packages\django\template\defaulttags.py", line 327, in render
    return nodelist.render(context)
           ^^^^^^^^^^^^^^^^^^^^^^^^
  File "E:\myblog\.venv\Lib\site-packages\django\template\base.py", line 1018, in render
    return SafeString("".join([node.render_annotated(context) for node in self]))
                              ^^^^^^^^^^^^^^^^^^^^^^^^^^^^^^^^^^^^^^^^^^^^^^^^^
  File "E:\myblog\.venv\Lib\site-packages\django\template\base.py", line 1018, in <listcomp>
    return SafeString("".join([node.render_annotated(context) for node in self]))
                               ^^^^^^^^^^^^^^^^^^^^^^^^^^^^^^
  File "E:\myblog\.venv\Lib\site-packages\django\template\base.py", line 979, in render_annotated
    return self.render(context)
           ^^^^^^^^^^^^^^^^^^^^
  File "E:\myblog\.venv\Lib\site-packages\django\template\defaulttags.py", line 243, in render
    nodelist.append(node.render_annotated(context))
                    ^^^^^^^^^^^^^^^^^^^^^^^^^^^^^^
  File "E:\myblog\.venv\Lib\site-packages\django\template\base.py", line 979, in render_annotated
    return self.render(context)
           ^^^^^^^^^^^^^^^^^^^^
  File "E:\myblog\.venv\Lib\site-packages\django\template\defaulttags.py", line 327, in render
    return nodelist.render(context)
           ^^^^^^^^^^^^^^^^^^^^^^^^
  File "E:\myblog\.venv\Lib\site-packages\django\template\base.py", line 1018, in render
    return SafeString("".join([node.render_annotated(context) for node in self]))
                              ^^^^^^^^^^^^^^^^^^^^^^^^^^^^^^^^^^^^^^^^^^^^^^^^^
  File "E:\myblog\.venv\Lib\site-packages\django\template\base.py", line 1018, in <listcomp>
    return SafeString("".join([node.render_annotated(context) for node in self]))
                               ^^^^^^^^^^^^^^^^^^^^^^^^^^^^^^
  File "E:\myblog\.venv\Lib\site-packages\django\template\base.py", line 979, in render_annotated
    return self.render(context)
           ^^^^^^^^^^^^^^^^^^^^
  File "E:\myblog\.venv\Lib\site-packages\django\template\library.py", line 324, in render
    output = self.func(*resolved_args, **resolved_kwargs)
             ^^^^^^^^^^^^^^^^^^^^^^^^^^^^^^^^^^^^^^^^^^^^
  File "E:\myblog\.venv\Lib\site-packages\allauth\socialaccount\templatetags\socialaccount.py", line 21, in provider_login_url
    provider = adapter.get_provider(request, provider)
               ^^^^^^^^^^^^^^^^^^^^^^^^^^^^^^^^^^^^^^^
  File "E:\myblog\.venv\Lib\site-packages\allauth\socialaccount\adapter.py", line 212, in get_provider
    app = self.get_app(request, provider=provider, client_id=client_id)
          ^^^^^^^^^^^^^^^^^^^^^^^^^^^^^^^^^^^^^^^^^^^^^^^^^^^^^^^^^^^^^
  File "E:\myblog\.venv\Lib\site-packages\allauth\socialaccount\adapter.py", line 299, in get_app
    raise MultipleObjectsReturned
django.core.exceptions.MultipleObjectsReturned
"GET /accounts/login/ HTTP/1.1" 500 247024
Watching for file changes with StatReloader
"GET / HTTP/1.1" 200 18859
"GET /static/css/themes/theme-default.css HTTP/1.1" 304 0
Internal Server Error: /accounts/login/
Traceback (most recent call last):
  File "E:\myblog\.venv\Lib\site-packages\django\core\handlers\exception.py", line 55, in inner
    response = get_response(request)
               ^^^^^^^^^^^^^^^^^^^^^
  File "E:\myblog\.venv\Lib\site-packages\django\core\handlers\base.py", line 220, in _get_response
    response = response.render()
               ^^^^^^^^^^^^^^^^^
  File "E:\myblog\.venv\Lib\site-packages\django\template\response.py", line 114, in render
    self.content = self.rendered_content
                   ^^^^^^^^^^^^^^^^^^^^^
  File "E:\myblog\.venv\Lib\site-packages\django\template\response.py", line 92, in rendered_content
    return template.render(context, self._request)
           ^^^^^^^^^^^^^^^^^^^^^^^^^^^^^^^^^^^^^^^
  File "E:\myblog\.venv\Lib\site-packages\django\template\backends\django.py", line 107, in render
    return self.template.render(context)
           ^^^^^^^^^^^^^^^^^^^^^^^^^^^^^
  File "E:\myblog\.venv\Lib\site-packages\django\template\base.py", line 172, in render
    return self._render(context)
           ^^^^^^^^^^^^^^^^^^^^^
  File "E:\myblog\.venv\Lib\site-packages\django\test\utils.py", line 114, in instrumented_test_render
    return self.nodelist.render(context)
           ^^^^^^^^^^^^^^^^^^^^^^^^^^^^^
  File "E:\myblog\.venv\Lib\site-packages\django\template\base.py", line 1018, in render
    return SafeString("".join([node.render_annotated(context) for node in self]))
                              ^^^^^^^^^^^^^^^^^^^^^^^^^^^^^^^^^^^^^^^^^^^^^^^^^
  File "E:\myblog\.venv\Lib\site-packages\django\template\base.py", line 1018, in <listcomp>
    return SafeString("".join([node.render_annotated(context) for node in self]))
                               ^^^^^^^^^^^^^^^^^^^^^^^^^^^^^^
  File "E:\myblog\.venv\Lib\site-packages\django\template\base.py", line 979, in render_annotated
    return self.render(context)
           ^^^^^^^^^^^^^^^^^^^^
  File "E:\myblog\.venv\Lib\site-packages\django\template\loader_tags.py", line 159, in render
    return compiled_parent._render(context)
           ^^^^^^^^^^^^^^^^^^^^^^^^^^^^^^^^
  File "E:\myblog\.venv\Lib\site-packages\django\test\utils.py", line 114, in instrumented_test_render
    return self.nodelist.render(context)
           ^^^^^^^^^^^^^^^^^^^^^^^^^^^^^
  File "E:\myblog\.venv\Lib\site-packages\django\template\base.py", line 1018, in render
    return SafeString("".join([node.render_annotated(context) for node in self]))
                              ^^^^^^^^^^^^^^^^^^^^^^^^^^^^^^^^^^^^^^^^^^^^^^^^^
  File "E:\myblog\.venv\Lib\site-packages\django\template\base.py", line 1018, in <listcomp>
    return SafeString("".join([node.render_annotated(context) for node in self]))
                               ^^^^^^^^^^^^^^^^^^^^^^^^^^^^^^
  File "E:\myblog\.venv\Lib\site-packages\django\template\base.py", line 979, in render_annotated
    return self.render(context)
           ^^^^^^^^^^^^^^^^^^^^
  File "E:\myblog\.venv\Lib\site-packages\django\template\loader_tags.py", line 65, in render
    result = block.nodelist.render(context)
             ^^^^^^^^^^^^^^^^^^^^^^^^^^^^^^
  File "E:\myblog\.venv\Lib\site-packages\django\template\base.py", line 1018, in render
    return SafeString("".join([node.render_annotated(context) for node in self]))
                              ^^^^^^^^^^^^^^^^^^^^^^^^^^^^^^^^^^^^^^^^^^^^^^^^^
  File "E:\myblog\.venv\Lib\site-packages\django\template\base.py", line 1018, in <listcomp>
    return SafeString("".join([node.render_annotated(context) for node in self]))
                               ^^^^^^^^^^^^^^^^^^^^^^^^^^^^^^
  File "E:\myblog\.venv\Lib\site-packages\django\template\base.py", line 979, in render_annotated
    return self.render(context)
           ^^^^^^^^^^^^^^^^^^^^
  File "E:\myblog\.venv\Lib\site-packages\django\template\defaulttags.py", line 327, in render
    return nodelist.render(context)
           ^^^^^^^^^^^^^^^^^^^^^^^^
  File "E:\myblog\.venv\Lib\site-packages\django\template\base.py", line 1018, in render
    return SafeString("".join([node.render_annotated(context) for node in self]))
                              ^^^^^^^^^^^^^^^^^^^^^^^^^^^^^^^^^^^^^^^^^^^^^^^^^
  File "E:\myblog\.venv\Lib\site-packages\django\template\base.py", line 1018, in <listcomp>
    return SafeString("".join([node.render_annotated(context) for node in self]))
                               ^^^^^^^^^^^^^^^^^^^^^^^^^^^^^^
  File "E:\myblog\.venv\Lib\site-packages\django\template\base.py", line 979, in render_annotated
    return self.render(context)
           ^^^^^^^^^^^^^^^^^^^^
  File "E:\myblog\.venv\Lib\site-packages\django\template\defaulttags.py", line 243, in render
    nodelist.append(node.render_annotated(context))
                    ^^^^^^^^^^^^^^^^^^^^^^^^^^^^^^
  File "E:\myblog\.venv\Lib\site-packages\django\template\base.py", line 979, in render_annotated
    return self.render(context)
           ^^^^^^^^^^^^^^^^^^^^
  File "E:\myblog\.venv\Lib\site-packages\django\template\defaulttags.py", line 327, in render
    return nodelist.render(context)
           ^^^^^^^^^^^^^^^^^^^^^^^^
  File "E:\myblog\.venv\Lib\site-packages\django\template\base.py", line 1018, in render
    return SafeString("".join([node.render_annotated(context) for node in self]))
                              ^^^^^^^^^^^^^^^^^^^^^^^^^^^^^^^^^^^^^^^^^^^^^^^^^
  File "E:\myblog\.venv\Lib\site-packages\django\template\base.py", line 1018, in <listcomp>
    return SafeString("".join([node.render_annotated(context) for node in self]))
                               ^^^^^^^^^^^^^^^^^^^^^^^^^^^^^^
  File "E:\myblog\.venv\Lib\site-packages\django\template\base.py", line 979, in render_annotated
    return self.render(context)
           ^^^^^^^^^^^^^^^^^^^^
  File "E:\myblog\.venv\Lib\site-packages\django\template\library.py", line 324, in render
    output = self.func(*resolved_args, **resolved_kwargs)
             ^^^^^^^^^^^^^^^^^^^^^^^^^^^^^^^^^^^^^^^^^^^^
  File "E:\myblog\.venv\Lib\site-packages\allauth\socialaccount\templatetags\socialaccount.py", line 21, in provider_login_url
    provider = adapter.get_provider(request, provider)
               ^^^^^^^^^^^^^^^^^^^^^^^^^^^^^^^^^^^^^^^
  File "E:\myblog\.venv\Lib\site-packages\allauth\socialaccount\adapter.py", line 212, in get_provider
    app = self.get_app(request, provider=provider, client_id=client_id)
          ^^^^^^^^^^^^^^^^^^^^^^^^^^^^^^^^^^^^^^^^^^^^^^^^^^^^^^^^^^^^^
  File "E:\myblog\.venv\Lib\site-packages\allauth\socialaccount\adapter.py", line 299, in get_app
    raise MultipleObjectsReturned
django.core.exceptions.MultipleObjectsReturned
"GET /accounts/login/ HTTP/1.1" 500 247024
Watching for file changes with StatReloader
"GET / HTTP/1.1" 200 18859
Internal Server Error: /accounts/login/
Traceback (most recent call last):
  File "E:\myblog\.venv\Lib\site-packages\django\core\handlers\exception.py", line 55, in inner
    response = get_response(request)
               ^^^^^^^^^^^^^^^^^^^^^
  File "E:\myblog\.venv\Lib\site-packages\django\core\handlers\base.py", line 220, in _get_response
    response = response.render()
               ^^^^^^^^^^^^^^^^^
  File "E:\myblog\.venv\Lib\site-packages\django\template\response.py", line 114, in render
    self.content = self.rendered_content
                   ^^^^^^^^^^^^^^^^^^^^^
  File "E:\myblog\.venv\Lib\site-packages\django\template\response.py", line 92, in rendered_content
    return template.render(context, self._request)
           ^^^^^^^^^^^^^^^^^^^^^^^^^^^^^^^^^^^^^^^
  File "E:\myblog\.venv\Lib\site-packages\django\template\backends\django.py", line 107, in render
    return self.template.render(context)
           ^^^^^^^^^^^^^^^^^^^^^^^^^^^^^
  File "E:\myblog\.venv\Lib\site-packages\django\template\base.py", line 172, in render
    return self._render(context)
           ^^^^^^^^^^^^^^^^^^^^^
  File "E:\myblog\.venv\Lib\site-packages\django\test\utils.py", line 114, in instrumented_test_render
    return self.nodelist.render(context)
           ^^^^^^^^^^^^^^^^^^^^^^^^^^^^^
  File "E:\myblog\.venv\Lib\site-packages\django\template\base.py", line 1018, in render
    return SafeString("".join([node.render_annotated(context) for node in self]))
                              ^^^^^^^^^^^^^^^^^^^^^^^^^^^^^^^^^^^^^^^^^^^^^^^^^
  File "E:\myblog\.venv\Lib\site-packages\django\template\base.py", line 1018, in <listcomp>
    return SafeString("".join([node.render_annotated(context) for node in self]))
                               ^^^^^^^^^^^^^^^^^^^^^^^^^^^^^^
  File "E:\myblog\.venv\Lib\site-packages\django\template\base.py", line 979, in render_annotated
    return self.render(context)
           ^^^^^^^^^^^^^^^^^^^^
  File "E:\myblog\.venv\Lib\site-packages\django\template\loader_tags.py", line 159, in render
    return compiled_parent._render(context)
           ^^^^^^^^^^^^^^^^^^^^^^^^^^^^^^^^
  File "E:\myblog\.venv\Lib\site-packages\django\test\utils.py", line 114, in instrumented_test_render
    return self.nodelist.render(context)
           ^^^^^^^^^^^^^^^^^^^^^^^^^^^^^
  File "E:\myblog\.venv\Lib\site-packages\django\template\base.py", line 1018, in render
    return SafeString("".join([node.render_annotated(context) for node in self]))
                              ^^^^^^^^^^^^^^^^^^^^^^^^^^^^^^^^^^^^^^^^^^^^^^^^^
  File "E:\myblog\.venv\Lib\site-packages\django\template\base.py", line 1018, in <listcomp>
    return SafeString("".join([node.render_annotated(context) for node in self]))
                               ^^^^^^^^^^^^^^^^^^^^^^^^^^^^^^
  File "E:\myblog\.venv\Lib\site-packages\django\template\base.py", line 979, in render_annotated
    return self.render(context)
           ^^^^^^^^^^^^^^^^^^^^
  File "E:\myblog\.venv\Lib\site-packages\django\template\loader_tags.py", line 65, in render
    result = block.nodelist.render(context)
             ^^^^^^^^^^^^^^^^^^^^^^^^^^^^^^
  File "E:\myblog\.venv\Lib\site-packages\django\template\base.py", line 1018, in render
    return SafeString("".join([node.render_annotated(context) for node in self]))
                              ^^^^^^^^^^^^^^^^^^^^^^^^^^^^^^^^^^^^^^^^^^^^^^^^^
  File "E:\myblog\.venv\Lib\site-packages\django\template\base.py", line 1018, in <listcomp>
    return SafeString("".join([node.render_annotated(context) for node in self]))
                               ^^^^^^^^^^^^^^^^^^^^^^^^^^^^^^
  File "E:\myblog\.venv\Lib\site-packages\django\template\base.py", line 979, in render_annotated
    return self.render(context)
           ^^^^^^^^^^^^^^^^^^^^
  File "E:\myblog\.venv\Lib\site-packages\django\template\defaulttags.py", line 327, in render
    return nodelist.render(context)
           ^^^^^^^^^^^^^^^^^^^^^^^^
  File "E:\myblog\.venv\Lib\site-packages\django\template\base.py", line 1018, in render
    return SafeString("".join([node.render_annotated(context) for node in self]))
                              ^^^^^^^^^^^^^^^^^^^^^^^^^^^^^^^^^^^^^^^^^^^^^^^^^
  File "E:\myblog\.venv\Lib\site-packages\django\template\base.py", line 1018, in <listcomp>
    return SafeString("".join([node.render_annotated(context) for node in self]))
                               ^^^^^^^^^^^^^^^^^^^^^^^^^^^^^^
  File "E:\myblog\.venv\Lib\site-packages\django\template\base.py", line 979, in render_annotated
    return self.render(context)
           ^^^^^^^^^^^^^^^^^^^^
  File "E:\myblog\.venv\Lib\site-packages\django\template\defaulttags.py", line 243, in render
    nodelist.append(node.render_annotated(context))
                    ^^^^^^^^^^^^^^^^^^^^^^^^^^^^^^
  File "E:\myblog\.venv\Lib\site-packages\django\template\base.py", line 979, in render_annotated
    return self.render(context)
           ^^^^^^^^^^^^^^^^^^^^
  File "E:\myblog\.venv\Lib\site-packages\django\template\defaulttags.py", line 327, in render
    return nodelist.render(context)
           ^^^^^^^^^^^^^^^^^^^^^^^^
  File "E:\myblog\.venv\Lib\site-packages\django\template\base.py", line 1018, in render
    return SafeString("".join([node.render_annotated(context) for node in self]))
                              ^^^^^^^^^^^^^^^^^^^^^^^^^^^^^^^^^^^^^^^^^^^^^^^^^
  File "E:\myblog\.venv\Lib\site-packages\django\template\base.py", line 1018, in <listcomp>
    return SafeString("".join([node.render_annotated(context) for node in self]))
                               ^^^^^^^^^^^^^^^^^^^^^^^^^^^^^^
  File "E:\myblog\.venv\Lib\site-packages\django\template\base.py", line 979, in render_annotated
    return self.render(context)
           ^^^^^^^^^^^^^^^^^^^^
  File "E:\myblog\.venv\Lib\site-packages\django\template\library.py", line 324, in render
    output = self.func(*resolved_args, **resolved_kwargs)
             ^^^^^^^^^^^^^^^^^^^^^^^^^^^^^^^^^^^^^^^^^^^^
  File "E:\myblog\.venv\Lib\site-packages\allauth\socialaccount\templatetags\socialaccount.py", line 21, in provider_login_url
    provider = adapter.get_provider(request, provider)
               ^^^^^^^^^^^^^^^^^^^^^^^^^^^^^^^^^^^^^^^
  File "E:\myblog\.venv\Lib\site-packages\allauth\socialaccount\adapter.py", line 212, in get_provider
    app = self.get_app(request, provider=provider, client_id=client_id)
          ^^^^^^^^^^^^^^^^^^^^^^^^^^^^^^^^^^^^^^^^^^^^^^^^^^^^^^^^^^^^^
  File "E:\myblog\.venv\Lib\site-packages\allauth\socialaccount\adapter.py", line 299, in get_app
    raise MultipleObjectsReturned
django.core.exceptions.MultipleObjectsReturned
"GET /accounts/login/ HTTP/1.1" 500 247224
Watching for file changes with StatReloader
"GET / HTTP/1.1" 200 18859
"GET /static/css/themes/theme-default.css HTTP/1.1" 304 0
"GET /media/article_images/IMG_20251120_135531_frEgvPo.jpg HTTP/1.1" 304 0
Internal Server Error: /accounts/login/
Traceback (most recent call last):
  File "E:\myblog\.venv\Lib\site-packages\django\core\handlers\exception.py", line 55, in inner
    response = get_response(request)
               ^^^^^^^^^^^^^^^^^^^^^
  File "E:\myblog\.venv\Lib\site-packages\django\core\handlers\base.py", line 220, in _get_response
    response = response.render()
               ^^^^^^^^^^^^^^^^^
  File "E:\myblog\.venv\Lib\site-packages\django\template\response.py", line 114, in render
    self.content = self.rendered_content
                   ^^^^^^^^^^^^^^^^^^^^^
  File "E:\myblog\.venv\Lib\site-packages\django\template\response.py", line 92, in rendered_content
    return template.render(context, self._request)
           ^^^^^^^^^^^^^^^^^^^^^^^^^^^^^^^^^^^^^^^
  File "E:\myblog\.venv\Lib\site-packages\django\template\backends\django.py", line 107, in render
    return self.template.render(context)
           ^^^^^^^^^^^^^^^^^^^^^^^^^^^^^
  File "E:\myblog\.venv\Lib\site-packages\django\template\base.py", line 172, in render
    return self._render(context)
           ^^^^^^^^^^^^^^^^^^^^^
  File "E:\myblog\.venv\Lib\site-packages\django\test\utils.py", line 114, in instrumented_test_render
    return self.nodelist.render(context)
           ^^^^^^^^^^^^^^^^^^^^^^^^^^^^^
  File "E:\myblog\.venv\Lib\site-packages\django\template\base.py", line 1018, in render
    return SafeString("".join([node.render_annotated(context) for node in self]))
                              ^^^^^^^^^^^^^^^^^^^^^^^^^^^^^^^^^^^^^^^^^^^^^^^^^
  File "E:\myblog\.venv\Lib\site-packages\django\template\base.py", line 1018, in <listcomp>
    return SafeString("".join([node.render_annotated(context) for node in self]))
                               ^^^^^^^^^^^^^^^^^^^^^^^^^^^^^^
  File "E:\myblog\.venv\Lib\site-packages\django\template\base.py", line 979, in render_annotated
    return self.render(context)
           ^^^^^^^^^^^^^^^^^^^^
  File "E:\myblog\.venv\Lib\site-packages\django\template\loader_tags.py", line 159, in render
    return compiled_parent._render(context)
           ^^^^^^^^^^^^^^^^^^^^^^^^^^^^^^^^
  File "E:\myblog\.venv\Lib\site-packages\django\test\utils.py", line 114, in instrumented_test_render
    return self.nodelist.render(context)
           ^^^^^^^^^^^^^^^^^^^^^^^^^^^^^
  File "E:\myblog\.venv\Lib\site-packages\django\template\base.py", line 1018, in render
    return SafeString("".join([node.render_annotated(context) for node in self]))
                              ^^^^^^^^^^^^^^^^^^^^^^^^^^^^^^^^^^^^^^^^^^^^^^^^^
  File "E:\myblog\.venv\Lib\site-packages\django\template\base.py", line 1018, in <listcomp>
    return SafeString("".join([node.render_annotated(context) for node in self]))
                               ^^^^^^^^^^^^^^^^^^^^^^^^^^^^^^
  File "E:\myblog\.venv\Lib\site-packages\django\template\base.py", line 979, in render_annotated
    return self.render(context)
           ^^^^^^^^^^^^^^^^^^^^
  File "E:\myblog\.venv\Lib\site-packages\django\template\loader_tags.py", line 65, in render
    result = block.nodelist.render(context)
             ^^^^^^^^^^^^^^^^^^^^^^^^^^^^^^
  File "E:\myblog\.venv\Lib\site-packages\django\template\base.py", line 1018, in render
    return SafeString("".join([node.render_annotated(context) for node in self]))
                              ^^^^^^^^^^^^^^^^^^^^^^^^^^^^^^^^^^^^^^^^^^^^^^^^^
  File "E:\myblog\.venv\Lib\site-packages\django\template\base.py", line 1018, in <listcomp>
    return SafeString("".join([node.render_annotated(context) for node in self]))
                               ^^^^^^^^^^^^^^^^^^^^^^^^^^^^^^
  File "E:\myblog\.venv\Lib\site-packages\django\template\base.py", line 979, in render_annotated
    return self.render(context)
           ^^^^^^^^^^^^^^^^^^^^
  File "E:\myblog\.venv\Lib\site-packages\django\template\defaulttags.py", line 327, in render
    return nodelist.render(context)
           ^^^^^^^^^^^^^^^^^^^^^^^^
  File "E:\myblog\.venv\Lib\site-packages\django\template\base.py", line 1018, in render
    return SafeString("".join([node.render_annotated(context) for node in self]))
                              ^^^^^^^^^^^^^^^^^^^^^^^^^^^^^^^^^^^^^^^^^^^^^^^^^
  File "E:\myblog\.venv\Lib\site-packages\django\template\base.py", line 1018, in <listcomp>
    return SafeString("".join([node.render_annotated(context) for node in self]))
                               ^^^^^^^^^^^^^^^^^^^^^^^^^^^^^^
  File "E:\myblog\.venv\Lib\site-packages\django\template\base.py", line 979, in render_annotated
    return self.render(context)
           ^^^^^^^^^^^^^^^^^^^^
  File "E:\myblog\.venv\Lib\site-packages\django\template\defaulttags.py", line 243, in render
    nodelist.append(node.render_annotated(context))
                    ^^^^^^^^^^^^^^^^^^^^^^^^^^^^^^
  File "E:\myblog\.venv\Lib\site-packages\django\template\base.py", line 979, in render_annotated
    return self.render(context)
           ^^^^^^^^^^^^^^^^^^^^
  File "E:\myblog\.venv\Lib\site-packages\django\template\defaulttags.py", line 327, in render
    return nodelist.render(context)
           ^^^^^^^^^^^^^^^^^^^^^^^^
  File "E:\myblog\.venv\Lib\site-packages\django\template\base.py", line 1018, in render
    return SafeString("".join([node.render_annotated(context) for node in self]))
                              ^^^^^^^^^^^^^^^^^^^^^^^^^^^^^^^^^^^^^^^^^^^^^^^^^
  File "E:\myblog\.venv\Lib\site-packages\django\template\base.py", line 1018, in <listcomp>
    return SafeString("".join([node.render_annotated(context) for node in self]))
                               ^^^^^^^^^^^^^^^^^^^^^^^^^^^^^^
  File "E:\myblog\.venv\Lib\site-packages\django\template\base.py", line 979, in render_annotated
    return self.render(context)
           ^^^^^^^^^^^^^^^^^^^^
  File "E:\myblog\.venv\Lib\site-packages\django\template\defaulttags.py", line 480, in render
    url = reverse(view_name, args=args, kwargs=kwargs, current_app=current_app)
          ^^^^^^^^^^^^^^^^^^^^^^^^^^^^^^^^^^^^^^^^^^^^^^^^^^^^^^^^^^^^^^^^^^^^^
  File "E:\myblog\.venv\Lib\site-packages\django\urls\base.py", line 98, in reverse
    resolved_url = resolver._reverse_with_prefix(view, prefix, *args, **kwargs)
                   ^^^^^^^^^^^^^^^^^^^^^^^^^^^^^^^^^^^^^^^^^^^^^^^^^^^^^^^^^^^^
  File "E:\myblog\.venv\Lib\site-packages\django\urls\resolvers.py", line 831, in _reverse_with_prefix
    raise NoReverseMatch(msg)
django.urls.exceptions.NoReverseMatch: Reverse for 'socialaccount_login' not found. 'socialaccount_login' is not a valid view function or pattern name.
"GET /accounts/login/ HTTP/1.1" 500 244069
Watching for file changes with StatReloader
"GET / HTTP/1.1" 200 18858
Internal Server Error: /accounts/login/
Traceback (most recent call last):
  File "E:\myblog\.venv\Lib\site-packages\django\core\handlers\exception.py", line 55, in inner
    response = get_response(request)
               ^^^^^^^^^^^^^^^^^^^^^
  File "E:\myblog\.venv\Lib\site-packages\django\core\handlers\base.py", line 220, in _get_response
    response = response.render()
               ^^^^^^^^^^^^^^^^^
  File "E:\myblog\.venv\Lib\site-packages\django\template\response.py", line 114, in render
    self.content = self.rendered_content
                   ^^^^^^^^^^^^^^^^^^^^^
  File "E:\myblog\.venv\Lib\site-packages\django\template\response.py", line 92, in rendered_content
    return template.render(context, self._request)
           ^^^^^^^^^^^^^^^^^^^^^^^^^^^^^^^^^^^^^^^
  File "E:\myblog\.venv\Lib\site-packages\django\template\backends\django.py", line 107, in render
    return self.template.render(context)
           ^^^^^^^^^^^^^^^^^^^^^^^^^^^^^
  File "E:\myblog\.venv\Lib\site-packages\django\template\base.py", line 172, in render
    return self._render(context)
           ^^^^^^^^^^^^^^^^^^^^^
  File "E:\myblog\.venv\Lib\site-packages\django\test\utils.py", line 114, in instrumented_test_render
    return self.nodelist.render(context)
           ^^^^^^^^^^^^^^^^^^^^^^^^^^^^^
  File "E:\myblog\.venv\Lib\site-packages\django\template\base.py", line 1018, in render
    return SafeString("".join([node.render_annotated(context) for node in self]))
                              ^^^^^^^^^^^^^^^^^^^^^^^^^^^^^^^^^^^^^^^^^^^^^^^^^
  File "E:\myblog\.venv\Lib\site-packages\django\template\base.py", line 1018, in <listcomp>
    return SafeString("".join([node.render_annotated(context) for node in self]))
                               ^^^^^^^^^^^^^^^^^^^^^^^^^^^^^^
  File "E:\myblog\.venv\Lib\site-packages\django\template\base.py", line 979, in render_annotated
    return self.render(context)
           ^^^^^^^^^^^^^^^^^^^^
  File "E:\myblog\.venv\Lib\site-packages\django\template\loader_tags.py", line 159, in render
    return compiled_parent._render(context)
           ^^^^^^^^^^^^^^^^^^^^^^^^^^^^^^^^
  File "E:\myblog\.venv\Lib\site-packages\django\test\utils.py", line 114, in instrumented_test_render
    return self.nodelist.render(context)
           ^^^^^^^^^^^^^^^^^^^^^^^^^^^^^
  File "E:\myblog\.venv\Lib\site-packages\django\template\base.py", line 1018, in render
    return SafeString("".join([node.render_annotated(context) for node in self]))
                              ^^^^^^^^^^^^^^^^^^^^^^^^^^^^^^^^^^^^^^^^^^^^^^^^^
  File "E:\myblog\.venv\Lib\site-packages\django\template\base.py", line 1018, in <listcomp>
    return SafeString("".join([node.render_annotated(context) for node in self]))
                               ^^^^^^^^^^^^^^^^^^^^^^^^^^^^^^
  File "E:\myblog\.venv\Lib\site-packages\django\template\base.py", line 979, in render_annotated
    return self.render(context)
           ^^^^^^^^^^^^^^^^^^^^
  File "E:\myblog\.venv\Lib\site-packages\django\template\loader_tags.py", line 65, in render
    result = block.nodelist.render(context)
             ^^^^^^^^^^^^^^^^^^^^^^^^^^^^^^
  File "E:\myblog\.venv\Lib\site-packages\django\template\base.py", line 1018, in render
    return SafeString("".join([node.render_annotated(context) for node in self]))
                              ^^^^^^^^^^^^^^^^^^^^^^^^^^^^^^^^^^^^^^^^^^^^^^^^^
  File "E:\myblog\.venv\Lib\site-packages\django\template\base.py", line 1018, in <listcomp>
    return SafeString("".join([node.render_annotated(context) for node in self]))
                               ^^^^^^^^^^^^^^^^^^^^^^^^^^^^^^
  File "E:\myblog\.venv\Lib\site-packages\django\template\base.py", line 979, in render_annotated
    return self.render(context)
           ^^^^^^^^^^^^^^^^^^^^
  File "E:\myblog\.venv\Lib\site-packages\django\template\defaulttags.py", line 327, in render
    return nodelist.render(context)
           ^^^^^^^^^^^^^^^^^^^^^^^^
  File "E:\myblog\.venv\Lib\site-packages\django\template\base.py", line 1018, in render
    return SafeString("".join([node.render_annotated(context) for node in self]))
                              ^^^^^^^^^^^^^^^^^^^^^^^^^^^^^^^^^^^^^^^^^^^^^^^^^
  File "E:\myblog\.venv\Lib\site-packages\django\template\base.py", line 1018, in <listcomp>
    return SafeString("".join([node.render_annotated(context) for node in self]))
                               ^^^^^^^^^^^^^^^^^^^^^^^^^^^^^^
  File "E:\myblog\.venv\Lib\site-packages\django\template\base.py", line 979, in render_annotated
    return self.render(context)
           ^^^^^^^^^^^^^^^^^^^^
  File "E:\myblog\.venv\Lib\site-packages\django\template\defaulttags.py", line 243, in render
    nodelist.append(node.render_annotated(context))
                    ^^^^^^^^^^^^^^^^^^^^^^^^^^^^^^
  File "E:\myblog\.venv\Lib\site-packages\django\template\base.py", line 979, in render_annotated
    return self.render(context)
           ^^^^^^^^^^^^^^^^^^^^
  File "E:\myblog\.venv\Lib\site-packages\django\template\defaulttags.py", line 327, in render
    return nodelist.render(context)
           ^^^^^^^^^^^^^^^^^^^^^^^^
  File "E:\myblog\.venv\Lib\site-packages\django\template\base.py", line 1018, in render
    return SafeString("".join([node.render_annotated(context) for node in self]))
                              ^^^^^^^^^^^^^^^^^^^^^^^^^^^^^^^^^^^^^^^^^^^^^^^^^
  File "E:\myblog\.venv\Lib\site-packages\django\template\base.py", line 1018, in <listcomp>
    return SafeString("".join([node.render_annotated(context) for node in self]))
                               ^^^^^^^^^^^^^^^^^^^^^^^^^^^^^^
  File "E:\myblog\.venv\Lib\site-packages\django\template\base.py", line 979, in render_annotated
    return self.render(context)
           ^^^^^^^^^^^^^^^^^^^^
  File "E:\myblog\.venv\Lib\site-packages\django\template\defaulttags.py", line 480, in render
    url = reverse(view_name, args=args, kwargs=kwargs, current_app=current_app)
          ^^^^^^^^^^^^^^^^^^^^^^^^^^^^^^^^^^^^^^^^^^^^^^^^^^^^^^^^^^^^^^^^^^^^^
  File "E:\myblog\.venv\Lib\site-packages\django\urls\base.py", line 98, in reverse
    resolved_url = resolver._reverse_with_prefix(view, prefix, *args, **kwargs)
                   ^^^^^^^^^^^^^^^^^^^^^^^^^^^^^^^^^^^^^^^^^^^^^^^^^^^^^^^^^^^^
  File "E:\myblog\.venv\Lib\site-packages\django\urls\resolvers.py", line 831, in _reverse_with_prefix
    raise NoReverseMatch(msg)
django.urls.exceptions.NoReverseMatch: Reverse for 'socialaccount_login' not found. 'socialaccount_login' is not a valid view function or pattern name.
"GET /accounts/login/ HTTP/1.1" 500 244069
"GET / HTTP/1.1" 200 18858
"GET /static/css/themes/theme-default.css HTTP/1.1" 304 0
"GET /admin/socialaccount/socialapp/add/ HTTP/1.1" 302 0
"GET /admin/login/?next=/admin/socialaccount/socialapp/add/ HTTP/1.1" 200 18475
"POST /admin/login/?next=/admin/socialaccount/socialapp/add/ HTTP/1.1" 302 0
"GET /admin/socialaccount/socialapp/add/ HTTP/1.1" 200 34453
"GET /admin/jsi18n/ HTTP/1.1" 200 9327
"GET /admin/sites/site/ HTTP/1.1" 200 29641
"GET /admin/jsi18n/ HTTP/1.1" 200 9327
"POST /admin/sites/site/ HTTP/1.1" 302 0
"GET /admin/sites/site/ HTTP/1.1" 200 29762
"GET /admin/jsi18n/ HTTP/1.1" 200 9327
"GET /admin/sites/site/1/change/ HTTP/1.1" 200 29288
"GET /admin/jsi18n/ HTTP/1.1" 200 9327
"POST /admin/sites/site/1/change/ HTTP/1.1" 302 0
"GET /admin/sites/site/ HTTP/1.1" 200 29830
"GET /admin/jsi18n/ HTTP/1.1" 200 9327
"GET /admin/socialaccount/socialaccount/ HTTP/1.1" 200 28617
"GET /admin/jsi18n/ HTTP/1.1" 200 9327
"GET /admin/socialaccount/socialapp/ HTTP/1.1" 200 29795
"GET /admin/jsi18n/ HTTP/1.1" 200 9327
"GET /admin/socialaccount/socialapp/7/change/ HTTP/1.1" 200 34763
"GET /admin/jsi18n/ HTTP/1.1" 200 9327
"GET /admin/socialaccount/socialapp/ HTTP/1.1" 200 29795
"GET /admin/socialaccount/socialapp/7/change/ HTTP/1.1" 200 34763
"GET /admin/jsi18n/ HTTP/1.1" 200 9327
"POST /admin/socialaccount/socialapp/7/change/ HTTP/1.1" 302 0
"GET /admin/socialaccount/socialapp/ HTTP/1.1" 200 29999
"GET /admin/jsi18n/ HTTP/1.1" 200 9327
"GET /admin/socialaccount/socialapp/6/change/ HTTP/1.1" 200 34763
"GET /admin/jsi18n/ HTTP/1.1" 200 9327
"POST /admin/socialaccount/socialapp/6/change/ HTTP/1.1" 302 0
"GET /admin/socialaccount/socialapp/ HTTP/1.1" 200 29999
"GET /admin/jsi18n/ HTTP/1.1" 200 9327
"GET / HTTP/1.1" 200 20113
"GET / HTTP/1.1" 200 20113
"POST /accounts/logout/ HTTP/1.1" 302 0
"GET / HTTP/1.1" 200 19108
Internal Server Error: /accounts/login/
Traceback (most recent call last):
  File "E:\myblog\.venv\Lib\site-packages\django\core\handlers\exception.py", line 55, in inner
    response = get_response(request)
               ^^^^^^^^^^^^^^^^^^^^^
  File "E:\myblog\.venv\Lib\site-packages\django\core\handlers\base.py", line 220, in _get_response
    response = response.render()
               ^^^^^^^^^^^^^^^^^
  File "E:\myblog\.venv\Lib\site-packages\django\template\response.py", line 114, in render
    self.content = self.rendered_content
                   ^^^^^^^^^^^^^^^^^^^^^
  File "E:\myblog\.venv\Lib\site-packages\django\template\response.py", line 92, in rendered_content
    return template.render(context, self._request)
           ^^^^^^^^^^^^^^^^^^^^^^^^^^^^^^^^^^^^^^^
  File "E:\myblog\.venv\Lib\site-packages\django\template\backends\django.py", line 107, in render
    return self.template.render(context)
           ^^^^^^^^^^^^^^^^^^^^^^^^^^^^^
  File "E:\myblog\.venv\Lib\site-packages\django\template\base.py", line 172, in render
    return self._render(context)
           ^^^^^^^^^^^^^^^^^^^^^
  File "E:\myblog\.venv\Lib\site-packages\django\test\utils.py", line 114, in instrumented_test_render
    return self.nodelist.render(context)
           ^^^^^^^^^^^^^^^^^^^^^^^^^^^^^
  File "E:\myblog\.venv\Lib\site-packages\django\template\base.py", line 1018, in render
    return SafeString("".join([node.render_annotated(context) for node in self]))
                              ^^^^^^^^^^^^^^^^^^^^^^^^^^^^^^^^^^^^^^^^^^^^^^^^^
  File "E:\myblog\.venv\Lib\site-packages\django\template\base.py", line 1018, in <listcomp>
    return SafeString("".join([node.render_annotated(context) for node in self]))
                               ^^^^^^^^^^^^^^^^^^^^^^^^^^^^^^
  File "E:\myblog\.venv\Lib\site-packages\django\template\base.py", line 979, in render_annotated
    return self.render(context)
           ^^^^^^^^^^^^^^^^^^^^
  File "E:\myblog\.venv\Lib\site-packages\django\template\loader_tags.py", line 159, in render
    return compiled_parent._render(context)
           ^^^^^^^^^^^^^^^^^^^^^^^^^^^^^^^^
  File "E:\myblog\.venv\Lib\site-packages\django\test\utils.py", line 114, in instrumented_test_render
    return self.nodelist.render(context)
           ^^^^^^^^^^^^^^^^^^^^^^^^^^^^^
  File "E:\myblog\.venv\Lib\site-packages\django\template\base.py", line 1018, in render
    return SafeString("".join([node.render_annotated(context) for node in self]))
                              ^^^^^^^^^^^^^^^^^^^^^^^^^^^^^^^^^^^^^^^^^^^^^^^^^
  File "E:\myblog\.venv\Lib\site-packages\django\template\base.py", line 1018, in <listcomp>
    return SafeString("".join([node.render_annotated(context) for node in self]))
                               ^^^^^^^^^^^^^^^^^^^^^^^^^^^^^^
  File "E:\myblog\.venv\Lib\site-packages\django\template\base.py", line 979, in render_annotated
    return self.render(context)
           ^^^^^^^^^^^^^^^^^^^^
  File "E:\myblog\.venv\Lib\site-packages\django\template\loader_tags.py", line 65, in render
    result = block.nodelist.render(context)
             ^^^^^^^^^^^^^^^^^^^^^^^^^^^^^^
  File "E:\myblog\.venv\Lib\site-packages\django\template\base.py", line 1018, in render
    return SafeString("".join([node.render_annotated(context) for node in self]))
                              ^^^^^^^^^^^^^^^^^^^^^^^^^^^^^^^^^^^^^^^^^^^^^^^^^
  File "E:\myblog\.venv\Lib\site-packages\django\template\base.py", line 1018, in <listcomp>
    return SafeString("".join([node.render_annotated(context) for node in self]))
                               ^^^^^^^^^^^^^^^^^^^^^^^^^^^^^^
  File "E:\myblog\.venv\Lib\site-packages\django\template\base.py", line 979, in render_annotated
    return self.render(context)
           ^^^^^^^^^^^^^^^^^^^^
  File "E:\myblog\.venv\Lib\site-packages\django\template\defaulttags.py", line 327, in render
    return nodelist.render(context)
           ^^^^^^^^^^^^^^^^^^^^^^^^
  File "E:\myblog\.venv\Lib\site-packages\django\template\base.py", line 1018, in render
    return SafeString("".join([node.render_annotated(context) for node in self]))
                              ^^^^^^^^^^^^^^^^^^^^^^^^^^^^^^^^^^^^^^^^^^^^^^^^^
  File "E:\myblog\.venv\Lib\site-packages\django\template\base.py", line 1018, in <listcomp>
    return SafeString("".join([node.render_annotated(context) for node in self]))
                               ^^^^^^^^^^^^^^^^^^^^^^^^^^^^^^
  File "E:\myblog\.venv\Lib\site-packages\django\template\base.py", line 979, in render_annotated
    return self.render(context)
           ^^^^^^^^^^^^^^^^^^^^
  File "E:\myblog\.venv\Lib\site-packages\django\template\defaulttags.py", line 243, in render
    nodelist.append(node.render_annotated(context))
                    ^^^^^^^^^^^^^^^^^^^^^^^^^^^^^^
  File "E:\myblog\.venv\Lib\site-packages\django\template\base.py", line 979, in render_annotated
    return self.render(context)
           ^^^^^^^^^^^^^^^^^^^^
  File "E:\myblog\.venv\Lib\site-packages\django\template\defaulttags.py", line 327, in render
    return nodelist.render(context)
           ^^^^^^^^^^^^^^^^^^^^^^^^
  File "E:\myblog\.venv\Lib\site-packages\django\template\base.py", line 1018, in render
    return SafeString("".join([node.render_annotated(context) for node in self]))
                              ^^^^^^^^^^^^^^^^^^^^^^^^^^^^^^^^^^^^^^^^^^^^^^^^^
  File "E:\myblog\.venv\Lib\site-packages\django\template\base.py", line 1018, in <listcomp>
    return SafeString("".join([node.render_annotated(context) for node in self]))
                               ^^^^^^^^^^^^^^^^^^^^^^^^^^^^^^
  File "E:\myblog\.venv\Lib\site-packages\django\template\base.py", line 979, in render_annotated
    return self.render(context)
           ^^^^^^^^^^^^^^^^^^^^
  File "E:\myblog\.venv\Lib\site-packages\django\template\defaulttags.py", line 480, in render
    url = reverse(view_name, args=args, kwargs=kwargs, current_app=current_app)
          ^^^^^^^^^^^^^^^^^^^^^^^^^^^^^^^^^^^^^^^^^^^^^^^^^^^^^^^^^^^^^^^^^^^^^
  File "E:\myblog\.venv\Lib\site-packages\django\urls\base.py", line 98, in reverse
    resolved_url = resolver._reverse_with_prefix(view, prefix, *args, **kwargs)
                   ^^^^^^^^^^^^^^^^^^^^^^^^^^^^^^^^^^^^^^^^^^^^^^^^^^^^^^^^^^^^
  File "E:\myblog\.venv\Lib\site-packages\django\urls\resolvers.py", line 831, in _reverse_with_prefix
    raise NoReverseMatch(msg)
django.urls.exceptions.NoReverseMatch: Reverse for 'socialaccount_login' not found. 'socialaccount_login' is not a valid view function or pattern name.
"GET /accounts/login/ HTTP/1.1" 500 243988
"GET / HTTP/1.1" 200 18858
"GET /accounts/signup/ HTTP/1.1" 200 22230
Internal Server Error: /accounts/login/
Traceback (most recent call last):
  File "E:\myblog\.venv\Lib\site-packages\django\core\handlers\exception.py", line 55, in inner
    response = get_response(request)
               ^^^^^^^^^^^^^^^^^^^^^
  File "E:\myblog\.venv\Lib\site-packages\django\core\handlers\base.py", line 220, in _get_response
    response = response.render()
               ^^^^^^^^^^^^^^^^^
  File "E:\myblog\.venv\Lib\site-packages\django\template\response.py", line 114, in render
    self.content = self.rendered_content
                   ^^^^^^^^^^^^^^^^^^^^^
  File "E:\myblog\.venv\Lib\site-packages\django\template\response.py", line 92, in rendered_content
    return template.render(context, self._request)
           ^^^^^^^^^^^^^^^^^^^^^^^^^^^^^^^^^^^^^^^
  File "E:\myblog\.venv\Lib\site-packages\django\template\backends\django.py", line 107, in render
    return self.template.render(context)
           ^^^^^^^^^^^^^^^^^^^^^^^^^^^^^
  File "E:\myblog\.venv\Lib\site-packages\django\template\base.py", line 172, in render
    return self._render(context)
           ^^^^^^^^^^^^^^^^^^^^^
  File "E:\myblog\.venv\Lib\site-packages\django\test\utils.py", line 114, in instrumented_test_render
    return self.nodelist.render(context)
           ^^^^^^^^^^^^^^^^^^^^^^^^^^^^^
  File "E:\myblog\.venv\Lib\site-packages\django\template\base.py", line 1018, in render
    return SafeString("".join([node.render_annotated(context) for node in self]))
                              ^^^^^^^^^^^^^^^^^^^^^^^^^^^^^^^^^^^^^^^^^^^^^^^^^
  File "E:\myblog\.venv\Lib\site-packages\django\template\base.py", line 1018, in <listcomp>
    return SafeString("".join([node.render_annotated(context) for node in self]))
                               ^^^^^^^^^^^^^^^^^^^^^^^^^^^^^^
  File "E:\myblog\.venv\Lib\site-packages\django\template\base.py", line 979, in render_annotated
    return self.render(context)
           ^^^^^^^^^^^^^^^^^^^^
  File "E:\myblog\.venv\Lib\site-packages\django\template\loader_tags.py", line 159, in render
    return compiled_parent._render(context)
           ^^^^^^^^^^^^^^^^^^^^^^^^^^^^^^^^
  File "E:\myblog\.venv\Lib\site-packages\django\test\utils.py", line 114, in instrumented_test_render
    return self.nodelist.render(context)
           ^^^^^^^^^^^^^^^^^^^^^^^^^^^^^
  File "E:\myblog\.venv\Lib\site-packages\django\template\base.py", line 1018, in render
    return SafeString("".join([node.render_annotated(context) for node in self]))
                              ^^^^^^^^^^^^^^^^^^^^^^^^^^^^^^^^^^^^^^^^^^^^^^^^^
  File "E:\myblog\.venv\Lib\site-packages\django\template\base.py", line 1018, in <listcomp>
    return SafeString("".join([node.render_annotated(context) for node in self]))
                               ^^^^^^^^^^^^^^^^^^^^^^^^^^^^^^
  File "E:\myblog\.venv\Lib\site-packages\django\template\base.py", line 979, in render_annotated
    return self.render(context)
           ^^^^^^^^^^^^^^^^^^^^
  File "E:\myblog\.venv\Lib\site-packages\django\template\loader_tags.py", line 65, in render
    result = block.nodelist.render(context)
             ^^^^^^^^^^^^^^^^^^^^^^^^^^^^^^
  File "E:\myblog\.venv\Lib\site-packages\django\template\base.py", line 1018, in render
    return SafeString("".join([node.render_annotated(context) for node in self]))
                              ^^^^^^^^^^^^^^^^^^^^^^^^^^^^^^^^^^^^^^^^^^^^^^^^^
  File "E:\myblog\.venv\Lib\site-packages\django\template\base.py", line 1018, in <listcomp>
    return SafeString("".join([node.render_annotated(context) for node in self]))
                               ^^^^^^^^^^^^^^^^^^^^^^^^^^^^^^
  File "E:\myblog\.venv\Lib\site-packages\django\template\base.py", line 979, in render_annotated
    return self.render(context)
           ^^^^^^^^^^^^^^^^^^^^
  File "E:\myblog\.venv\Lib\site-packages\django\template\defaulttags.py", line 327, in render
    return nodelist.render(context)
           ^^^^^^^^^^^^^^^^^^^^^^^^
  File "E:\myblog\.venv\Lib\site-packages\django\template\base.py", line 1018, in render
    return SafeString("".join([node.render_annotated(context) for node in self]))
                              ^^^^^^^^^^^^^^^^^^^^^^^^^^^^^^^^^^^^^^^^^^^^^^^^^
  File "E:\myblog\.venv\Lib\site-packages\django\template\base.py", line 1018, in <listcomp>
    return SafeString("".join([node.render_annotated(context) for node in self]))
                               ^^^^^^^^^^^^^^^^^^^^^^^^^^^^^^
  File "E:\myblog\.venv\Lib\site-packages\django\template\base.py", line 979, in render_annotated
    return self.render(context)
           ^^^^^^^^^^^^^^^^^^^^
  File "E:\myblog\.venv\Lib\site-packages\django\template\defaulttags.py", line 243, in render
    nodelist.append(node.render_annotated(context))
                    ^^^^^^^^^^^^^^^^^^^^^^^^^^^^^^
  File "E:\myblog\.venv\Lib\site-packages\django\template\base.py", line 979, in render_annotated
    return self.render(context)
           ^^^^^^^^^^^^^^^^^^^^
  File "E:\myblog\.venv\Lib\site-packages\django\template\defaulttags.py", line 327, in render
    return nodelist.render(context)
           ^^^^^^^^^^^^^^^^^^^^^^^^
  File "E:\myblog\.venv\Lib\site-packages\django\template\base.py", line 1018, in render
    return SafeString("".join([node.render_annotated(context) for node in self]))
                              ^^^^^^^^^^^^^^^^^^^^^^^^^^^^^^^^^^^^^^^^^^^^^^^^^
  File "E:\myblog\.venv\Lib\site-packages\django\template\base.py", line 1018, in <listcomp>
    return SafeString("".join([node.render_annotated(context) for node in self]))
                               ^^^^^^^^^^^^^^^^^^^^^^^^^^^^^^
  File "E:\myblog\.venv\Lib\site-packages\django\template\base.py", line 979, in render_annotated
    return self.render(context)
           ^^^^^^^^^^^^^^^^^^^^
  File "E:\myblog\.venv\Lib\site-packages\django\template\defaulttags.py", line 480, in render
    url = reverse(view_name, args=args, kwargs=kwargs, current_app=current_app)
          ^^^^^^^^^^^^^^^^^^^^^^^^^^^^^^^^^^^^^^^^^^^^^^^^^^^^^^^^^^^^^^^^^^^^^
  File "E:\myblog\.venv\Lib\site-packages\django\urls\base.py", line 98, in reverse
    resolved_url = resolver._reverse_with_prefix(view, prefix, *args, **kwargs)
                   ^^^^^^^^^^^^^^^^^^^^^^^^^^^^^^^^^^^^^^^^^^^^^^^^^^^^^^^^^^^^
  File "E:\myblog\.venv\Lib\site-packages\django\urls\resolvers.py", line 831, in _reverse_with_prefix
    raise NoReverseMatch(msg)
django.urls.exceptions.NoReverseMatch: Reverse for 'socialaccount_login' not found. 'socialaccount_login' is not a valid view function or pattern name.
"GET /accounts/login/ HTTP/1.1" 500 244004
E:\myblog\myblog\urls.py changed, reloading.
Watching for file changes with StatReloader
Watching for file changes with StatReloader
"GET / HTTP/1.1" 200 18859
"GET /static/css/themes/theme-default.css HTTP/1.1" 304 0
Internal Server Error: /accounts/login/
Traceback (most recent call last):
  File "E:\myblog\.venv\Lib\site-packages\django\core\handlers\exception.py", line 55, in inner
    response = get_response(request)
               ^^^^^^^^^^^^^^^^^^^^^
  File "E:\myblog\.venv\Lib\site-packages\django\core\handlers\base.py", line 220, in _get_response
    response = response.render()
               ^^^^^^^^^^^^^^^^^
  File "E:\myblog\.venv\Lib\site-packages\django\template\response.py", line 114, in render
    self.content = self.rendered_content
                   ^^^^^^^^^^^^^^^^^^^^^
  File "E:\myblog\.venv\Lib\site-packages\django\template\response.py", line 92, in rendered_content
    return template.render(context, self._request)
           ^^^^^^^^^^^^^^^^^^^^^^^^^^^^^^^^^^^^^^^
  File "E:\myblog\.venv\Lib\site-packages\django\template\backends\django.py", line 107, in render
    return self.template.render(context)
           ^^^^^^^^^^^^^^^^^^^^^^^^^^^^^
  File "E:\myblog\.venv\Lib\site-packages\django\template\base.py", line 172, in render
    return self._render(context)
           ^^^^^^^^^^^^^^^^^^^^^
  File "E:\myblog\.venv\Lib\site-packages\django\test\utils.py", line 114, in instrumented_test_render
    return self.nodelist.render(context)
           ^^^^^^^^^^^^^^^^^^^^^^^^^^^^^
  File "E:\myblog\.venv\Lib\site-packages\django\template\base.py", line 1018, in render
    return SafeString("".join([node.render_annotated(context) for node in self]))
                              ^^^^^^^^^^^^^^^^^^^^^^^^^^^^^^^^^^^^^^^^^^^^^^^^^
  File "E:\myblog\.venv\Lib\site-packages\django\template\base.py", line 1018, in <listcomp>
    return SafeString("".join([node.render_annotated(context) for node in self]))
                               ^^^^^^^^^^^^^^^^^^^^^^^^^^^^^^
  File "E:\myblog\.venv\Lib\site-packages\django\template\base.py", line 979, in render_annotated
    return self.render(context)
           ^^^^^^^^^^^^^^^^^^^^
  File "E:\myblog\.venv\Lib\site-packages\django\template\loader_tags.py", line 159, in render
    return compiled_parent._render(context)
           ^^^^^^^^^^^^^^^^^^^^^^^^^^^^^^^^
  File "E:\myblog\.venv\Lib\site-packages\django\test\utils.py", line 114, in instrumented_test_render
    return self.nodelist.render(context)
           ^^^^^^^^^^^^^^^^^^^^^^^^^^^^^
  File "E:\myblog\.venv\Lib\site-packages\django\template\base.py", line 1018, in render
    return SafeString("".join([node.render_annotated(context) for node in self]))
                              ^^^^^^^^^^^^^^^^^^^^^^^^^^^^^^^^^^^^^^^^^^^^^^^^^
  File "E:\myblog\.venv\Lib\site-packages\django\template\base.py", line 1018, in <listcomp>
    return SafeString("".join([node.render_annotated(context) for node in self]))
                               ^^^^^^^^^^^^^^^^^^^^^^^^^^^^^^
  File "E:\myblog\.venv\Lib\site-packages\django\template\base.py", line 979, in render_annotated
    return self.render(context)
           ^^^^^^^^^^^^^^^^^^^^
  File "E:\myblog\.venv\Lib\site-packages\django\template\loader_tags.py", line 65, in render
    result = block.nodelist.render(context)
             ^^^^^^^^^^^^^^^^^^^^^^^^^^^^^^
  File "E:\myblog\.venv\Lib\site-packages\django\template\base.py", line 1018, in render
    return SafeString("".join([node.render_annotated(context) for node in self]))
                              ^^^^^^^^^^^^^^^^^^^^^^^^^^^^^^^^^^^^^^^^^^^^^^^^^
  File "E:\myblog\.venv\Lib\site-packages\django\template\base.py", line 1018, in <listcomp>
    return SafeString("".join([node.render_annotated(context) for node in self]))
                               ^^^^^^^^^^^^^^^^^^^^^^^^^^^^^^
  File "E:\myblog\.venv\Lib\site-packages\django\template\base.py", line 979, in render_annotated
    return self.render(context)
           ^^^^^^^^^^^^^^^^^^^^
  File "E:\myblog\.venv\Lib\site-packages\django\template\defaulttags.py", line 327, in render
    return nodelist.render(context)
           ^^^^^^^^^^^^^^^^^^^^^^^^
  File "E:\myblog\.venv\Lib\site-packages\django\template\base.py", line 1018, in render
    return SafeString("".join([node.render_annotated(context) for node in self]))
                              ^^^^^^^^^^^^^^^^^^^^^^^^^^^^^^^^^^^^^^^^^^^^^^^^^
  File "E:\myblog\.venv\Lib\site-packages\django\template\base.py", line 1018, in <listcomp>
    return SafeString("".join([node.render_annotated(context) for node in self]))
                               ^^^^^^^^^^^^^^^^^^^^^^^^^^^^^^
  File "E:\myblog\.venv\Lib\site-packages\django\template\base.py", line 979, in render_annotated
    return self.render(context)
           ^^^^^^^^^^^^^^^^^^^^
  File "E:\myblog\.venv\Lib\site-packages\django\template\defaulttags.py", line 243, in render
    nodelist.append(node.render_annotated(context))
                    ^^^^^^^^^^^^^^^^^^^^^^^^^^^^^^
  File "E:\myblog\.venv\Lib\site-packages\django\template\base.py", line 979, in render_annotated
    return self.render(context)
           ^^^^^^^^^^^^^^^^^^^^
  File "E:\myblog\.venv\Lib\site-packages\django\template\defaulttags.py", line 327, in render
    return nodelist.render(context)
           ^^^^^^^^^^^^^^^^^^^^^^^^
  File "E:\myblog\.venv\Lib\site-packages\django\template\base.py", line 1018, in render
    return SafeString("".join([node.render_annotated(context) for node in self]))
                              ^^^^^^^^^^^^^^^^^^^^^^^^^^^^^^^^^^^^^^^^^^^^^^^^^
  File "E:\myblog\.venv\Lib\site-packages\django\template\base.py", line 1018, in <listcomp>
    return SafeString("".join([node.render_annotated(context) for node in self]))
                               ^^^^^^^^^^^^^^^^^^^^^^^^^^^^^^
  File "E:\myblog\.venv\Lib\site-packages\django\template\base.py", line 979, in render_annotated
    return self.render(context)
           ^^^^^^^^^^^^^^^^^^^^
  File "E:\myblog\.venv\Lib\site-packages\django\template\defaulttags.py", line 480, in render
    url = reverse(view_name, args=args, kwargs=kwargs, current_app=current_app)
          ^^^^^^^^^^^^^^^^^^^^^^^^^^^^^^^^^^^^^^^^^^^^^^^^^^^^^^^^^^^^^^^^^^^^^
  File "E:\myblog\.venv\Lib\site-packages\django\urls\base.py", line 98, in reverse
    resolved_url = resolver._reverse_with_prefix(view, prefix, *args, **kwargs)
                   ^^^^^^^^^^^^^^^^^^^^^^^^^^^^^^^^^^^^^^^^^^^^^^^^^^^^^^^^^^^^
  File "E:\myblog\.venv\Lib\site-packages\django\urls\resolvers.py", line 831, in _reverse_with_prefix
    raise NoReverseMatch(msg)
django.urls.exceptions.NoReverseMatch: Reverse for 'socialaccount_login' not found. 'socialaccount_login' is not a valid view function or pattern name.
"GET /accounts/login/ HTTP/1.1" 500 243988
Watching for file changes with StatReloader
Watching for file changes with StatReloader
E:\myblog\myblog\settings.py changed, reloading.
Watching for file changes with StatReloader
Watching for file changes with StatReloader
"GET / HTTP/1.1" 200 18859
"GET /static/css/themes/theme-default.css HTTP/1.1" 304 0
"GET /admin/socialaccount/socialapp/ HTTP/1.1" 302 0
"GET /admin/login/?next=/admin/socialaccount/socialapp/ HTTP/1.1" 200 18464
"POST /admin/login/?next=/admin/socialaccount/socialapp/ HTTP/1.1" 302 0
"GET /admin/socialaccount/socialapp/ HTTP/1.1" 200 29795
"GET /admin/jsi18n/ HTTP/1.1" 200 9327
"GET /admin/socialaccount/socialapp/7/change/ HTTP/1.1" 200 34765
"GET /admin/jsi18n/ HTTP/1.1" 200 9327
"POST /admin/socialaccount/socialapp/7/change/ HTTP/1.1" 302 0
"GET /admin/socialaccount/socialapp/ HTTP/1.1" 200 29999
"GET /admin/jsi18n/ HTTP/1.1" 200 9327
"GET /admin/socialaccount/socialapp/6/change/ HTTP/1.1" 200 34763
"GET /admin/jsi18n/ HTTP/1.1" 200 9327
"POST /admin/socialaccount/socialapp/6/change/ HTTP/1.1" 302 0
"GET /admin/socialaccount/socialapp/ HTTP/1.1" 200 29999
"GET /admin/jsi18n/ HTTP/1.1" 200 9327
"GET /admin/socialaccount/socialapp/8/change/ HTTP/1.1" 200 34763
"GET /admin/jsi18n/ HTTP/1.1" 200 9327
"POST /admin/socialaccount/socialapp/8/change/ HTTP/1.1" 302 0
"GET /admin/socialaccount/socialapp/ HTTP/1.1" 200 29996
"GET /admin/jsi18n/ HTTP/1.1" 200 9327
Watching for file changes with StatReloader
"GET / HTTP/1.1" 200 20114
"POST /accounts/logout/ HTTP/1.1" 302 0
"GET / HTTP/1.1" 200 19109
Internal Server Error: /accounts/login/
Traceback (most recent call last):
  File "E:\myblog\.venv\Lib\site-packages\django\core\handlers\exception.py", line 55, in inner
    response = get_response(request)
               ^^^^^^^^^^^^^^^^^^^^^
  File "E:\myblog\.venv\Lib\site-packages\django\core\handlers\base.py", line 220, in _get_response
    response = response.render()
               ^^^^^^^^^^^^^^^^^
  File "E:\myblog\.venv\Lib\site-packages\django\template\response.py", line 114, in render
    self.content = self.rendered_content
                   ^^^^^^^^^^^^^^^^^^^^^
  File "E:\myblog\.venv\Lib\site-packages\django\template\response.py", line 92, in rendered_content
    return template.render(context, self._request)
           ^^^^^^^^^^^^^^^^^^^^^^^^^^^^^^^^^^^^^^^
  File "E:\myblog\.venv\Lib\site-packages\django\template\backends\django.py", line 107, in render
    return self.template.render(context)
           ^^^^^^^^^^^^^^^^^^^^^^^^^^^^^
  File "E:\myblog\.venv\Lib\site-packages\django\template\base.py", line 172, in render
    return self._render(context)
           ^^^^^^^^^^^^^^^^^^^^^
  File "E:\myblog\.venv\Lib\site-packages\django\test\utils.py", line 114, in instrumented_test_render
    return self.nodelist.render(context)
           ^^^^^^^^^^^^^^^^^^^^^^^^^^^^^
  File "E:\myblog\.venv\Lib\site-packages\django\template\base.py", line 1018, in render
    return SafeString("".join([node.render_annotated(context) for node in self]))
                              ^^^^^^^^^^^^^^^^^^^^^^^^^^^^^^^^^^^^^^^^^^^^^^^^^
  File "E:\myblog\.venv\Lib\site-packages\django\template\base.py", line 1018, in <listcomp>
    return SafeString("".join([node.render_annotated(context) for node in self]))
                               ^^^^^^^^^^^^^^^^^^^^^^^^^^^^^^
  File "E:\myblog\.venv\Lib\site-packages\django\template\base.py", line 979, in render_annotated
    return self.render(context)
           ^^^^^^^^^^^^^^^^^^^^
  File "E:\myblog\.venv\Lib\site-packages\django\template\loader_tags.py", line 159, in render
    return compiled_parent._render(context)
           ^^^^^^^^^^^^^^^^^^^^^^^^^^^^^^^^
  File "E:\myblog\.venv\Lib\site-packages\django\test\utils.py", line 114, in instrumented_test_render
    return self.nodelist.render(context)
           ^^^^^^^^^^^^^^^^^^^^^^^^^^^^^
  File "E:\myblog\.venv\Lib\site-packages\django\template\base.py", line 1018, in render
    return SafeString("".join([node.render_annotated(context) for node in self]))
                              ^^^^^^^^^^^^^^^^^^^^^^^^^^^^^^^^^^^^^^^^^^^^^^^^^
  File "E:\myblog\.venv\Lib\site-packages\django\template\base.py", line 1018, in <listcomp>
    return SafeString("".join([node.render_annotated(context) for node in self]))
                               ^^^^^^^^^^^^^^^^^^^^^^^^^^^^^^
  File "E:\myblog\.venv\Lib\site-packages\django\template\base.py", line 979, in render_annotated
    return self.render(context)
           ^^^^^^^^^^^^^^^^^^^^
  File "E:\myblog\.venv\Lib\site-packages\django\template\loader_tags.py", line 65, in render
    result = block.nodelist.render(context)
             ^^^^^^^^^^^^^^^^^^^^^^^^^^^^^^
  File "E:\myblog\.venv\Lib\site-packages\django\template\base.py", line 1018, in render
    return SafeString("".join([node.render_annotated(context) for node in self]))
                              ^^^^^^^^^^^^^^^^^^^^^^^^^^^^^^^^^^^^^^^^^^^^^^^^^
  File "E:\myblog\.venv\Lib\site-packages\django\template\base.py", line 1018, in <listcomp>
    return SafeString("".join([node.render_annotated(context) for node in self]))
                               ^^^^^^^^^^^^^^^^^^^^^^^^^^^^^^
  File "E:\myblog\.venv\Lib\site-packages\django\template\base.py", line 979, in render_annotated
    return self.render(context)
           ^^^^^^^^^^^^^^^^^^^^
  File "E:\myblog\.venv\Lib\site-packages\django\template\defaulttags.py", line 327, in render
    return nodelist.render(context)
           ^^^^^^^^^^^^^^^^^^^^^^^^
  File "E:\myblog\.venv\Lib\site-packages\django\template\base.py", line 1018, in render
    return SafeString("".join([node.render_annotated(context) for node in self]))
                              ^^^^^^^^^^^^^^^^^^^^^^^^^^^^^^^^^^^^^^^^^^^^^^^^^
  File "E:\myblog\.venv\Lib\site-packages\django\template\base.py", line 1018, in <listcomp>
    return SafeString("".join([node.render_annotated(context) for node in self]))
                               ^^^^^^^^^^^^^^^^^^^^^^^^^^^^^^
  File "E:\myblog\.venv\Lib\site-packages\django\template\base.py", line 979, in render_annotated
    return self.render(context)
           ^^^^^^^^^^^^^^^^^^^^
  File "E:\myblog\.venv\Lib\site-packages\django\template\defaulttags.py", line 243, in render
    nodelist.append(node.render_annotated(context))
                    ^^^^^^^^^^^^^^^^^^^^^^^^^^^^^^
  File "E:\myblog\.venv\Lib\site-packages\django\template\base.py", line 979, in render_annotated
    return self.render(context)
           ^^^^^^^^^^^^^^^^^^^^
  File "E:\myblog\.venv\Lib\site-packages\django\template\defaulttags.py", line 327, in render
    return nodelist.render(context)
           ^^^^^^^^^^^^^^^^^^^^^^^^
  File "E:\myblog\.venv\Lib\site-packages\django\template\base.py", line 1018, in render
    return SafeString("".join([node.render_annotated(context) for node in self]))
                              ^^^^^^^^^^^^^^^^^^^^^^^^^^^^^^^^^^^^^^^^^^^^^^^^^
  File "E:\myblog\.venv\Lib\site-packages\django\template\base.py", line 1018, in <listcomp>
    return SafeString("".join([node.render_annotated(context) for node in self]))
                               ^^^^^^^^^^^^^^^^^^^^^^^^^^^^^^
  File "E:\myblog\.venv\Lib\site-packages\django\template\base.py", line 979, in render_annotated
    return self.render(context)
           ^^^^^^^^^^^^^^^^^^^^
  File "E:\myblog\.venv\Lib\site-packages\django\template\defaulttags.py", line 480, in render
    url = reverse(view_name, args=args, kwargs=kwargs, current_app=current_app)
          ^^^^^^^^^^^^^^^^^^^^^^^^^^^^^^^^^^^^^^^^^^^^^^^^^^^^^^^^^^^^^^^^^^^^^
  File "E:\myblog\.venv\Lib\site-packages\django\urls\base.py", line 98, in reverse
    resolved_url = resolver._reverse_with_prefix(view, prefix, *args, **kwargs)
                   ^^^^^^^^^^^^^^^^^^^^^^^^^^^^^^^^^^^^^^^^^^^^^^^^^^^^^^^^^^^^
  File "E:\myblog\.venv\Lib\site-packages\django\urls\resolvers.py", line 831, in _reverse_with_prefix
    raise NoReverseMatch(msg)
django.urls.exceptions.NoReverseMatch: Reverse for 'socialaccount_login' not found. 'socialaccount_login' is not a valid view function or pattern name.
"GET /accounts/login/ HTTP/1.1" 500 243988
E:\myblog\myblog\urls.py changed, reloading.
Watching for file changes with StatReloader
Watching for file changes with StatReloader
Watching for file changes with StatReloader
Internal Server Error: /
Traceback (most recent call last):
  File "E:\myblog\.venv\Lib\site-packages\django\core\handlers\exception.py", line 55, in inner
    response = get_response(request)
               ^^^^^^^^^^^^^^^^^^^^^
  File "E:\myblog\.venv\Lib\site-packages\django\core\handlers\base.py", line 197, in _get_response
    response = wrapped_callback(request, *callback_args, **callback_kwargs)
               ^^^^^^^^^^^^^^^^^^^^^^^^^^^^^^^^^^^^^^^^^^^^^^^^^^^^^^^^^^^^
  File "E:\myblog\articles\views.py", line 53, in article_list
    return render(request, 'articles/article_list.html', context)
           ^^^^^^^^^^^^^^^^^^^^^^^^^^^^^^^^^^^^^^^^^^^^^^^^^^^^^^
  File "E:\myblog\.venv\Lib\site-packages\django\shortcuts.py", line 25, in render
    content = loader.render_to_string(template_name, context, request, using=using)
              ^^^^^^^^^^^^^^^^^^^^^^^^^^^^^^^^^^^^^^^^^^^^^^^^^^^^^^^^^^^^^^^^^^^^^
  File "E:\myblog\.venv\Lib\site-packages\django\template\loader.py", line 62, in render_to_string
    return template.render(context, request)
           ^^^^^^^^^^^^^^^^^^^^^^^^^^^^^^^^^
  File "E:\myblog\.venv\Lib\site-packages\django\template\backends\django.py", line 107, in render
    return self.template.render(context)
           ^^^^^^^^^^^^^^^^^^^^^^^^^^^^^
  File "E:\myblog\.venv\Lib\site-packages\django\template\base.py", line 172, in render
    return self._render(context)
           ^^^^^^^^^^^^^^^^^^^^^
  File "E:\myblog\.venv\Lib\site-packages\django\test\utils.py", line 114, in instrumented_test_render
    return self.nodelist.render(context)
           ^^^^^^^^^^^^^^^^^^^^^^^^^^^^^
  File "E:\myblog\.venv\Lib\site-packages\django\template\base.py", line 1018, in render
    return SafeString("".join([node.render_annotated(context) for node in self]))
                              ^^^^^^^^^^^^^^^^^^^^^^^^^^^^^^^^^^^^^^^^^^^^^^^^^
  File "E:\myblog\.venv\Lib\site-packages\django\template\base.py", line 1018, in <listcomp>
    return SafeString("".join([node.render_annotated(context) for node in self]))
                               ^^^^^^^^^^^^^^^^^^^^^^^^^^^^^^
  File "E:\myblog\.venv\Lib\site-packages\django\template\base.py", line 979, in render_annotated
    return self.render(context)
           ^^^^^^^^^^^^^^^^^^^^
  File "E:\myblog\.venv\Lib\site-packages\django\template\loader_tags.py", line 159, in render
    return compiled_parent._render(context)
           ^^^^^^^^^^^^^^^^^^^^^^^^^^^^^^^^
  File "E:\myblog\.venv\Lib\site-packages\django\test\utils.py", line 114, in instrumented_test_render
    return self.nodelist.render(context)
           ^^^^^^^^^^^^^^^^^^^^^^^^^^^^^
  File "E:\myblog\.venv\Lib\site-packages\django\template\base.py", line 1018, in render
    return SafeString("".join([node.render_annotated(context) for node in self]))
                              ^^^^^^^^^^^^^^^^^^^^^^^^^^^^^^^^^^^^^^^^^^^^^^^^^
  File "E:\myblog\.venv\Lib\site-packages\django\template\base.py", line 1018, in <listcomp>
    return SafeString("".join([node.render_annotated(context) for node in self]))
                               ^^^^^^^^^^^^^^^^^^^^^^^^^^^^^^
  File "E:\myblog\.venv\Lib\site-packages\django\template\base.py", line 979, in render_annotated
    return self.render(context)
           ^^^^^^^^^^^^^^^^^^^^
  File "E:\myblog\.venv\Lib\site-packages\django\template\defaulttags.py", line 327, in render
    return nodelist.render(context)
           ^^^^^^^^^^^^^^^^^^^^^^^^
  File "E:\myblog\.venv\Lib\site-packages\django\template\base.py", line 1018, in render
    return SafeString("".join([node.render_annotated(context) for node in self]))
                              ^^^^^^^^^^^^^^^^^^^^^^^^^^^^^^^^^^^^^^^^^^^^^^^^^
  File "E:\myblog\.venv\Lib\site-packages\django\template\base.py", line 1018, in <listcomp>
    return SafeString("".join([node.render_annotated(context) for node in self]))
                               ^^^^^^^^^^^^^^^^^^^^^^^^^^^^^^
  File "E:\myblog\.venv\Lib\site-packages\django\template\base.py", line 979, in render_annotated
    return self.render(context)
           ^^^^^^^^^^^^^^^^^^^^
  File "E:\myblog\.venv\Lib\site-packages\django\template\defaulttags.py", line 480, in render
    url = reverse(view_name, args=args, kwargs=kwargs, current_app=current_app)
          ^^^^^^^^^^^^^^^^^^^^^^^^^^^^^^^^^^^^^^^^^^^^^^^^^^^^^^^^^^^^^^^^^^^^^
  File "E:\myblog\.venv\Lib\site-packages\django\urls\base.py", line 98, in reverse
    resolved_url = resolver._reverse_with_prefix(view, prefix, *args, **kwargs)
                   ^^^^^^^^^^^^^^^^^^^^^^^^^^^^^^^^^^^^^^^^^^^^^^^^^^^^^^^^^^^^
  File "E:\myblog\.venv\Lib\site-packages\django\urls\resolvers.py", line 831, in _reverse_with_prefix
    raise NoReverseMatch(msg)
django.urls.exceptions.NoReverseMatch: Reverse for 'account_login' not found. 'account_login' is not a valid view function or pattern name.
"GET / HTTP/1.1" 500 190050
Watching for file changes with StatReloader
"GET / HTTP/1.1" 200 18859
"GET /static/css/themes/theme-default.css HTTP/1.1" 304 0
"GET /media/article_images/IMG_20251120_135531_frEgvPo.jpg HTTP/1.1" 304 0
Internal Server Error: /accounts/login/
Traceback (most recent call last):
  File "E:\myblog\.venv\Lib\site-packages\django\core\handlers\exception.py", line 55, in inner
    response = get_response(request)
               ^^^^^^^^^^^^^^^^^^^^^
  File "E:\myblog\.venv\Lib\site-packages\django\core\handlers\base.py", line 197, in _get_response
    response = wrapped_callback(request, *callback_args, **callback_kwargs)
               ^^^^^^^^^^^^^^^^^^^^^^^^^^^^^^^^^^^^^^^^^^^^^^^^^^^^^^^^^^^^
  File "E:\myblog\.venv\Lib\site-packages\django\views\generic\base.py", line 105, in view
    return self.dispatch(request, *args, **kwargs)
           ^^^^^^^^^^^^^^^^^^^^^^^^^^^^^^^^^^^^^^^
  File "E:\myblog\.venv\Lib\site-packages\django\utils\decorators.py", line 48, in _wrapper
    return bound_method(*args, **kwargs)
           ^^^^^^^^^^^^^^^^^^^^^^^^^^^^^
  File "E:\myblog\.venv\Lib\site-packages\allauth\decorators.py", line 12, in wrap
    resp = function(request, *args, **kwargs)
           ^^^^^^^^^^^^^^^^^^^^^^^^^^^^^^^^^^
  File "E:\myblog\.venv\Lib\site-packages\django\utils\decorators.py", line 48, in _wrapper
    return bound_method(*args, **kwargs)
           ^^^^^^^^^^^^^^^^^^^^^^^^^^^^^
  File "E:\myblog\.venv\Lib\site-packages\django\utils\decorators.py", line 48, in _wrapper
    return bound_method(*args, **kwargs)
           ^^^^^^^^^^^^^^^^^^^^^^^^^^^^^
  File "E:\myblog\.venv\Lib\site-packages\django\views\decorators\debug.py", line 143, in sensitive_post_parameters_wrapper
    return view(request, *args, **kwargs)
           ^^^^^^^^^^^^^^^^^^^^^^^^^^^^^^
  File "E:\myblog\.venv\Lib\site-packages\django\utils\decorators.py", line 48, in _wrapper
    return bound_method(*args, **kwargs)
           ^^^^^^^^^^^^^^^^^^^^^^^^^^^^^
  File "E:\myblog\.venv\Lib\site-packages\django\views\decorators\cache.py", line 80, in _view_wrapper
    response = view_func(request, *args, **kwargs)
               ^^^^^^^^^^^^^^^^^^^^^^^^^^^^^^^^^^^
  File "E:\myblog\.venv\Lib\site-packages\allauth\account\views.py", line 97, in dispatch
    return super().dispatch(request, *args, **kwargs)
           ^^^^^^^^^^^^^^^^^^^^^^^^^^^^^^^^^^^^^^^^^^
  File "E:\myblog\.venv\Lib\site-packages\django\utils\decorators.py", line 48, in _wrapper
    return bound_method(*args, **kwargs)
           ^^^^^^^^^^^^^^^^^^^^^^^^^^^^^
  File "E:\myblog\.venv\Lib\site-packages\django\utils\decorators.py", line 48, in _wrapper
    return bound_method(*args, **kwargs)
           ^^^^^^^^^^^^^^^^^^^^^^^^^^^^^
  File "E:\myblog\.venv\Lib\site-packages\django\views\decorators\cache.py", line 80, in _view_wrapper
    response = view_func(request, *args, **kwargs)
               ^^^^^^^^^^^^^^^^^^^^^^^^^^^^^^^^^^^
  File "E:\myblog\.venv\Lib\site-packages\allauth\account\mixins.py", line 53, in dispatch
    response = super().dispatch(request, *args, **kwargs)
               ^^^^^^^^^^^^^^^^^^^^^^^^^^^^^^^^^^^^^^^^^^
  File "E:\myblog\.venv\Lib\site-packages\django\views\generic\base.py", line 144, in dispatch
    return handler(request, *args, **kwargs)
           ^^^^^^^^^^^^^^^^^^^^^^^^^^^^^^^^^
  File "E:\myblog\.venv\Lib\site-packages\allauth\account\mixins.py", line 72, in get
    response = super().get(request, *args, **kwargs)
               ^^^^^^^^^^^^^^^^^^^^^^^^^^^^^^^^^^^^^
  File "E:\myblog\.venv\Lib\site-packages\django\views\generic\edit.py", line 142, in get
    return self.render_to_response(self.get_context_data())
                                   ^^^^^^^^^^^^^^^^^^^^^^^
  File "E:\myblog\.venv\Lib\site-packages\allauth\account\views.py", line 123, in get_context_data
    signup_url = self.passthrough_next_url(reverse("account_signup"))
                                           ^^^^^^^^^^^^^^^^^^^^^^^^^
  File "E:\myblog\.venv\Lib\site-packages\django\urls\base.py", line 98, in reverse
    resolved_url = resolver._reverse_with_prefix(view, prefix, *args, **kwargs)
                   ^^^^^^^^^^^^^^^^^^^^^^^^^^^^^^^^^^^^^^^^^^^^^^^^^^^^^^^^^^^^
  File "E:\myblog\.venv\Lib\site-packages\django\urls\resolvers.py", line 831, in _reverse_with_prefix
    raise NoReverseMatch(msg)
django.urls.exceptions.NoReverseMatch: Reverse for 'account_signup' not found. 'account_signup' is not a valid view function or pattern name.
"GET /accounts/login/ HTTP/1.1" 500 177795
Watching for file changes with StatReloader
"GET / HTTP/1.1" 200 18859
Internal Server Error: /accounts/login/
Traceback (most recent call last):
  File "E:\myblog\.venv\Lib\site-packages\django\core\handlers\exception.py", line 55, in inner
    response = get_response(request)
               ^^^^^^^^^^^^^^^^^^^^^
  File "E:\myblog\.venv\Lib\site-packages\django\core\handlers\base.py", line 197, in _get_response
    response = wrapped_callback(request, *callback_args, **callback_kwargs)
               ^^^^^^^^^^^^^^^^^^^^^^^^^^^^^^^^^^^^^^^^^^^^^^^^^^^^^^^^^^^^
  File "E:\myblog\.venv\Lib\site-packages\django\views\generic\base.py", line 105, in view
    return self.dispatch(request, *args, **kwargs)
           ^^^^^^^^^^^^^^^^^^^^^^^^^^^^^^^^^^^^^^^
  File "E:\myblog\.venv\Lib\site-packages\django\utils\decorators.py", line 48, in _wrapper
    return bound_method(*args, **kwargs)
           ^^^^^^^^^^^^^^^^^^^^^^^^^^^^^
  File "E:\myblog\.venv\Lib\site-packages\allauth\decorators.py", line 12, in wrap
    resp = function(request, *args, **kwargs)
           ^^^^^^^^^^^^^^^^^^^^^^^^^^^^^^^^^^
  File "E:\myblog\.venv\Lib\site-packages\django\utils\decorators.py", line 48, in _wrapper
    return bound_method(*args, **kwargs)
           ^^^^^^^^^^^^^^^^^^^^^^^^^^^^^
  File "E:\myblog\.venv\Lib\site-packages\django\utils\decorators.py", line 48, in _wrapper
    return bound_method(*args, **kwargs)
           ^^^^^^^^^^^^^^^^^^^^^^^^^^^^^
  File "E:\myblog\.venv\Lib\site-packages\django\views\decorators\debug.py", line 143, in sensitive_post_parameters_wrapper
    return view(request, *args, **kwargs)
           ^^^^^^^^^^^^^^^^^^^^^^^^^^^^^^
  File "E:\myblog\.venv\Lib\site-packages\django\utils\decorators.py", line 48, in _wrapper
    return bound_method(*args, **kwargs)
           ^^^^^^^^^^^^^^^^^^^^^^^^^^^^^
  File "E:\myblog\.venv\Lib\site-packages\django\views\decorators\cache.py", line 80, in _view_wrapper
    response = view_func(request, *args, **kwargs)
               ^^^^^^^^^^^^^^^^^^^^^^^^^^^^^^^^^^^
  File "E:\myblog\.venv\Lib\site-packages\allauth\account\views.py", line 97, in dispatch
    return super().dispatch(request, *args, **kwargs)
           ^^^^^^^^^^^^^^^^^^^^^^^^^^^^^^^^^^^^^^^^^^
  File "E:\myblog\.venv\Lib\site-packages\django\utils\decorators.py", line 48, in _wrapper
    return bound_method(*args, **kwargs)
           ^^^^^^^^^^^^^^^^^^^^^^^^^^^^^
  File "E:\myblog\.venv\Lib\site-packages\django\utils\decorators.py", line 48, in _wrapper
    return bound_method(*args, **kwargs)
           ^^^^^^^^^^^^^^^^^^^^^^^^^^^^^
  File "E:\myblog\.venv\Lib\site-packages\django\views\decorators\cache.py", line 80, in _view_wrapper
    response = view_func(request, *args, **kwargs)
               ^^^^^^^^^^^^^^^^^^^^^^^^^^^^^^^^^^^
  File "E:\myblog\.venv\Lib\site-packages\allauth\account\mixins.py", line 53, in dispatch
    response = super().dispatch(request, *args, **kwargs)
               ^^^^^^^^^^^^^^^^^^^^^^^^^^^^^^^^^^^^^^^^^^
  File "E:\myblog\.venv\Lib\site-packages\django\views\generic\base.py", line 144, in dispatch
    return handler(request, *args, **kwargs)
           ^^^^^^^^^^^^^^^^^^^^^^^^^^^^^^^^^
  File "E:\myblog\.venv\Lib\site-packages\allauth\account\mixins.py", line 72, in get
    response = super().get(request, *args, **kwargs)
               ^^^^^^^^^^^^^^^^^^^^^^^^^^^^^^^^^^^^^
  File "E:\myblog\.venv\Lib\site-packages\django\views\generic\edit.py", line 142, in get
    return self.render_to_response(self.get_context_data())
                                   ^^^^^^^^^^^^^^^^^^^^^^^
  File "E:\myblog\.venv\Lib\site-packages\allauth\account\views.py", line 123, in get_context_data
    signup_url = self.passthrough_next_url(reverse("account_signup"))
                                           ^^^^^^^^^^^^^^^^^^^^^^^^^
  File "E:\myblog\.venv\Lib\site-packages\django\urls\base.py", line 98, in reverse
    resolved_url = resolver._reverse_with_prefix(view, prefix, *args, **kwargs)
                   ^^^^^^^^^^^^^^^^^^^^^^^^^^^^^^^^^^^^^^^^^^^^^^^^^^^^^^^^^^^^
  File "E:\myblog\.venv\Lib\site-packages\django\urls\resolvers.py", line 831, in _reverse_with_prefix
    raise NoReverseMatch(msg)
django.urls.exceptions.NoReverseMatch: Reverse for 'account_signup' not found. 'account_signup' is not a valid view function or pattern name.
"GET /accounts/login/ HTTP/1.1" 500 177795
Watching for file changes with StatReloader
"GET / HTTP/1.1" 200 18858
"GET /static/css/themes/theme-default.css HTTP/1.1" 304 0
Internal Server Error: /accounts/login/
Traceback (most recent call last):
  File "E:\myblog\.venv\Lib\site-packages\django\core\handlers\exception.py", line 55, in inner
    response = get_response(request)
               ^^^^^^^^^^^^^^^^^^^^^
  File "E:\myblog\.venv\Lib\site-packages\django\core\handlers\base.py", line 197, in _get_response
    response = wrapped_callback(request, *callback_args, **callback_kwargs)
               ^^^^^^^^^^^^^^^^^^^^^^^^^^^^^^^^^^^^^^^^^^^^^^^^^^^^^^^^^^^^
  File "E:\myblog\.venv\Lib\site-packages\django\views\generic\base.py", line 105, in view
    return self.dispatch(request, *args, **kwargs)
           ^^^^^^^^^^^^^^^^^^^^^^^^^^^^^^^^^^^^^^^
  File "E:\myblog\.venv\Lib\site-packages\django\utils\decorators.py", line 48, in _wrapper
    return bound_method(*args, **kwargs)
           ^^^^^^^^^^^^^^^^^^^^^^^^^^^^^
  File "E:\myblog\.venv\Lib\site-packages\allauth\decorators.py", line 12, in wrap
    resp = function(request, *args, **kwargs)
           ^^^^^^^^^^^^^^^^^^^^^^^^^^^^^^^^^^
  File "E:\myblog\.venv\Lib\site-packages\django\utils\decorators.py", line 48, in _wrapper
    return bound_method(*args, **kwargs)
           ^^^^^^^^^^^^^^^^^^^^^^^^^^^^^
  File "E:\myblog\.venv\Lib\site-packages\django\utils\decorators.py", line 48, in _wrapper
    return bound_method(*args, **kwargs)
           ^^^^^^^^^^^^^^^^^^^^^^^^^^^^^
  File "E:\myblog\.venv\Lib\site-packages\django\views\decorators\debug.py", line 143, in sensitive_post_parameters_wrapper
    return view(request, *args, **kwargs)
           ^^^^^^^^^^^^^^^^^^^^^^^^^^^^^^
  File "E:\myblog\.venv\Lib\site-packages\django\utils\decorators.py", line 48, in _wrapper
    return bound_method(*args, **kwargs)
           ^^^^^^^^^^^^^^^^^^^^^^^^^^^^^
  File "E:\myblog\.venv\Lib\site-packages\django\views\decorators\cache.py", line 80, in _view_wrapper
    response = view_func(request, *args, **kwargs)
               ^^^^^^^^^^^^^^^^^^^^^^^^^^^^^^^^^^^
  File "E:\myblog\.venv\Lib\site-packages\allauth\account\views.py", line 97, in dispatch
    return super().dispatch(request, *args, **kwargs)
           ^^^^^^^^^^^^^^^^^^^^^^^^^^^^^^^^^^^^^^^^^^
  File "E:\myblog\.venv\Lib\site-packages\django\utils\decorators.py", line 48, in _wrapper
    return bound_method(*args, **kwargs)
           ^^^^^^^^^^^^^^^^^^^^^^^^^^^^^
  File "E:\myblog\.venv\Lib\site-packages\django\utils\decorators.py", line 48, in _wrapper
    return bound_method(*args, **kwargs)
           ^^^^^^^^^^^^^^^^^^^^^^^^^^^^^
  File "E:\myblog\.venv\Lib\site-packages\django\views\decorators\cache.py", line 80, in _view_wrapper
    response = view_func(request, *args, **kwargs)
               ^^^^^^^^^^^^^^^^^^^^^^^^^^^^^^^^^^^
  File "E:\myblog\.venv\Lib\site-packages\allauth\account\mixins.py", line 53, in dispatch
    response = super().dispatch(request, *args, **kwargs)
               ^^^^^^^^^^^^^^^^^^^^^^^^^^^^^^^^^^^^^^^^^^
  File "E:\myblog\.venv\Lib\site-packages\django\views\generic\base.py", line 144, in dispatch
    return handler(request, *args, **kwargs)
           ^^^^^^^^^^^^^^^^^^^^^^^^^^^^^^^^^
  File "E:\myblog\.venv\Lib\site-packages\allauth\account\mixins.py", line 72, in get
    response = super().get(request, *args, **kwargs)
               ^^^^^^^^^^^^^^^^^^^^^^^^^^^^^^^^^^^^^
  File "E:\myblog\.venv\Lib\site-packages\django\views\generic\edit.py", line 142, in get
    return self.render_to_response(self.get_context_data())
                                   ^^^^^^^^^^^^^^^^^^^^^^^
  File "E:\myblog\.venv\Lib\site-packages\allauth\account\views.py", line 123, in get_context_data
    signup_url = self.passthrough_next_url(reverse("account_signup"))
                                           ^^^^^^^^^^^^^^^^^^^^^^^^^
  File "E:\myblog\.venv\Lib\site-packages\django\urls\base.py", line 98, in reverse
    resolved_url = resolver._reverse_with_prefix(view, prefix, *args, **kwargs)
                   ^^^^^^^^^^^^^^^^^^^^^^^^^^^^^^^^^^^^^^^^^^^^^^^^^^^^^^^^^^^^
  File "E:\myblog\.venv\Lib\site-packages\django\urls\resolvers.py", line 831, in _reverse_with_prefix
    raise NoReverseMatch(msg)
django.urls.exceptions.NoReverseMatch: Reverse for 'account_signup' not found. 'account_signup' is not a valid view function or pattern name.
"GET /accounts/login/ HTTP/1.1" 500 177795
E:\myblog\myblog\settings.py changed, reloading.
Watching for file changes with StatReloader
"GET / HTTP/1.1" 200 18858
Internal Server Error: /accounts/login/
Traceback (most recent call last):
  File "E:\myblog\.venv\Lib\site-packages\django\core\handlers\exception.py", line 55, in inner
    response = get_response(request)
               ^^^^^^^^^^^^^^^^^^^^^
  File "E:\myblog\.venv\Lib\site-packages\django\core\handlers\base.py", line 197, in _get_response
    response = wrapped_callback(request, *callback_args, **callback_kwargs)
               ^^^^^^^^^^^^^^^^^^^^^^^^^^^^^^^^^^^^^^^^^^^^^^^^^^^^^^^^^^^^
  File "E:\myblog\.venv\Lib\site-packages\django\views\generic\base.py", line 105, in view
    return self.dispatch(request, *args, **kwargs)
           ^^^^^^^^^^^^^^^^^^^^^^^^^^^^^^^^^^^^^^^
  File "E:\myblog\.venv\Lib\site-packages\django\utils\decorators.py", line 48, in _wrapper
    return bound_method(*args, **kwargs)
           ^^^^^^^^^^^^^^^^^^^^^^^^^^^^^
  File "E:\myblog\.venv\Lib\site-packages\allauth\decorators.py", line 12, in wrap
    resp = function(request, *args, **kwargs)
           ^^^^^^^^^^^^^^^^^^^^^^^^^^^^^^^^^^
  File "E:\myblog\.venv\Lib\site-packages\django\utils\decorators.py", line 48, in _wrapper
    return bound_method(*args, **kwargs)
           ^^^^^^^^^^^^^^^^^^^^^^^^^^^^^
  File "E:\myblog\.venv\Lib\site-packages\django\utils\decorators.py", line 48, in _wrapper
    return bound_method(*args, **kwargs)
           ^^^^^^^^^^^^^^^^^^^^^^^^^^^^^
  File "E:\myblog\.venv\Lib\site-packages\django\views\decorators\debug.py", line 143, in sensitive_post_parameters_wrapper
    return view(request, *args, **kwargs)
           ^^^^^^^^^^^^^^^^^^^^^^^^^^^^^^
  File "E:\myblog\.venv\Lib\site-packages\django\utils\decorators.py", line 48, in _wrapper
    return bound_method(*args, **kwargs)
           ^^^^^^^^^^^^^^^^^^^^^^^^^^^^^
  File "E:\myblog\.venv\Lib\site-packages\django\views\decorators\cache.py", line 80, in _view_wrapper
    response = view_func(request, *args, **kwargs)
               ^^^^^^^^^^^^^^^^^^^^^^^^^^^^^^^^^^^
  File "E:\myblog\.venv\Lib\site-packages\allauth\account\views.py", line 97, in dispatch
    return super().dispatch(request, *args, **kwargs)
           ^^^^^^^^^^^^^^^^^^^^^^^^^^^^^^^^^^^^^^^^^^
  File "E:\myblog\.venv\Lib\site-packages\django\utils\decorators.py", line 48, in _wrapper
    return bound_method(*args, **kwargs)
           ^^^^^^^^^^^^^^^^^^^^^^^^^^^^^
  File "E:\myblog\.venv\Lib\site-packages\django\utils\decorators.py", line 48, in _wrapper
    return bound_method(*args, **kwargs)
           ^^^^^^^^^^^^^^^^^^^^^^^^^^^^^
  File "E:\myblog\.venv\Lib\site-packages\django\views\decorators\cache.py", line 80, in _view_wrapper
    response = view_func(request, *args, **kwargs)
               ^^^^^^^^^^^^^^^^^^^^^^^^^^^^^^^^^^^
  File "E:\myblog\.venv\Lib\site-packages\allauth\account\mixins.py", line 53, in dispatch
    response = super().dispatch(request, *args, **kwargs)
               ^^^^^^^^^^^^^^^^^^^^^^^^^^^^^^^^^^^^^^^^^^
  File "E:\myblog\.venv\Lib\site-packages\django\views\generic\base.py", line 144, in dispatch
    return handler(request, *args, **kwargs)
           ^^^^^^^^^^^^^^^^^^^^^^^^^^^^^^^^^
  File "E:\myblog\.venv\Lib\site-packages\allauth\account\mixins.py", line 72, in get
    response = super().get(request, *args, **kwargs)
               ^^^^^^^^^^^^^^^^^^^^^^^^^^^^^^^^^^^^^
  File "E:\myblog\.venv\Lib\site-packages\django\views\generic\edit.py", line 142, in get
    return self.render_to_response(self.get_context_data())
                                   ^^^^^^^^^^^^^^^^^^^^^^^
  File "E:\myblog\.venv\Lib\site-packages\allauth\account\views.py", line 123, in get_context_data
    signup_url = self.passthrough_next_url(reverse("account_signup"))
                                           ^^^^^^^^^^^^^^^^^^^^^^^^^
  File "E:\myblog\.venv\Lib\site-packages\django\urls\base.py", line 98, in reverse
    resolved_url = resolver._reverse_with_prefix(view, prefix, *args, **kwargs)
                   ^^^^^^^^^^^^^^^^^^^^^^^^^^^^^^^^^^^^^^^^^^^^^^^^^^^^^^^^^^^^
  File "E:\myblog\.venv\Lib\site-packages\django\urls\resolvers.py", line 831, in _reverse_with_prefix
    raise NoReverseMatch(msg)
django.urls.exceptions.NoReverseMatch: Reverse for 'account_signup' not found. 'account_signup' is not a valid view function or pattern name.
"GET /accounts/login/ HTTP/1.1" 500 178014
E:\myblog\comments\admin.py changed, reloading.
Watching for file changes with StatReloader
E:\myblog\myblog\settings.py changed, reloading.
Watching for file changes with StatReloader
E:\myblog\myblog\settings.py changed, reloading.
Watching for file changes with StatReloader
Internal Server Error: /
Traceback (most recent call last):
  File "E:\myblog\.venv\Lib\site-packages\django\urls\base.py", line 81, in reverse
    extra, resolver = resolver.namespace_dict[ns]
                      ~~~~~~~~~~~~~~~~~~~~~~~^^^^
KeyError: 'account'

During handling of the above exception, another exception occurred:

Traceback (most recent call last):
  File "E:\myblog\.venv\Lib\site-packages\django\core\handlers\exception.py", line 55, in inner
    response = get_response(request)
               ^^^^^^^^^^^^^^^^^^^^^
  File "E:\myblog\.venv\Lib\site-packages\django\core\handlers\base.py", line 197, in _get_response
    response = wrapped_callback(request, *callback_args, **callback_kwargs)
               ^^^^^^^^^^^^^^^^^^^^^^^^^^^^^^^^^^^^^^^^^^^^^^^^^^^^^^^^^^^^
  File "E:\myblog\articles\views.py", line 53, in article_list
    return render(request, 'articles/article_list.html', context)
           ^^^^^^^^^^^^^^^^^^^^^^^^^^^^^^^^^^^^^^^^^^^^^^^^^^^^^^
  File "E:\myblog\.venv\Lib\site-packages\django\shortcuts.py", line 25, in render
    content = loader.render_to_string(template_name, context, request, using=using)
              ^^^^^^^^^^^^^^^^^^^^^^^^^^^^^^^^^^^^^^^^^^^^^^^^^^^^^^^^^^^^^^^^^^^^^
  File "E:\myblog\.venv\Lib\site-packages\django\template\loader.py", line 62, in render_to_string
    return template.render(context, request)
           ^^^^^^^^^^^^^^^^^^^^^^^^^^^^^^^^^
  File "E:\myblog\.venv\Lib\site-packages\django\template\backends\django.py", line 107, in render
    return self.template.render(context)
           ^^^^^^^^^^^^^^^^^^^^^^^^^^^^^
  File "E:\myblog\.venv\Lib\site-packages\django\template\base.py", line 172, in render
    return self._render(context)
           ^^^^^^^^^^^^^^^^^^^^^
  File "E:\myblog\.venv\Lib\site-packages\django\test\utils.py", line 114, in instrumented_test_render
    return self.nodelist.render(context)
           ^^^^^^^^^^^^^^^^^^^^^^^^^^^^^
  File "E:\myblog\.venv\Lib\site-packages\django\template\base.py", line 1018, in render
    return SafeString("".join([node.render_annotated(context) for node in self]))
                              ^^^^^^^^^^^^^^^^^^^^^^^^^^^^^^^^^^^^^^^^^^^^^^^^^
  File "E:\myblog\.venv\Lib\site-packages\django\template\base.py", line 1018, in <listcomp>
    return SafeString("".join([node.render_annotated(context) for node in self]))
                               ^^^^^^^^^^^^^^^^^^^^^^^^^^^^^^
  File "E:\myblog\.venv\Lib\site-packages\django\template\base.py", line 979, in render_annotated
    return self.render(context)
           ^^^^^^^^^^^^^^^^^^^^
  File "E:\myblog\.venv\Lib\site-packages\django\template\loader_tags.py", line 159, in render
    return compiled_parent._render(context)
           ^^^^^^^^^^^^^^^^^^^^^^^^^^^^^^^^
  File "E:\myblog\.venv\Lib\site-packages\django\test\utils.py", line 114, in instrumented_test_render
    return self.nodelist.render(context)
           ^^^^^^^^^^^^^^^^^^^^^^^^^^^^^
  File "E:\myblog\.venv\Lib\site-packages\django\template\base.py", line 1018, in render
    return SafeString("".join([node.render_annotated(context) for node in self]))
                              ^^^^^^^^^^^^^^^^^^^^^^^^^^^^^^^^^^^^^^^^^^^^^^^^^
  File "E:\myblog\.venv\Lib\site-packages\django\template\base.py", line 1018, in <listcomp>
    return SafeString("".join([node.render_annotated(context) for node in self]))
                               ^^^^^^^^^^^^^^^^^^^^^^^^^^^^^^
  File "E:\myblog\.venv\Lib\site-packages\django\template\base.py", line 979, in render_annotated
    return self.render(context)
           ^^^^^^^^^^^^^^^^^^^^
  File "E:\myblog\.venv\Lib\site-packages\django\template\defaulttags.py", line 327, in render
    return nodelist.render(context)
           ^^^^^^^^^^^^^^^^^^^^^^^^
  File "E:\myblog\.venv\Lib\site-packages\django\template\base.py", line 1018, in render
    return SafeString("".join([node.render_annotated(context) for node in self]))
                              ^^^^^^^^^^^^^^^^^^^^^^^^^^^^^^^^^^^^^^^^^^^^^^^^^
  File "E:\myblog\.venv\Lib\site-packages\django\template\base.py", line 1018, in <listcomp>
    return SafeString("".join([node.render_annotated(context) for node in self]))
                               ^^^^^^^^^^^^^^^^^^^^^^^^^^^^^^
  File "E:\myblog\.venv\Lib\site-packages\django\template\base.py", line 979, in render_annotated
    return self.render(context)
           ^^^^^^^^^^^^^^^^^^^^
  File "E:\myblog\.venv\Lib\site-packages\django\template\defaulttags.py", line 480, in render
    url = reverse(view_name, args=args, kwargs=kwargs, current_app=current_app)
          ^^^^^^^^^^^^^^^^^^^^^^^^^^^^^^^^^^^^^^^^^^^^^^^^^^^^^^^^^^^^^^^^^^^^^
  File "E:\myblog\.venv\Lib\site-packages\django\urls\base.py", line 92, in reverse
    raise NoReverseMatch("%s is not a registered namespace" % key)
django.urls.exceptions.NoReverseMatch: 'account' is not a registered namespace
"GET / HTTP/1.1" 500 192434
Watching for file changes with StatReloader
"GET / HTTP/1.1" 200 19061
"GET /static/css/themes/theme-default.css HTTP/1.1" 200 174
"GET /media/article_images/IMG_20251120_135531_frEgvPo.jpg HTTP/1.1" 304 0
Internal Server Error: /accounts/login/
Traceback (most recent call last):
  File "E:\myblog\.venv\Lib\site-packages\django\core\handlers\exception.py", line 55, in inner
    response = get_response(request)
               ^^^^^^^^^^^^^^^^^^^^^
  File "E:\myblog\.venv\Lib\site-packages\django\core\handlers\base.py", line 220, in _get_response
    response = response.render()
               ^^^^^^^^^^^^^^^^^
  File "E:\myblog\.venv\Lib\site-packages\django\template\response.py", line 114, in render
    self.content = self.rendered_content
                   ^^^^^^^^^^^^^^^^^^^^^
  File "E:\myblog\.venv\Lib\site-packages\django\template\response.py", line 92, in rendered_content
    return template.render(context, self._request)
           ^^^^^^^^^^^^^^^^^^^^^^^^^^^^^^^^^^^^^^^
  File "E:\myblog\.venv\Lib\site-packages\django\template\backends\django.py", line 107, in render
    return self.template.render(context)
           ^^^^^^^^^^^^^^^^^^^^^^^^^^^^^
  File "E:\myblog\.venv\Lib\site-packages\django\template\base.py", line 172, in render
    return self._render(context)
           ^^^^^^^^^^^^^^^^^^^^^
  File "E:\myblog\.venv\Lib\site-packages\django\test\utils.py", line 114, in instrumented_test_render
    return self.nodelist.render(context)
           ^^^^^^^^^^^^^^^^^^^^^^^^^^^^^
  File "E:\myblog\.venv\Lib\site-packages\django\template\base.py", line 1018, in render
    return SafeString("".join([node.render_annotated(context) for node in self]))
                              ^^^^^^^^^^^^^^^^^^^^^^^^^^^^^^^^^^^^^^^^^^^^^^^^^
  File "E:\myblog\.venv\Lib\site-packages\django\template\base.py", line 1018, in <listcomp>
    return SafeString("".join([node.render_annotated(context) for node in self]))
                               ^^^^^^^^^^^^^^^^^^^^^^^^^^^^^^
  File "E:\myblog\.venv\Lib\site-packages\django\template\base.py", line 979, in render_annotated
    return self.render(context)
           ^^^^^^^^^^^^^^^^^^^^
  File "E:\myblog\.venv\Lib\site-packages\django\template\loader_tags.py", line 159, in render
    return compiled_parent._render(context)
           ^^^^^^^^^^^^^^^^^^^^^^^^^^^^^^^^
  File "E:\myblog\.venv\Lib\site-packages\django\test\utils.py", line 114, in instrumented_test_render
    return self.nodelist.render(context)
           ^^^^^^^^^^^^^^^^^^^^^^^^^^^^^
  File "E:\myblog\.venv\Lib\site-packages\django\template\base.py", line 1018, in render
    return SafeString("".join([node.render_annotated(context) for node in self]))
                              ^^^^^^^^^^^^^^^^^^^^^^^^^^^^^^^^^^^^^^^^^^^^^^^^^
  File "E:\myblog\.venv\Lib\site-packages\django\template\base.py", line 1018, in <listcomp>
    return SafeString("".join([node.render_annotated(context) for node in self]))
                               ^^^^^^^^^^^^^^^^^^^^^^^^^^^^^^
  File "E:\myblog\.venv\Lib\site-packages\django\template\base.py", line 979, in render_annotated
    return self.render(context)
           ^^^^^^^^^^^^^^^^^^^^
  File "E:\myblog\.venv\Lib\site-packages\django\template\loader_tags.py", line 65, in render
    result = block.nodelist.render(context)
             ^^^^^^^^^^^^^^^^^^^^^^^^^^^^^^
  File "E:\myblog\.venv\Lib\site-packages\django\template\base.py", line 1018, in render
    return SafeString("".join([node.render_annotated(context) for node in self]))
                              ^^^^^^^^^^^^^^^^^^^^^^^^^^^^^^^^^^^^^^^^^^^^^^^^^
  File "E:\myblog\.venv\Lib\site-packages\django\template\base.py", line 1018, in <listcomp>
    return SafeString("".join([node.render_annotated(context) for node in self]))
                               ^^^^^^^^^^^^^^^^^^^^^^^^^^^^^^
  File "E:\myblog\.venv\Lib\site-packages\django\template\base.py", line 979, in render_annotated
    return self.render(context)
           ^^^^^^^^^^^^^^^^^^^^
  File "E:\myblog\.venv\Lib\site-packages\django\template\defaulttags.py", line 327, in render
    return nodelist.render(context)
           ^^^^^^^^^^^^^^^^^^^^^^^^
  File "E:\myblog\.venv\Lib\site-packages\django\template\base.py", line 1018, in render
    return SafeString("".join([node.render_annotated(context) for node in self]))
                              ^^^^^^^^^^^^^^^^^^^^^^^^^^^^^^^^^^^^^^^^^^^^^^^^^
  File "E:\myblog\.venv\Lib\site-packages\django\template\base.py", line 1018, in <listcomp>
    return SafeString("".join([node.render_annotated(context) for node in self]))
                               ^^^^^^^^^^^^^^^^^^^^^^^^^^^^^^
  File "E:\myblog\.venv\Lib\site-packages\django\template\base.py", line 979, in render_annotated
    return self.render(context)
           ^^^^^^^^^^^^^^^^^^^^
  File "E:\myblog\.venv\Lib\site-packages\django\template\defaulttags.py", line 243, in render
    nodelist.append(node.render_annotated(context))
                    ^^^^^^^^^^^^^^^^^^^^^^^^^^^^^^
  File "E:\myblog\.venv\Lib\site-packages\django\template\base.py", line 979, in render_annotated
    return self.render(context)
           ^^^^^^^^^^^^^^^^^^^^
  File "E:\myblog\.venv\Lib\site-packages\django\template\defaulttags.py", line 327, in render
    return nodelist.render(context)
           ^^^^^^^^^^^^^^^^^^^^^^^^
  File "E:\myblog\.venv\Lib\site-packages\django\template\base.py", line 1018, in render
    return SafeString("".join([node.render_annotated(context) for node in self]))
                              ^^^^^^^^^^^^^^^^^^^^^^^^^^^^^^^^^^^^^^^^^^^^^^^^^
  File "E:\myblog\.venv\Lib\site-packages\django\template\base.py", line 1018, in <listcomp>
    return SafeString("".join([node.render_annotated(context) for node in self]))
                               ^^^^^^^^^^^^^^^^^^^^^^^^^^^^^^
  File "E:\myblog\.venv\Lib\site-packages\django\template\base.py", line 979, in render_annotated
    return self.render(context)
           ^^^^^^^^^^^^^^^^^^^^
  File "E:\myblog\.venv\Lib\site-packages\django\template\defaulttags.py", line 480, in render
    url = reverse(view_name, args=args, kwargs=kwargs, current_app=current_app)
          ^^^^^^^^^^^^^^^^^^^^^^^^^^^^^^^^^^^^^^^^^^^^^^^^^^^^^^^^^^^^^^^^^^^^^
  File "E:\myblog\.venv\Lib\site-packages\django\urls\base.py", line 98, in reverse
    resolved_url = resolver._reverse_with_prefix(view, prefix, *args, **kwargs)
                   ^^^^^^^^^^^^^^^^^^^^^^^^^^^^^^^^^^^^^^^^^^^^^^^^^^^^^^^^^^^^
  File "E:\myblog\.venv\Lib\site-packages\django\urls\resolvers.py", line 831, in _reverse_with_prefix
    raise NoReverseMatch(msg)
django.urls.exceptions.NoReverseMatch: Reverse for 'socialaccount_login' not found. 'socialaccount_login' is not a valid view function or pattern name.
"GET /accounts/login/ HTTP/1.1" 500 244116
Watching for file changes with StatReloader
"GET / HTTP/1.1" 200 19061
"GET /static/css/themes/theme-default.css HTTP/1.1" 304 0
Internal Server Error: /accounts/login/
Traceback (most recent call last):
  File "E:\myblog\.venv\Lib\site-packages\django\core\handlers\exception.py", line 55, in inner
    response = get_response(request)
               ^^^^^^^^^^^^^^^^^^^^^
  File "E:\myblog\.venv\Lib\site-packages\django\core\handlers\base.py", line 220, in _get_response
    response = response.render()
               ^^^^^^^^^^^^^^^^^
  File "E:\myblog\.venv\Lib\site-packages\django\template\response.py", line 114, in render
    self.content = self.rendered_content
                   ^^^^^^^^^^^^^^^^^^^^^
  File "E:\myblog\.venv\Lib\site-packages\django\template\response.py", line 92, in rendered_content
    return template.render(context, self._request)
           ^^^^^^^^^^^^^^^^^^^^^^^^^^^^^^^^^^^^^^^
  File "E:\myblog\.venv\Lib\site-packages\django\template\backends\django.py", line 107, in render
    return self.template.render(context)
           ^^^^^^^^^^^^^^^^^^^^^^^^^^^^^
  File "E:\myblog\.venv\Lib\site-packages\django\template\base.py", line 172, in render
    return self._render(context)
           ^^^^^^^^^^^^^^^^^^^^^
  File "E:\myblog\.venv\Lib\site-packages\django\test\utils.py", line 114, in instrumented_test_render
    return self.nodelist.render(context)
           ^^^^^^^^^^^^^^^^^^^^^^^^^^^^^
  File "E:\myblog\.venv\Lib\site-packages\django\template\base.py", line 1018, in render
    return SafeString("".join([node.render_annotated(context) for node in self]))
                              ^^^^^^^^^^^^^^^^^^^^^^^^^^^^^^^^^^^^^^^^^^^^^^^^^
  File "E:\myblog\.venv\Lib\site-packages\django\template\base.py", line 1018, in <listcomp>
    return SafeString("".join([node.render_annotated(context) for node in self]))
                               ^^^^^^^^^^^^^^^^^^^^^^^^^^^^^^
  File "E:\myblog\.venv\Lib\site-packages\django\template\base.py", line 979, in render_annotated
    return self.render(context)
           ^^^^^^^^^^^^^^^^^^^^
  File "E:\myblog\.venv\Lib\site-packages\django\template\loader_tags.py", line 159, in render
    return compiled_parent._render(context)
           ^^^^^^^^^^^^^^^^^^^^^^^^^^^^^^^^
  File "E:\myblog\.venv\Lib\site-packages\django\test\utils.py", line 114, in instrumented_test_render
    return self.nodelist.render(context)
           ^^^^^^^^^^^^^^^^^^^^^^^^^^^^^
  File "E:\myblog\.venv\Lib\site-packages\django\template\base.py", line 1018, in render
    return SafeString("".join([node.render_annotated(context) for node in self]))
                              ^^^^^^^^^^^^^^^^^^^^^^^^^^^^^^^^^^^^^^^^^^^^^^^^^
  File "E:\myblog\.venv\Lib\site-packages\django\template\base.py", line 1018, in <listcomp>
    return SafeString("".join([node.render_annotated(context) for node in self]))
                               ^^^^^^^^^^^^^^^^^^^^^^^^^^^^^^
  File "E:\myblog\.venv\Lib\site-packages\django\template\base.py", line 979, in render_annotated
    return self.render(context)
           ^^^^^^^^^^^^^^^^^^^^
  File "E:\myblog\.venv\Lib\site-packages\django\template\loader_tags.py", line 65, in render
    result = block.nodelist.render(context)
             ^^^^^^^^^^^^^^^^^^^^^^^^^^^^^^
  File "E:\myblog\.venv\Lib\site-packages\django\template\base.py", line 1018, in render
    return SafeString("".join([node.render_annotated(context) for node in self]))
                              ^^^^^^^^^^^^^^^^^^^^^^^^^^^^^^^^^^^^^^^^^^^^^^^^^
  File "E:\myblog\.venv\Lib\site-packages\django\template\base.py", line 1018, in <listcomp>
    return SafeString("".join([node.render_annotated(context) for node in self]))
                               ^^^^^^^^^^^^^^^^^^^^^^^^^^^^^^
  File "E:\myblog\.venv\Lib\site-packages\django\template\base.py", line 979, in render_annotated
    return self.render(context)
           ^^^^^^^^^^^^^^^^^^^^
  File "E:\myblog\.venv\Lib\site-packages\django\template\defaulttags.py", line 327, in render
    return nodelist.render(context)
           ^^^^^^^^^^^^^^^^^^^^^^^^
  File "E:\myblog\.venv\Lib\site-packages\django\template\base.py", line 1018, in render
    return SafeString("".join([node.render_annotated(context) for node in self]))
                              ^^^^^^^^^^^^^^^^^^^^^^^^^^^^^^^^^^^^^^^^^^^^^^^^^
  File "E:\myblog\.venv\Lib\site-packages\django\template\base.py", line 1018, in <listcomp>
    return SafeString("".join([node.render_annotated(context) for node in self]))
                               ^^^^^^^^^^^^^^^^^^^^^^^^^^^^^^
  File "E:\myblog\.venv\Lib\site-packages\django\template\base.py", line 979, in render_annotated
    return self.render(context)
           ^^^^^^^^^^^^^^^^^^^^
  File "E:\myblog\.venv\Lib\site-packages\django\template\defaulttags.py", line 243, in render
    nodelist.append(node.render_annotated(context))
                    ^^^^^^^^^^^^^^^^^^^^^^^^^^^^^^
  File "E:\myblog\.venv\Lib\site-packages\django\template\base.py", line 979, in render_annotated
    return self.render(context)
           ^^^^^^^^^^^^^^^^^^^^
  File "E:\myblog\.venv\Lib\site-packages\django\template\defaulttags.py", line 327, in render
    return nodelist.render(context)
           ^^^^^^^^^^^^^^^^^^^^^^^^
  File "E:\myblog\.venv\Lib\site-packages\django\template\base.py", line 1018, in render
    return SafeString("".join([node.render_annotated(context) for node in self]))
                              ^^^^^^^^^^^^^^^^^^^^^^^^^^^^^^^^^^^^^^^^^^^^^^^^^
  File "E:\myblog\.venv\Lib\site-packages\django\template\base.py", line 1018, in <listcomp>
    return SafeString("".join([node.render_annotated(context) for node in self]))
                               ^^^^^^^^^^^^^^^^^^^^^^^^^^^^^^
  File "E:\myblog\.venv\Lib\site-packages\django\template\base.py", line 979, in render_annotated
    return self.render(context)
           ^^^^^^^^^^^^^^^^^^^^
  File "E:\myblog\.venv\Lib\site-packages\django\template\library.py", line 324, in render
    output = self.func(*resolved_args, **resolved_kwargs)
             ^^^^^^^^^^^^^^^^^^^^^^^^^^^^^^^^^^^^^^^^^^^^
  File "E:\myblog\.venv\Lib\site-packages\allauth\socialaccount\templatetags\socialaccount.py", line 21, in provider_login_url
    provider = adapter.get_provider(request, provider)
               ^^^^^^^^^^^^^^^^^^^^^^^^^^^^^^^^^^^^^^^
  File "E:\myblog\.venv\Lib\site-packages\allauth\socialaccount\adapter.py", line 212, in get_provider
    app = self.get_app(request, provider=provider, client_id=client_id)
          ^^^^^^^^^^^^^^^^^^^^^^^^^^^^^^^^^^^^^^^^^^^^^^^^^^^^^^^^^^^^^
  File "E:\myblog\.venv\Lib\site-packages\allauth\socialaccount\adapter.py", line 299, in get_app
    raise MultipleObjectsReturned
django.core.exceptions.MultipleObjectsReturned
"GET /accounts/login/ HTTP/1.1" 500 247225
"GET / HTTP/1.1" 200 19060
"GET /static/css/themes/theme-default.css HTTP/1.1" 304 0
"GET /admin/socialaccount/socialapp/ HTTP/1.1" 302 0
"GET /admin/login/?next=/admin/socialaccount/socialapp/ HTTP/1.1" 200 18463
"POST /admin/login/?next=/admin/socialaccount/socialapp/ HTTP/1.1" 302 0
"GET /admin/socialaccount/socialapp/ HTTP/1.1" 200 29793
"GET /admin/jsi18n/ HTTP/1.1" 200 9327
"GET /admin/socialaccount/socialapp/6/change/ HTTP/1.1" 200 34764
"GET /admin/jsi18n/ HTTP/1.1" 200 9327
"GET /admin/socialaccount/socialapp/6/delete/ HTTP/1.1" 200 27765
"GET /static/admin/js/cancel.js HTTP/1.1" 200 884
"POST /admin/socialaccount/socialapp/6/delete/ HTTP/1.1" 302 0
"GET /admin/socialaccount/socialapp/ HTTP/1.1" 200 29641
"GET /admin/jsi18n/ HTTP/1.1" 200 9327
"GET /admin/socialaccount/socialapp/7/change/ HTTP/1.1" 200 34764
"GET /admin/jsi18n/ HTTP/1.1" 200 9327
"GET /admin/socialaccount/socialapp/7/delete/ HTTP/1.1" 200 27765
"POST /admin/socialaccount/socialapp/7/delete/ HTTP/1.1" 302 0
"GET /admin/socialaccount/socialapp/ HTTP/1.1" 200 29334
"GET /admin/jsi18n/ HTTP/1.1" 200 9327
"GET /admin/socialaccount/socialapp/8/change/ HTTP/1.1" 200 34760
"GET /admin/jsi18n/ HTTP/1.1" 200 9327
"GET /admin/socialaccount/socialapp/8/delete/ HTTP/1.1" 200 27762
"POST /admin/socialaccount/socialapp/8/delete/ HTTP/1.1" 302 0
"GET /admin/socialaccount/socialapp/ HTTP/1.1" 200 27866
"GET /admin/jsi18n/ HTTP/1.1" 200 9327
Watching for file changes with StatReloader
"GET / HTTP/1.1" 200 20094
"GET /static/css/themes/theme-default.css HTTP/1.1" 304 0
"POST /accounts/logout/ HTTP/1.1" 302 0
"GET / HTTP/1.1" 200 19310
"GET /accounts/login/ HTTP/1.1" 200 20028
"GET /accounts/github/login/ HTTP/1.1" 200 15610
Watching for file changes with StatReloader
"GET / HTTP/1.1" 200 19059
"GET /static/css/themes/theme-default.css HTTP/1.1" 304 0
"GET /static/debug_toolbar/js/toolbar.js HTTP/1.1" 304 0
"GET /static/debug_toolbar/css/toolbar.css HTTP/1.1" 304 0
"GET /static/debug_toolbar/css/print.css HTTP/1.1" 304 0
"GET /media/article_images/IMG_20251120_135531_frEgvPo.jpg HTTP/1.1" 304 0
"GET /static/debug_toolbar/js/utils.js HTTP/1.1" 304 0
Not Found: /favicon.ico
"GET /favicon.ico HTTP/1.1" 404 19246
"GET /accounts/signup/ HTTP/1.1" 200 22431
"GET /accounts/login/ HTTP/1.1" 200 20028
"GET /accounts/github/login/ HTTP/1.1" 200 15610
"POST /accounts/github/login/ HTTP/1.1" 302 0
"GET /accounts/github/login/callback/?code=1a6e1422268142f70140&state=xsAlK15XhT80r0FY HTTP/1.1" 200 15382
Internal Server Error: /accounts/github/login/callback/
Traceback (most recent call last):
  File "E:\myblog\.venv\Lib\site-packages\django_redis\cache.py", line 29, in _decorator
    return method(self, *args, **kwargs)
           ^^^^^^^^^^^^^^^^^^^^^^^^^^^^^
  File "E:\myblog\.venv\Lib\site-packages\django_redis\cache.py", line 99, in _get
    return self.client.get(key, default=default, version=version, client=client)
           ^^^^^^^^^^^^^^^^^^^^^^^^^^^^^^^^^^^^^^^^^^^^^^^^^^^^^^^^^^^^^^^^^^^^^
  File "E:\myblog\.venv\Lib\site-packages\django_redis\client\default.py", line 300, in get
    raise ConnectionInterrupted(connection=client) from e
django_redis.exceptions.ConnectionInterrupted: Redis ConnectionError: Error 10061 connecting to 127.0.0.1:6379. 由于目标计算机积极拒绝，无法连接。.

During handling of the above exception, another exception occurred:

Traceback (most recent call last):
  File "E:\myblog\.venv\Lib\site-packages\django\core\handlers\exception.py", line 55, in inner
    response = get_response(request)
               ^^^^^^^^^^^^^^^^^^^^^
  File "E:\myblog\.venv\Lib\site-packages\django\core\handlers\base.py", line 197, in _get_response
    response = wrapped_callback(request, *callback_args, **callback_kwargs)
               ^^^^^^^^^^^^^^^^^^^^^^^^^^^^^^^^^^^^^^^^^^^^^^^^^^^^^^^^^^^^
  File "E:\myblog\.venv\Lib\site-packages\allauth\socialaccount\providers\oauth2\views.py", line 102, in view
    return self.dispatch(request, *args, **kwargs)
           ^^^^^^^^^^^^^^^^^^^^^^^^^^^^^^^^^^^^^^^
  File "E:\myblog\.venv\Lib\site-packages\allauth\socialaccount\providers\oauth2\views.py", line 151, in dispatch
    return complete_social_login(request, login)
           ^^^^^^^^^^^^^^^^^^^^^^^^^^^^^^^^^^^^^
  File "E:\myblog\.venv\Lib\site-packages\allauth\socialaccount\helpers.py", line 67, in complete_social_login
    return flows.login.complete_login(request, sociallogin)
           ^^^^^^^^^^^^^^^^^^^^^^^^^^^^^^^^^^^^^^^^^^^^^^^^
  File "E:\myblog\.venv\Lib\site-packages\allauth\socialaccount\internal\flows\login.py", line 53, in complete_login
    return _authenticate(request, sociallogin)
           ^^^^^^^^^^^^^^^^^^^^^^^^^^^^^^^^^^^
  File "E:\myblog\.venv\Lib\site-packages\allauth\socialaccount\internal\flows\login.py", line 80, in _authenticate
    ret = process_signup(request, sociallogin)
          ^^^^^^^^^^^^^^^^^^^^^^^^^^^^^^^^^^^^
  File "E:\myblog\.venv\Lib\site-packages\allauth\socialaccount\internal\flows\signup.py", line 111, in process_signup
    auto_signup, resp = process_auto_signup(request, sociallogin)
                        ^^^^^^^^^^^^^^^^^^^^^^^^^^^^^^^^^^^^^^^^^
  File "E:\myblog\.venv\Lib\site-packages\allauth\socialaccount\internal\flows\signup.py", line 47, in process_auto_signup
    auto_signup, resp = process_auto_signup_email(request, sociallogin)
                        ^^^^^^^^^^^^^^^^^^^^^^^^^^^^^^^^^^^^^^^^^^^^^^^
  File "E:\myblog\.venv\Lib\site-packages\allauth\socialaccount\internal\flows\signup.py", line 83, in process_auto_signup_email
    resp = prevent_enumeration(request, email=email)
           ^^^^^^^^^^^^^^^^^^^^^^^^^^^^^^^^^^^^^^^^^
  File "E:\myblog\.venv\Lib\site-packages\allauth\account\internal\flows\signup.py", line 70, in prevent_enumeration
    return perform_login(context.request, login)
           ^^^^^^^^^^^^^^^^^^^^^^^^^^^^^^^^^^^^^
  File "E:\myblog\.venv\Lib\site-packages\allauth\account\internal\flows\login.py", line 93, in perform_login
    return resume_login(request, login)
           ^^^^^^^^^^^^^^^^^^^^^^^^^^^^
  File "E:\myblog\.venv\Lib\site-packages\allauth\account\internal\flows\login.py", line 102, in resume_login
    response = ctrl.handle()
               ^^^^^^^^^^^^^
  File "E:\myblog\.venv\Lib\site-packages\allauth\account\stages.py", line 122, in handle
    response, cont = stage.handle()
                     ^^^^^^^^^^^^^^
  File "E:\myblog\.venv\Lib\site-packages\allauth\account\stages.py", line 160, in handle
    send_verification_email_at_login(self.request, login)
  File "E:\myblog\.venv\Lib\site-packages\allauth\account\internal\flows\email_verification.py", line 292, in send_verification_email_at_login
    sent = send_verification_email_at_fake_login(request, login)
           ^^^^^^^^^^^^^^^^^^^^^^^^^^^^^^^^^^^^^^^^^^^^^^^^^^^^^
  File "E:\myblog\.venv\Lib\site-packages\allauth\account\internal\flows\email_verification.py", line 321, in send_verification_email_at_fake_login
    return send_verification_email_to_address(request, address, signup=True)
           ^^^^^^^^^^^^^^^^^^^^^^^^^^^^^^^^^^^^^^^^^^^^^^^^^^^^^^^^^^^^^^^^^
  File "E:\myblog\.venv\Lib\site-packages\allauth\account\internal\flows\email_verification.py", line 250, in send_verification_email_to_address
    send = handle_verification_email_rate_limit(
           ^^^^^^^^^^^^^^^^^^^^^^^^^^^^^^^^^^^^^
  File "E:\myblog\.venv\Lib\site-packages\allauth\account\internal\flows\email_verification.py", line 182, in handle_verification_email_rate_limit
    rl_ok = consume_email_verification_rate_limit(
            ^^^^^^^^^^^^^^^^^^^^^^^^^^^^^^^^^^^^^^
  File "E:\myblog\.venv\Lib\site-packages\allauth\account\internal\flows\email_verification.py", line 157, in consume_email_verification_rate_limit
    ratelimit.consume(
  File "E:\myblog\.venv\Lib\site-packages\allauth\core\internal\ratelimit.py", line 169, in consume
    single_usage = _consume_single_rate(
                   ^^^^^^^^^^^^^^^^^^^^^
  File "E:\myblog\.venv\Lib\site-packages\allauth\core\internal\ratelimit.py", line 131, in _consume_single_rate
    history = cache.get(cache_key, [])
              ^^^^^^^^^^^^^^^^^^^^^^^^
  File "E:\myblog\.venv\Lib\site-packages\debug_toolbar\panels\cache.py", line 42, in wrapper
    return panel._record_call(cache, name, original_method, args, kwargs)
           ^^^^^^^^^^^^^^^^^^^^^^^^^^^^^^^^^^^^^^^^^^^^^^^^^^^^^^^^^^^^^^
  File "E:\myblog\.venv\Lib\site-packages\debug_toolbar\panels\cache.py", line 151, in _record_call
    value = original_method(*args, **kwargs)
            ^^^^^^^^^^^^^^^^^^^^^^^^^^^^^^^^
  File "E:\myblog\.venv\Lib\site-packages\django_redis\cache.py", line 92, in get
    value = self._get(key, default, version, client)
            ^^^^^^^^^^^^^^^^^^^^^^^^^^^^^^^^^^^^^^^^
  File "E:\myblog\.venv\Lib\site-packages\django_redis\cache.py", line 36, in _decorator
    raise e.__cause__  # noqa: B904
    ^^^^^^^^^^^^^^^^^
  File "E:\myblog\.venv\Lib\site-packages\django_redis\client\default.py", line 298, in get
    value = client.get(key)
            ^^^^^^^^^^^^^^^
  File "E:\myblog\.venv\Lib\site-packages\redis\commands\core.py", line 1923, in get
    return self.execute_command("GET", name, keys=[name])
           ^^^^^^^^^^^^^^^^^^^^^^^^^^^^^^^^^^^^^^^^^^^^^^
  File "E:\myblog\.venv\Lib\site-packages\redis\client.py", line 657, in execute_command
    return self._execute_command(*args, **options)
           ^^^^^^^^^^^^^^^^^^^^^^^^^^^^^^^^^^^^^^^
  File "E:\myblog\.venv\Lib\site-packages\redis\client.py", line 663, in _execute_command
    conn = self.connection or pool.get_connection()
                              ^^^^^^^^^^^^^^^^^^^^^
  File "E:\myblog\.venv\Lib\site-packages\redis\utils.py", line 196, in wrapper
    return func(*args, **kwargs)
           ^^^^^^^^^^^^^^^^^^^^^
  File "E:\myblog\.venv\Lib\site-packages\redis\connection.py", line 2603, in get_connection
    connection.connect()
  File "E:\myblog\.venv\Lib\site-packages\redis\connection.py", line 846, in connect
    self.connect_check_health(check_health=True)
  File "E:\myblog\.venv\Lib\site-packages\redis\connection.py", line 863, in connect_check_health
    raise ConnectionError(self._error_message(e))
redis.exceptions.ConnectionError: Error 10061 connecting to 127.0.0.1:6379. 由于目标计算机积极拒绝，无法连接。.
- Broken pipe from ('127.0.0.1', 50061)
"GET /admin/socialaccount/socialapp/ HTTP/1.1" 302 0
"GET /admin/login/?next=/admin/socialaccount/socialapp/ HTTP/1.1" 200 18463
"GET /static/admin/js/theme.js HTTP/1.1" 304 0
"GET /static/admin/css/dark_mode.css HTTP/1.1" 304 0
"GET /static/admin/css/nav_sidebar.css HTTP/1.1" 304 0
"GET /static/admin/css/login.css HTTP/1.1" 304 0
"GET /static/admin/css/responsive.css HTTP/1.1" 304 0
"GET /static/admin/css/base.css HTTP/1.1" 304 0
"GET /static/admin/js/nav_sidebar.js HTTP/1.1" 304 0
"POST /admin/login/?next=/admin/socialaccount/socialapp/ HTTP/1.1" 302 0
"GET /admin/socialaccount/socialapp/ HTTP/1.1" 200 27718
"GET /static/admin/css/changelists.css HTTP/1.1" 304 0
"GET /static/admin/js/jquery.init.js HTTP/1.1" 304 0
"GET /static/admin/js/vendor/jquery/jquery.js HTTP/1.1" 304 0
"GET /static/admin/js/core.js HTTP/1.1" 304 0
"GET /static/admin/js/urlify.js HTTP/1.1" 304 0
"GET /static/admin/js/actions.js HTTP/1.1" 304 0
"GET /static/admin/js/vendor/xregexp/xregexp.js HTTP/1.1" 304 0
"GET /static/admin/js/admin/RelatedObjectLookups.js HTTP/1.1" 304 0
"GET /static/admin/js/prepopulate.js HTTP/1.1" 304 0
"GET /static/admin/js/filters.js HTTP/1.1" 304 0
"GET /admin/jsi18n/ HTTP/1.1" 200 9327
"GET /static/admin/img/tooltag-add.svg HTTP/1.1" 304 0
"GET /static/admin/img/icon-addlink.svg HTTP/1.1" 304 0
"GET /admin/sites/site/ HTTP/1.1" 200 29640
"GET /static/admin/img/search.svg HTTP/1.1" 304 0
"GET /admin/jsi18n/ HTTP/1.1" 200 9327
"GET /static/admin/img/sorting-icons.svg HTTP/1.1" 304 0
"GET /admin/sites/site/1/change/ HTTP/1.1" 200 29281
"GET /static/admin/css/forms.css HTTP/1.1" 304 0
"GET /static/admin/js/prepopulate_init.js HTTP/1.1" 304 0
"GET /static/admin/css/widgets.css HTTP/1.1" 304 0
"GET /static/admin/js/change_form.js HTTP/1.1" 304 0
"GET /admin/jsi18n/ HTTP/1.1" 200 9327
"POST /admin/sites/site/1/change/ HTTP/1.1" 302 0
"GET /admin/sites/site/ HTTP/1.1" 200 29830
"GET /admin/jsi18n/ HTTP/1.1" 200 9327
"GET /static/admin/img/icon-yes.svg HTTP/1.1" 304 0
Watching for file changes with StatReloader
"GET / HTTP/1.1" 200 20094
"POST /accounts/logout/ HTTP/1.1" 302 0
"GET / HTTP/1.1" 200 19310
"GET /accounts/login/ HTTP/1.1" 200 20028
"GET /accounts/github/login/ HTTP/1.1" 200 15610
"POST /accounts/github/login/ HTTP/1.1" 302 0
"GET /accounts/github/login/callback/?code=e4e1cdd0d7df850bc2b6&state=ms1UfJTIiKt3Sl1k HTTP/1.1" 302 0
"GET /accounts/confirm-email/ HTTP/1.1" 200 15763
"GET /accounts/login/ HTTP/1.1" 200 20028
"GET / HTTP/1.1" 200 19059
"GET /accounts/login/ HTTP/1.1" 200 20028
"POST /accounts/login/ HTTP/1.1" 302 0
"GET /users/profile/ HTTP/1.1" 200 20501
"GET /media/avatars/IMG_20251120_135531.jpg HTTP/1.1" 304 0
"GET /accounts/login/ HTTP/1.1" 302 0
"GET /users/profile/ HTTP/1.1" 200 20239
"GET /accounts/signup/ HTTP/1.1" 302 0
"GET /users/profile/ HTTP/1.1" 200 20239
"GET / HTTP/1.1" 200 20089
"GET /create/ HTTP/1.1" 200 21096
"POST /create/ HTTP/1.1" 302 0
"GET /02/ HTTP/1.1" 200 22816
"GET /static/js/comments.js HTTP/1.1" 200 1386
"POST /comments/add/6/ HTTP/1.1" 302 0
"GET /02/ HTTP/1.1" 200 24837
"GET /comments/delete/8/ HTTP/1.1" 302 0
"GET /02/ HTTP/1.1" 200 22816
"POST /comments/add/6/ HTTP/1.1" 302 0
"GET /02/ HTTP/1.1" 200 22835
E:\myblog\core\utils.py changed, reloading.
Watching for file changes with StatReloader
"GET /edit/02/ HTTP/1.1" 200 21411
"POST /edit/02/ HTTP/1.1" 302 0
"GET /02/ HTTP/1.1" 200 22816
"GET / HTTP/1.1" 200 20898
"GET /02/ HTTP/1.1" 200 22559
Watching for file changes with StatReloader
"GET / HTTP/1.1" 200 20898
"GET /static/css/themes/theme-default.css HTTP/1.1" 304 0
"GET /02/ HTTP/1.1" 200 22708
E:\myblog\core\utils.py changed, reloading.
Watching for file changes with StatReloader
"GET /?q=1 HTTP/1.1" 200 20899
"GET /media/article_images/IMG_20251120_135531_frEgvPo.jpg HTTP/1.1" 304 0
"GET /?q=222 HTTP/1.1" 200 19977
"POST /accounts/logout/ HTTP/1.1" 302 0
"GET / HTTP/1.1" 200 20121
"GET /accounts/login/ HTTP/1.1" 200 20028
"GET /accounts/login/ HTTP/1.1" 200 20028
"GET /accounts/google/login/ HTTP/1.1" 200 15610
"POST /accounts/google/login/ HTTP/1.1" 302 0
"GET /accounts/login/ HTTP/1.1" 200 20028
- Broken pipe from ('127.0.0.1', 61409)
"GET /02/ HTTP/1.1" 200 21074
"GET /static/js/comments.js HTTP/1.1" 304 0
E:\myblog\core\utils.py changed, reloading.
Watching for file changes with StatReloader
"GET / HTTP/1.1" 200 19870
"GET /__debug__/render_panel/?request_id=dae1aa82ca95490aa698686788b248d3&panel_id=ProfilingPanel HTTP/1.1" 200 223777
"GET /02/ HTTP/1.1" 200 21076
"GET /static/css/themes/theme-default.css HTTP/1.1" 304 0
"GET /static/js/comments.js HTTP/1.1" 304 0
"POST /like/02/ HTTP/1.1" 302 0
"GET /accounts/login/?next=/like/02/ HTTP/1.1" 200 20107
"GET /__debug__/history_sidebar/?request_id=7dd07deeb1e64659a7c5d54b6995ecd1 HTTP/1.1" 200 10631
"GET /accounts/login/ HTTP/1.1" 200 20028
"POST /accounts/login/ HTTP/1.1" 302 0
"GET /users/profile/ HTTP/1.1" 200 20677
"GET /02/ HTTP/1.1" 200 22709
"POST /comments/add/6/ HTTP/1.1" 302 0
"GET /02/ HTTP/1.1" 200 24987
"POST /comments/add/6/ HTTP/1.1" 302 0
"GET /02/ HTTP/1.1" 200 25006
"POST /comments/add/6/ HTTP/1.1" 302 0
"GET /02/ HTTP/1.1" 200 27757
Watching for file changes with StatReloader
"GET / HTTP/1.1" 200 20899
"GET /media/article_images/IMG_20251120_135531_frEgvPo.jpg HTTP/1.1" 304 0
Internal Server Error: /02/
Traceback (most recent call last):
  File "E:\myblog\.venv\Lib\site-packages\django\core\handlers\exception.py", line 55, in inner
    response = get_response(request)
               ^^^^^^^^^^^^^^^^^^^^^
  File "E:\myblog\.venv\Lib\site-packages\django\core\handlers\base.py", line 197, in _get_response
    response = wrapped_callback(request, *callback_args, **callback_kwargs)
               ^^^^^^^^^^^^^^^^^^^^^^^^^^^^^^^^^^^^^^^^^^^^^^^^^^^^^^^^^^^^
  File "E:\myblog\articles\views.py", line 79, in article_detail
    return render(request, 'articles/article_detail.html', context)
           ^^^^^^^^^^^^^^^^^^^^^^^^^^^^^^^^^^^^^^^^^^^^^^^^^^^^^^^^
  File "E:\myblog\.venv\Lib\site-packages\django\shortcuts.py", line 25, in render
    content = loader.render_to_string(template_name, context, request, using=using)
              ^^^^^^^^^^^^^^^^^^^^^^^^^^^^^^^^^^^^^^^^^^^^^^^^^^^^^^^^^^^^^^^^^^^^^
  File "E:\myblog\.venv\Lib\site-packages\django\template\loader.py", line 61, in render_to_string
    template = get_template(template_name, using=using)
               ^^^^^^^^^^^^^^^^^^^^^^^^^^^^^^^^^^^^^^^^
  File "E:\myblog\.venv\Lib\site-packages\django\template\loader.py", line 15, in get_template
    return engine.get_template(template_name)
           ^^^^^^^^^^^^^^^^^^^^^^^^^^^^^^^^^^
  File "E:\myblog\.venv\Lib\site-packages\django\template\backends\django.py", line 79, in get_template
    return Template(self.engine.get_template(template_name), self)
                    ^^^^^^^^^^^^^^^^^^^^^^^^^^^^^^^^^^^^^^^
  File "E:\myblog\.venv\Lib\site-packages\django\template\engine.py", line 177, in get_template
    template, origin = self.find_template(template_name)
                       ^^^^^^^^^^^^^^^^^^^^^^^^^^^^^^^^^
  File "E:\myblog\.venv\Lib\site-packages\django\template\engine.py", line 159, in find_template
    template = loader.get_template(name, skip=skip)
               ^^^^^^^^^^^^^^^^^^^^^^^^^^^^^^^^^^^^
  File "E:\myblog\.venv\Lib\site-packages\django\template\loaders\cached.py", line 57, in get_template
    template = super().get_template(template_name, skip)
               ^^^^^^^^^^^^^^^^^^^^^^^^^^^^^^^^^^^^^^^^^
  File "E:\myblog\.venv\Lib\site-packages\django\template\loaders\base.py", line 28, in get_template
    return Template(
           ^^^^^^^^^
  File "E:\myblog\.venv\Lib\site-packages\django\template\base.py", line 155, in __init__
    self.nodelist = self.compile_nodelist()
                    ^^^^^^^^^^^^^^^^^^^^^^^
  File "E:\myblog\.venv\Lib\site-packages\django\template\base.py", line 197, in compile_nodelist
    nodelist = parser.parse()
               ^^^^^^^^^^^^^^
  File "E:\myblog\.venv\Lib\site-packages\django\template\base.py", line 519, in parse
    raise self.error(token, e)
  File "E:\myblog\.venv\Lib\site-packages\django\template\base.py", line 517, in parse
    compiled_result = compile_func(self, token)
                      ^^^^^^^^^^^^^^^^^^^^^^^^^
  File "E:\myblog\.venv\Lib\site-packages\django\template\loader_tags.py", line 299, in do_extends
    nodelist = parser.parse()
               ^^^^^^^^^^^^^^
  File "E:\myblog\.venv\Lib\site-packages\django\template\base.py", line 519, in parse
    raise self.error(token, e)
  File "E:\myblog\.venv\Lib\site-packages\django\template\base.py", line 517, in parse
    compiled_result = compile_func(self, token)
                      ^^^^^^^^^^^^^^^^^^^^^^^^^
  File "E:\myblog\.venv\Lib\site-packages\django\template\loader_tags.py", line 234, in do_block
    nodelist = parser.parse(("endblock",))
               ^^^^^^^^^^^^^^^^^^^^^^^^^^^
  File "E:\myblog\.venv\Lib\site-packages\django\template\base.py", line 524, in parse
    self.unclosed_block_tag(parse_until)
  File "E:\myblog\.venv\Lib\site-packages\django\template\base.py", line 591, in unclosed_block_tag
    raise self.error(token, msg)
django.template.exceptions.TemplateSyntaxError: Unclosed tag on line 4: 'block'. Looking for one of: endblock.
"GET /02/ HTTP/1.1" 500 207215
"GET / HTTP/1.1" 200 20899
"GET /02/ HTTP/1.1" 200 22128
Watching for file changes with StatReloader
"GET / HTTP/1.1" 200 20900
"GET /02/ HTTP/1.1" 200 22128
E:\myblog\articles\views.py changed, reloading.
Watching for file changes with StatReloader
Watching for file changes with StatReloader
"GET / HTTP/1.1" 200 20900
Internal Server Error: /02/
Traceback (most recent call last):
  File "E:\myblog\.venv\Lib\site-packages\django\template\base.py", line 511, in parse
    compile_func = self.tags[command]
                   ~~~~~~~~~^^^^^^^^^
KeyError: 'endblock'

During handling of the above exception, another exception occurred:

Traceback (most recent call last):
  File "E:\myblog\.venv\Lib\site-packages\django\core\handlers\exception.py", line 55, in inner
    response = get_response(request)
               ^^^^^^^^^^^^^^^^^^^^^
  File "E:\myblog\.venv\Lib\site-packages\django\core\handlers\base.py", line 197, in _get_response
    response = wrapped_callback(request, *callback_args, **callback_kwargs)
               ^^^^^^^^^^^^^^^^^^^^^^^^^^^^^^^^^^^^^^^^^^^^^^^^^^^^^^^^^^^^
  File "E:\myblog\articles\views.py", line 75, in article_detail
    return render(request, 'articles/article_detail.html', context)
           ^^^^^^^^^^^^^^^^^^^^^^^^^^^^^^^^^^^^^^^^^^^^^^^^^^^^^^^^
  File "E:\myblog\.venv\Lib\site-packages\django\shortcuts.py", line 25, in render
    content = loader.render_to_string(template_name, context, request, using=using)
              ^^^^^^^^^^^^^^^^^^^^^^^^^^^^^^^^^^^^^^^^^^^^^^^^^^^^^^^^^^^^^^^^^^^^^
  File "E:\myblog\.venv\Lib\site-packages\django\template\loader.py", line 61, in render_to_string
    template = get_template(template_name, using=using)
               ^^^^^^^^^^^^^^^^^^^^^^^^^^^^^^^^^^^^^^^^
  File "E:\myblog\.venv\Lib\site-packages\django\template\loader.py", line 15, in get_template
    return engine.get_template(template_name)
           ^^^^^^^^^^^^^^^^^^^^^^^^^^^^^^^^^^
  File "E:\myblog\.venv\Lib\site-packages\django\template\backends\django.py", line 79, in get_template
    return Template(self.engine.get_template(template_name), self)
                    ^^^^^^^^^^^^^^^^^^^^^^^^^^^^^^^^^^^^^^^
  File "E:\myblog\.venv\Lib\site-packages\django\template\engine.py", line 177, in get_template
    template, origin = self.find_template(template_name)
                       ^^^^^^^^^^^^^^^^^^^^^^^^^^^^^^^^^
  File "E:\myblog\.venv\Lib\site-packages\django\template\engine.py", line 159, in find_template
    template = loader.get_template(name, skip=skip)
               ^^^^^^^^^^^^^^^^^^^^^^^^^^^^^^^^^^^^
  File "E:\myblog\.venv\Lib\site-packages\django\template\loaders\cached.py", line 57, in get_template
    template = super().get_template(template_name, skip)
               ^^^^^^^^^^^^^^^^^^^^^^^^^^^^^^^^^^^^^^^^^
  File "E:\myblog\.venv\Lib\site-packages\django\template\loaders\base.py", line 28, in get_template
    return Template(
           ^^^^^^^^^
  File "E:\myblog\.venv\Lib\site-packages\django\template\base.py", line 155, in __init__
    self.nodelist = self.compile_nodelist()
                    ^^^^^^^^^^^^^^^^^^^^^^^
  File "E:\myblog\.venv\Lib\site-packages\django\template\base.py", line 197, in compile_nodelist
    nodelist = parser.parse()
               ^^^^^^^^^^^^^^
  File "E:\myblog\.venv\Lib\site-packages\django\template\base.py", line 519, in parse
    raise self.error(token, e)
  File "E:\myblog\.venv\Lib\site-packages\django\template\base.py", line 517, in parse
    compiled_result = compile_func(self, token)
                      ^^^^^^^^^^^^^^^^^^^^^^^^^
  File "E:\myblog\.venv\Lib\site-packages\django\template\loader_tags.py", line 299, in do_extends
    nodelist = parser.parse()
               ^^^^^^^^^^^^^^
  File "E:\myblog\.venv\Lib\site-packages\django\template\base.py", line 513, in parse
    self.invalid_block_tag(token, command, parse_until)
  File "E:\myblog\.venv\Lib\site-packages\django\template\base.py", line 578, in invalid_block_tag
    raise self.error(
django.template.exceptions.TemplateSyntaxError: Invalid block tag on line 147: 'endblock'. Did you forget to register or load this tag?
"GET /02/ HTTP/1.1" 500 207064
"GET / HTTP/1.1" 200 20899
Internal Server Error: /02/
Traceback (most recent call last):
  File "E:\myblog\.venv\Lib\site-packages\django\core\handlers\exception.py", line 55, in inner
    response = get_response(request)
               ^^^^^^^^^^^^^^^^^^^^^
  File "E:\myblog\.venv\Lib\site-packages\django\core\handlers\base.py", line 197, in _get_response
    response = wrapped_callback(request, *callback_args, **callback_kwargs)
               ^^^^^^^^^^^^^^^^^^^^^^^^^^^^^^^^^^^^^^^^^^^^^^^^^^^^^^^^^^^^
  File "E:\myblog\articles\views.py", line 75, in article_detail
    return render(request, 'articles/article_detail.html', context)
           ^^^^^^^^^^^^^^^^^^^^^^^^^^^^^^^^^^^^^^^^^^^^^^^^^^^^^^^^
  File "E:\myblog\.venv\Lib\site-packages\django\shortcuts.py", line 25, in render
    content = loader.render_to_string(template_name, context, request, using=using)
              ^^^^^^^^^^^^^^^^^^^^^^^^^^^^^^^^^^^^^^^^^^^^^^^^^^^^^^^^^^^^^^^^^^^^^
  File "E:\myblog\.venv\Lib\site-packages\django\template\loader.py", line 61, in render_to_string
    template = get_template(template_name, using=using)
               ^^^^^^^^^^^^^^^^^^^^^^^^^^^^^^^^^^^^^^^^
  File "E:\myblog\.venv\Lib\site-packages\django\template\loader.py", line 15, in get_template
    return engine.get_template(template_name)
           ^^^^^^^^^^^^^^^^^^^^^^^^^^^^^^^^^^
  File "E:\myblog\.venv\Lib\site-packages\django\template\backends\django.py", line 79, in get_template
    return Template(self.engine.get_template(template_name), self)
                    ^^^^^^^^^^^^^^^^^^^^^^^^^^^^^^^^^^^^^^^
  File "E:\myblog\.venv\Lib\site-packages\django\template\engine.py", line 177, in get_template
    template, origin = self.find_template(template_name)
                       ^^^^^^^^^^^^^^^^^^^^^^^^^^^^^^^^^
  File "E:\myblog\.venv\Lib\site-packages\django\template\engine.py", line 159, in find_template
    template = loader.get_template(name, skip=skip)
               ^^^^^^^^^^^^^^^^^^^^^^^^^^^^^^^^^^^^
  File "E:\myblog\.venv\Lib\site-packages\django\template\loaders\cached.py", line 57, in get_template
    template = super().get_template(template_name, skip)
               ^^^^^^^^^^^^^^^^^^^^^^^^^^^^^^^^^^^^^^^^^
  File "E:\myblog\.venv\Lib\site-packages\django\template\loaders\base.py", line 28, in get_template
    return Template(
           ^^^^^^^^^
  File "E:\myblog\.venv\Lib\site-packages\django\template\base.py", line 155, in __init__
    self.nodelist = self.compile_nodelist()
                    ^^^^^^^^^^^^^^^^^^^^^^^
  File "E:\myblog\.venv\Lib\site-packages\django\template\base.py", line 197, in compile_nodelist
    nodelist = parser.parse()
               ^^^^^^^^^^^^^^
  File "E:\myblog\.venv\Lib\site-packages\django\template\base.py", line 519, in parse
    raise self.error(token, e)
  File "E:\myblog\.venv\Lib\site-packages\django\template\base.py", line 517, in parse
    compiled_result = compile_func(self, token)
                      ^^^^^^^^^^^^^^^^^^^^^^^^^
  File "E:\myblog\.venv\Lib\site-packages\django\template\loader_tags.py", line 299, in do_extends
    nodelist = parser.parse()
               ^^^^^^^^^^^^^^
  File "E:\myblog\.venv\Lib\site-packages\django\template\base.py", line 519, in parse
    raise self.error(token, e)
  File "E:\myblog\.venv\Lib\site-packages\django\template\base.py", line 517, in parse
    compiled_result = compile_func(self, token)
                      ^^^^^^^^^^^^^^^^^^^^^^^^^
  File "E:\myblog\.venv\Lib\site-packages\django\template\loader_tags.py", line 228, in do_block
    raise TemplateSyntaxError(
django.template.exceptions.TemplateSyntaxError: 'block' tag with name 'extra_js' appears more than once
"GET /02/ HTTP/1.1" 500 205032
Watching for file changes with StatReloader
"GET / HTTP/1.1" 200 20900
Internal Server Error: /02/
Traceback (most recent call last):
  File "E:\myblog\.venv\Lib\site-packages\django\core\handlers\exception.py", line 55, in inner
    response = get_response(request)
               ^^^^^^^^^^^^^^^^^^^^^
  File "E:\myblog\.venv\Lib\site-packages\django\core\handlers\base.py", line 197, in _get_response
    response = wrapped_callback(request, *callback_args, **callback_kwargs)
               ^^^^^^^^^^^^^^^^^^^^^^^^^^^^^^^^^^^^^^^^^^^^^^^^^^^^^^^^^^^^
  File "E:\myblog\articles\views.py", line 75, in article_detail
    return render(request, 'articles/article_detail.html', context)
           ^^^^^^^^^^^^^^^^^^^^^^^^^^^^^^^^^^^^^^^^^^^^^^^^^^^^^^^^
  File "E:\myblog\.venv\Lib\site-packages\django\shortcuts.py", line 25, in render
    content = loader.render_to_string(template_name, context, request, using=using)
              ^^^^^^^^^^^^^^^^^^^^^^^^^^^^^^^^^^^^^^^^^^^^^^^^^^^^^^^^^^^^^^^^^^^^^
  File "E:\myblog\.venv\Lib\site-packages\django\template\loader.py", line 61, in render_to_string
    template = get_template(template_name, using=using)
               ^^^^^^^^^^^^^^^^^^^^^^^^^^^^^^^^^^^^^^^^
  File "E:\myblog\.venv\Lib\site-packages\django\template\loader.py", line 15, in get_template
    return engine.get_template(template_name)
           ^^^^^^^^^^^^^^^^^^^^^^^^^^^^^^^^^^
  File "E:\myblog\.venv\Lib\site-packages\django\template\backends\django.py", line 79, in get_template
    return Template(self.engine.get_template(template_name), self)
                    ^^^^^^^^^^^^^^^^^^^^^^^^^^^^^^^^^^^^^^^
  File "E:\myblog\.venv\Lib\site-packages\django\template\engine.py", line 177, in get_template
    template, origin = self.find_template(template_name)
                       ^^^^^^^^^^^^^^^^^^^^^^^^^^^^^^^^^
  File "E:\myblog\.venv\Lib\site-packages\django\template\engine.py", line 159, in find_template
    template = loader.get_template(name, skip=skip)
               ^^^^^^^^^^^^^^^^^^^^^^^^^^^^^^^^^^^^
  File "E:\myblog\.venv\Lib\site-packages\django\template\loaders\cached.py", line 57, in get_template
    template = super().get_template(template_name, skip)
               ^^^^^^^^^^^^^^^^^^^^^^^^^^^^^^^^^^^^^^^^^
  File "E:\myblog\.venv\Lib\site-packages\django\template\loaders\base.py", line 28, in get_template
    return Template(
           ^^^^^^^^^
  File "E:\myblog\.venv\Lib\site-packages\django\template\base.py", line 155, in __init__
    self.nodelist = self.compile_nodelist()
                    ^^^^^^^^^^^^^^^^^^^^^^^
  File "E:\myblog\.venv\Lib\site-packages\django\template\base.py", line 197, in compile_nodelist
    nodelist = parser.parse()
               ^^^^^^^^^^^^^^
  File "E:\myblog\.venv\Lib\site-packages\django\template\base.py", line 519, in parse
    raise self.error(token, e)
  File "E:\myblog\.venv\Lib\site-packages\django\template\base.py", line 517, in parse
    compiled_result = compile_func(self, token)
                      ^^^^^^^^^^^^^^^^^^^^^^^^^
  File "E:\myblog\.venv\Lib\site-packages\django\template\loader_tags.py", line 299, in do_extends
    nodelist = parser.parse()
               ^^^^^^^^^^^^^^
  File "E:\myblog\.venv\Lib\site-packages\django\template\base.py", line 519, in parse
    raise self.error(token, e)
  File "E:\myblog\.venv\Lib\site-packages\django\template\base.py", line 517, in parse
    compiled_result = compile_func(self, token)
                      ^^^^^^^^^^^^^^^^^^^^^^^^^
  File "E:\myblog\.venv\Lib\site-packages\django\template\loader_tags.py", line 228, in do_block
    raise TemplateSyntaxError(
django.template.exceptions.TemplateSyntaxError: 'block' tag with name 'extra_js' appears more than once
"GET /02/ HTTP/1.1" 500 205032
Internal Server Error: /02/
Traceback (most recent call last):
  File "E:\myblog\.venv\Lib\site-packages\django\core\handlers\exception.py", line 55, in inner
    response = get_response(request)
               ^^^^^^^^^^^^^^^^^^^^^
  File "E:\myblog\.venv\Lib\site-packages\django\core\handlers\base.py", line 197, in _get_response
    response = wrapped_callback(request, *callback_args, **callback_kwargs)
               ^^^^^^^^^^^^^^^^^^^^^^^^^^^^^^^^^^^^^^^^^^^^^^^^^^^^^^^^^^^^
  File "E:\myblog\articles\views.py", line 75, in article_detail
    return render(request, 'articles/article_detail.html', context)
           ^^^^^^^^^^^^^^^^^^^^^^^^^^^^^^^^^^^^^^^^^^^^^^^^^^^^^^^^
  File "E:\myblog\.venv\Lib\site-packages\django\shortcuts.py", line 25, in render
    content = loader.render_to_string(template_name, context, request, using=using)
              ^^^^^^^^^^^^^^^^^^^^^^^^^^^^^^^^^^^^^^^^^^^^^^^^^^^^^^^^^^^^^^^^^^^^^
  File "E:\myblog\.venv\Lib\site-packages\django\template\loader.py", line 61, in render_to_string
    template = get_template(template_name, using=using)
               ^^^^^^^^^^^^^^^^^^^^^^^^^^^^^^^^^^^^^^^^
  File "E:\myblog\.venv\Lib\site-packages\django\template\loader.py", line 15, in get_template
    return engine.get_template(template_name)
           ^^^^^^^^^^^^^^^^^^^^^^^^^^^^^^^^^^
  File "E:\myblog\.venv\Lib\site-packages\django\template\backends\django.py", line 79, in get_template
    return Template(self.engine.get_template(template_name), self)
                    ^^^^^^^^^^^^^^^^^^^^^^^^^^^^^^^^^^^^^^^
  File "E:\myblog\.venv\Lib\site-packages\django\template\engine.py", line 177, in get_template
    template, origin = self.find_template(template_name)
                       ^^^^^^^^^^^^^^^^^^^^^^^^^^^^^^^^^
  File "E:\myblog\.venv\Lib\site-packages\django\template\engine.py", line 159, in find_template
    template = loader.get_template(name, skip=skip)
               ^^^^^^^^^^^^^^^^^^^^^^^^^^^^^^^^^^^^
  File "E:\myblog\.venv\Lib\site-packages\django\template\loaders\cached.py", line 57, in get_template
    template = super().get_template(template_name, skip)
               ^^^^^^^^^^^^^^^^^^^^^^^^^^^^^^^^^^^^^^^^^
  File "E:\myblog\.venv\Lib\site-packages\django\template\loaders\base.py", line 28, in get_template
    return Template(
           ^^^^^^^^^
  File "E:\myblog\.venv\Lib\site-packages\django\template\base.py", line 155, in __init__
    self.nodelist = self.compile_nodelist()
                    ^^^^^^^^^^^^^^^^^^^^^^^
  File "E:\myblog\.venv\Lib\site-packages\django\template\base.py", line 197, in compile_nodelist
    nodelist = parser.parse()
               ^^^^^^^^^^^^^^
  File "E:\myblog\.venv\Lib\site-packages\django\template\base.py", line 519, in parse
    raise self.error(token, e)
  File "E:\myblog\.venv\Lib\site-packages\django\template\base.py", line 517, in parse
    compiled_result = compile_func(self, token)
                      ^^^^^^^^^^^^^^^^^^^^^^^^^
  File "E:\myblog\.venv\Lib\site-packages\django\template\loader_tags.py", line 299, in do_extends
    nodelist = parser.parse()
               ^^^^^^^^^^^^^^
  File "E:\myblog\.venv\Lib\site-packages\django\template\base.py", line 519, in parse
    raise self.error(token, e)
  File "E:\myblog\.venv\Lib\site-packages\django\template\base.py", line 517, in parse
    compiled_result = compile_func(self, token)
                      ^^^^^^^^^^^^^^^^^^^^^^^^^
  File "E:\myblog\.venv\Lib\site-packages\django\template\loader_tags.py", line 228, in do_block
    raise TemplateSyntaxError(
django.template.exceptions.TemplateSyntaxError: 'block' tag with name 'extra_js' appears more than once
"GET /02/ HTTP/1.1" 500 205032
"GET / HTTP/1.1" 200 20899
Internal Server Error: /02/
Traceback (most recent call last):
  File "E:\myblog\.venv\Lib\site-packages\django\core\handlers\exception.py", line 55, in inner
    response = get_response(request)
               ^^^^^^^^^^^^^^^^^^^^^
  File "E:\myblog\.venv\Lib\site-packages\django\core\handlers\base.py", line 197, in _get_response
    response = wrapped_callback(request, *callback_args, **callback_kwargs)
               ^^^^^^^^^^^^^^^^^^^^^^^^^^^^^^^^^^^^^^^^^^^^^^^^^^^^^^^^^^^^
  File "E:\myblog\articles\views.py", line 75, in article_detail
    return render(request, 'articles/article_detail.html', context)
           ^^^^^^^^^^^^^^^^^^^^^^^^^^^^^^^^^^^^^^^^^^^^^^^^^^^^^^^^
  File "E:\myblog\.venv\Lib\site-packages\django\shortcuts.py", line 25, in render
    content = loader.render_to_string(template_name, context, request, using=using)
              ^^^^^^^^^^^^^^^^^^^^^^^^^^^^^^^^^^^^^^^^^^^^^^^^^^^^^^^^^^^^^^^^^^^^^
  File "E:\myblog\.venv\Lib\site-packages\django\template\loader.py", line 61, in render_to_string
    template = get_template(template_name, using=using)
               ^^^^^^^^^^^^^^^^^^^^^^^^^^^^^^^^^^^^^^^^
  File "E:\myblog\.venv\Lib\site-packages\django\template\loader.py", line 15, in get_template
    return engine.get_template(template_name)
           ^^^^^^^^^^^^^^^^^^^^^^^^^^^^^^^^^^
  File "E:\myblog\.venv\Lib\site-packages\django\template\backends\django.py", line 79, in get_template
    return Template(self.engine.get_template(template_name), self)
                    ^^^^^^^^^^^^^^^^^^^^^^^^^^^^^^^^^^^^^^^
  File "E:\myblog\.venv\Lib\site-packages\django\template\engine.py", line 177, in get_template
    template, origin = self.find_template(template_name)
                       ^^^^^^^^^^^^^^^^^^^^^^^^^^^^^^^^^
  File "E:\myblog\.venv\Lib\site-packages\django\template\engine.py", line 159, in find_template
    template = loader.get_template(name, skip=skip)
               ^^^^^^^^^^^^^^^^^^^^^^^^^^^^^^^^^^^^
  File "E:\myblog\.venv\Lib\site-packages\django\template\loaders\cached.py", line 57, in get_template
    template = super().get_template(template_name, skip)
               ^^^^^^^^^^^^^^^^^^^^^^^^^^^^^^^^^^^^^^^^^
  File "E:\myblog\.venv\Lib\site-packages\django\template\loaders\base.py", line 28, in get_template
    return Template(
           ^^^^^^^^^
  File "E:\myblog\.venv\Lib\site-packages\django\template\base.py", line 155, in __init__
    self.nodelist = self.compile_nodelist()
                    ^^^^^^^^^^^^^^^^^^^^^^^
  File "E:\myblog\.venv\Lib\site-packages\django\template\base.py", line 197, in compile_nodelist
    nodelist = parser.parse()
               ^^^^^^^^^^^^^^
  File "E:\myblog\.venv\Lib\site-packages\django\template\base.py", line 519, in parse
    raise self.error(token, e)
  File "E:\myblog\.venv\Lib\site-packages\django\template\base.py", line 517, in parse
    compiled_result = compile_func(self, token)
                      ^^^^^^^^^^^^^^^^^^^^^^^^^
  File "E:\myblog\.venv\Lib\site-packages\django\template\loader_tags.py", line 299, in do_extends
    nodelist = parser.parse()
               ^^^^^^^^^^^^^^
  File "E:\myblog\.venv\Lib\site-packages\django\template\base.py", line 519, in parse
    raise self.error(token, e)
  File "E:\myblog\.venv\Lib\site-packages\django\template\base.py", line 517, in parse
    compiled_result = compile_func(self, token)
                      ^^^^^^^^^^^^^^^^^^^^^^^^^
  File "E:\myblog\.venv\Lib\site-packages\django\template\loader_tags.py", line 228, in do_block
    raise TemplateSyntaxError(
django.template.exceptions.TemplateSyntaxError: 'block' tag with name 'extra_js' appears more than once
"GET /02/ HTTP/1.1" 500 205032
"GET / HTTP/1.1" 200 20899
"GET /02/ HTTP/1.1" 200 23730
"GET /media/avatars/IMG_20251120_135531.jpg HTTP/1.1" 304 0
"POST /comments/add/6/ HTTP/1.1" 302 0
"GET /02/ HTTP/1.1" 200 26078
Not Found: /.well-known/appspecific/com.chrome.devtools.json
"GET /.well-known/appspecific/com.chrome.devtools.json HTTP/1.1" 404 19395
"GET /02/ HTTP/1.1" 200 25821
"GET /static/css/themes/theme-default.css HTTP/1.1" 304 0
"GET /static/js/comments.js HTTP/1.1" 200 2975
Bad Request: /comments/add/6/
"POST /comments/add/6/ HTTP/1.1" 400 55
"GET /__debug__/history_sidebar/?request_id=3f7f641b3eae4a1f8caf6e62c8fbac57 HTTP/1.1" 200 10580
Internal Server Error: /comments/add/6/
Traceback (most recent call last):
  File "E:\myblog\.venv\Lib\site-packages\django\core\handlers\exception.py", line 55, in inner
    response = get_response(request)
               ^^^^^^^^^^^^^^^^^^^^^
  File "E:\myblog\.venv\Lib\site-packages\django\core\handlers\base.py", line 197, in _get_response
    response = wrapped_callback(request, *callback_args, **callback_kwargs)
               ^^^^^^^^^^^^^^^^^^^^^^^^^^^^^^^^^^^^^^^^^^^^^^^^^^^^^^^^^^^^
  File "E:\myblog\.venv\Lib\site-packages\django\contrib\auth\decorators.py", line 59, in _view_wrapper
    return view_func(request, *args, **kwargs)
           ^^^^^^^^^^^^^^^^^^^^^^^^^^^^^^^^^^^
  File "E:\myblog\comments\views.py", line 52, in add_comment
    'author': comment.author.nickname or comment.author.username,
              ^^^^^^^^^^^^^^^^^^^^^^^
  File "E:\myblog\.venv\Lib\site-packages\django\utils\functional.py", line 253, in inner
    return func(_wrapped, *args)
           ^^^^^^^^^^^^^^^^^^^^^
AttributeError: 'User' object has no attribute 'nickname'
"POST /comments/add/6/ HTTP/1.1" 500 102273
"GET /__debug__/history_sidebar/?request_id=32ff974d83fb4bcf9158c0d3ce60e8f7 HTTP/1.1" 200 10582
Internal Server Error: /comments/add/6/
Traceback (most recent call last):
  File "E:\myblog\.venv\Lib\site-packages\django\core\handlers\exception.py", line 55, in inner
    response = get_response(request)
               ^^^^^^^^^^^^^^^^^^^^^
  File "E:\myblog\.venv\Lib\site-packages\django\core\handlers\base.py", line 197, in _get_response
    response = wrapped_callback(request, *callback_args, **callback_kwargs)
               ^^^^^^^^^^^^^^^^^^^^^^^^^^^^^^^^^^^^^^^^^^^^^^^^^^^^^^^^^^^^
  File "E:\myblog\.venv\Lib\site-packages\django\contrib\auth\decorators.py", line 59, in _view_wrapper
    return view_func(request, *args, **kwargs)
           ^^^^^^^^^^^^^^^^^^^^^^^^^^^^^^^^^^^
  File "E:\myblog\comments\views.py", line 52, in add_comment
    'author': comment.author.nickname or comment.author.username,
              ^^^^^^^^^^^^^^^^^^^^^^^
  File "E:\myblog\.venv\Lib\site-packages\django\utils\functional.py", line 253, in inner
    return func(_wrapped, *args)
           ^^^^^^^^^^^^^^^^^^^^^
AttributeError: 'User' object has no attribute 'nickname'
"POST /comments/add/6/ HTTP/1.1" 500 102273
"GET /__debug__/history_sidebar/?request_id=845a3192e09140c8ab901f0a5886c8d2 HTTP/1.1" 200 10582
Internal Server Error: /comments/add/6/
Traceback (most recent call last):
  File "E:\myblog\.venv\Lib\site-packages\django\core\handlers\exception.py", line 55, in inner
    response = get_response(request)
               ^^^^^^^^^^^^^^^^^^^^^
  File "E:\myblog\.venv\Lib\site-packages\django\core\handlers\base.py", line 197, in _get_response
    response = wrapped_callback(request, *callback_args, **callback_kwargs)
               ^^^^^^^^^^^^^^^^^^^^^^^^^^^^^^^^^^^^^^^^^^^^^^^^^^^^^^^^^^^^
  File "E:\myblog\.venv\Lib\site-packages\django\contrib\auth\decorators.py", line 59, in _view_wrapper
    return view_func(request, *args, **kwargs)
           ^^^^^^^^^^^^^^^^^^^^^^^^^^^^^^^^^^^
  File "E:\myblog\comments\views.py", line 52, in add_comment
    'author': comment.author.nickname or comment.author.username,
              ^^^^^^^^^^^^^^^^^^^^^^^
  File "E:\myblog\.venv\Lib\site-packages\django\utils\functional.py", line 253, in inner
    return func(_wrapped, *args)
           ^^^^^^^^^^^^^^^^^^^^^
AttributeError: 'User' object has no attribute 'nickname'
"POST /comments/add/6/ HTTP/1.1" 500 102273
"GET /__debug__/history_sidebar/?request_id=b4989cef2dd94d52b340676504fec006 HTTP/1.1" 200 10582
Internal Server Error: /comments/add/6/
Traceback (most recent call last):
  File "E:\myblog\.venv\Lib\site-packages\django\core\handlers\exception.py", line 55, in inner
    response = get_response(request)
               ^^^^^^^^^^^^^^^^^^^^^
  File "E:\myblog\.venv\Lib\site-packages\django\core\handlers\base.py", line 197, in _get_response
    response = wrapped_callback(request, *callback_args, **callback_kwargs)
               ^^^^^^^^^^^^^^^^^^^^^^^^^^^^^^^^^^^^^^^^^^^^^^^^^^^^^^^^^^^^
  File "E:\myblog\.venv\Lib\site-packages\django\contrib\auth\decorators.py", line 59, in _view_wrapper
    return view_func(request, *args, **kwargs)
           ^^^^^^^^^^^^^^^^^^^^^^^^^^^^^^^^^^^
  File "E:\myblog\comments\views.py", line 52, in add_comment
    'author': comment.author.nickname or comment.author.username,
              ^^^^^^^^^^^^^^^^^^^^^^^
  File "E:\myblog\.venv\Lib\site-packages\django\utils\functional.py", line 253, in inner
    return func(_wrapped, *args)
           ^^^^^^^^^^^^^^^^^^^^^
AttributeError: 'User' object has no attribute 'nickname'
"POST /comments/add/6/ HTTP/1.1" 500 102271
"GET /__debug__/history_sidebar/?request_id=cb5b39fa3557481dab7c8d48d48f2ee5 HTTP/1.1" 200 10582
Not Found: /.well-known/appspecific/com.chrome.devtools.json
"GET /.well-known/appspecific/com.chrome.devtools.json HTTP/1.1" 404 19395
Internal Server Error: /comments/add/6/
Traceback (most recent call last):
  File "E:\myblog\.venv\Lib\site-packages\django\core\handlers\exception.py", line 55, in inner
    response = get_response(request)
               ^^^^^^^^^^^^^^^^^^^^^
  File "E:\myblog\.venv\Lib\site-packages\django\core\handlers\base.py", line 197, in _get_response
    response = wrapped_callback(request, *callback_args, **callback_kwargs)
               ^^^^^^^^^^^^^^^^^^^^^^^^^^^^^^^^^^^^^^^^^^^^^^^^^^^^^^^^^^^^
  File "E:\myblog\.venv\Lib\site-packages\django\contrib\auth\decorators.py", line 59, in _view_wrapper
    return view_func(request, *args, **kwargs)
           ^^^^^^^^^^^^^^^^^^^^^^^^^^^^^^^^^^^
  File "E:\myblog\comments\views.py", line 52, in add_comment
    'author': comment.author.nickname or comment.author.username,
              ^^^^^^^^^^^^^^^^^^^^^^^
  File "E:\myblog\.venv\Lib\site-packages\django\utils\functional.py", line 253, in inner
    return func(_wrapped, *args)
           ^^^^^^^^^^^^^^^^^^^^^
AttributeError: 'User' object has no attribute 'nickname'
"POST /comments/add/6/ HTTP/1.1" 500 102273
"GET /__debug__/history_sidebar/?request_id=6d7176fe2c5843e4b30e9883e884538b HTTP/1.1" 200 10582
Internal Server Error: /comments/add/6/
Traceback (most recent call last):
  File "E:\myblog\.venv\Lib\site-packages\django\core\handlers\exception.py", line 55, in inner
    response = get_response(request)
               ^^^^^^^^^^^^^^^^^^^^^
  File "E:\myblog\.venv\Lib\site-packages\django\core\handlers\base.py", line 197, in _get_response
    response = wrapped_callback(request, *callback_args, **callback_kwargs)
               ^^^^^^^^^^^^^^^^^^^^^^^^^^^^^^^^^^^^^^^^^^^^^^^^^^^^^^^^^^^^
  File "E:\myblog\.venv\Lib\site-packages\django\contrib\auth\decorators.py", line 59, in _view_wrapper
    return view_func(request, *args, **kwargs)
           ^^^^^^^^^^^^^^^^^^^^^^^^^^^^^^^^^^^
  File "E:\myblog\comments\views.py", line 52, in add_comment
    'author': comment.author.nickname or comment.author.username,
              ^^^^^^^^^^^^^^^^^^^^^^^
  File "E:\myblog\.venv\Lib\site-packages\django\utils\functional.py", line 253, in inner
    return func(_wrapped, *args)
           ^^^^^^^^^^^^^^^^^^^^^
AttributeError: 'User' object has no attribute 'nickname'
"POST /comments/add/6/ HTTP/1.1" 500 102273
"GET /__debug__/history_sidebar/?request_id=6cf740d0c41649f192f1ab76d6d6157b HTTP/1.1" 200 10582
E:\myblog\comments\views.py changed, reloading.
Watching for file changes with StatReloader
"GET /02/ HTTP/1.1" 200 29484
"GET /static/js/comments.js HTTP/1.1" 200 3787
Internal Server Error: /comments/add/6/
Traceback (most recent call last):
  File "E:\myblog\.venv\Lib\site-packages\django\core\handlers\exception.py", line 55, in inner
    response = get_response(request)
               ^^^^^^^^^^^^^^^^^^^^^
  File "E:\myblog\.venv\Lib\site-packages\django\core\handlers\base.py", line 197, in _get_response
    response = wrapped_callback(request, *callback_args, **callback_kwargs)
               ^^^^^^^^^^^^^^^^^^^^^^^^^^^^^^^^^^^^^^^^^^^^^^^^^^^^^^^^^^^^
  File "E:\myblog\.venv\Lib\site-packages\django\contrib\auth\decorators.py", line 59, in _view_wrapper
    return view_func(request, *args, **kwargs)
           ^^^^^^^^^^^^^^^^^^^^^^^^^^^^^^^^^^^
  File "E:\myblog\comments\views.py", line 52, in add_comment
    'author': comment.author.nickname or comment.author.username,
              ^^^^^^^^^^^^^^^^^^^^^^^
  File "E:\myblog\.venv\Lib\site-packages\django\utils\functional.py", line 253, in inner
    return func(_wrapped, *args)
           ^^^^^^^^^^^^^^^^^^^^^
AttributeError: 'User' object has no attribute 'nickname'
"POST /comments/add/6/ HTTP/1.1" 500 102268
"GET /__debug__/history_sidebar/?request_id=1afbb464944a4a37977a3f08bf7f596a HTTP/1.1" 200 10582
Internal Server Error: /comments/add/6/
Traceback (most recent call last):
  File "E:\myblog\.venv\Lib\site-packages\django\core\handlers\exception.py", line 55, in inner
    response = get_response(request)
               ^^^^^^^^^^^^^^^^^^^^^
  File "E:\myblog\.venv\Lib\site-packages\django\core\handlers\base.py", line 197, in _get_response
    response = wrapped_callback(request, *callback_args, **callback_kwargs)
               ^^^^^^^^^^^^^^^^^^^^^^^^^^^^^^^^^^^^^^^^^^^^^^^^^^^^^^^^^^^^
  File "E:\myblog\.venv\Lib\site-packages\django\contrib\auth\decorators.py", line 59, in _view_wrapper
    return view_func(request, *args, **kwargs)
           ^^^^^^^^^^^^^^^^^^^^^^^^^^^^^^^^^^^
  File "E:\myblog\comments\views.py", line 52, in add_comment
    'author': comment.author.nickname or comment.author.username,
              ^^^^^^^^^^^^^^^^^^^^^^^
  File "E:\myblog\.venv\Lib\site-packages\django\utils\functional.py", line 253, in inner
    return func(_wrapped, *args)
           ^^^^^^^^^^^^^^^^^^^^^
AttributeError: 'User' object has no attribute 'nickname'
"POST /comments/add/6/ HTTP/1.1" 500 102268
"GET / HTTP/1.1" 200 20899
"GET /02/ HTTP/1.1" 200 30667
"GET /static/js/comments.js HTTP/1.1" 304 0
Internal Server Error: /comments/add/6/
Traceback (most recent call last):
  File "E:\myblog\.venv\Lib\site-packages\django\core\handlers\exception.py", line 55, in inner
    response = get_response(request)
               ^^^^^^^^^^^^^^^^^^^^^
  File "E:\myblog\.venv\Lib\site-packages\django\core\handlers\base.py", line 197, in _get_response
    response = wrapped_callback(request, *callback_args, **callback_kwargs)
               ^^^^^^^^^^^^^^^^^^^^^^^^^^^^^^^^^^^^^^^^^^^^^^^^^^^^^^^^^^^^
  File "E:\myblog\.venv\Lib\site-packages\django\contrib\auth\decorators.py", line 59, in _view_wrapper
    return view_func(request, *args, **kwargs)
           ^^^^^^^^^^^^^^^^^^^^^^^^^^^^^^^^^^^
  File "E:\myblog\comments\views.py", line 52, in add_comment
    'author': comment.author.nickname or comment.author.username,
              ^^^^^^^^^^^^^^^^^^^^^^^
  File "E:\myblog\.venv\Lib\site-packages\django\utils\functional.py", line 253, in inner
    return func(_wrapped, *args)
           ^^^^^^^^^^^^^^^^^^^^^
AttributeError: 'User' object has no attribute 'nickname'
"POST /comments/add/6/ HTTP/1.1" 500 101940
"GET /__debug__/history_sidebar/?request_id=c9efcd0ebfc2498eaf87efdb1b0bdb2c HTTP/1.1" 200 10582
Internal Server Error: /comments/add/6/
Traceback (most recent call last):
  File "E:\myblog\.venv\Lib\site-packages\django\core\handlers\exception.py", line 55, in inner
    response = get_response(request)
               ^^^^^^^^^^^^^^^^^^^^^
  File "E:\myblog\.venv\Lib\site-packages\django\core\handlers\base.py", line 197, in _get_response
    response = wrapped_callback(request, *callback_args, **callback_kwargs)
               ^^^^^^^^^^^^^^^^^^^^^^^^^^^^^^^^^^^^^^^^^^^^^^^^^^^^^^^^^^^^
  File "E:\myblog\.venv\Lib\site-packages\django\contrib\auth\decorators.py", line 59, in _view_wrapper
    return view_func(request, *args, **kwargs)
           ^^^^^^^^^^^^^^^^^^^^^^^^^^^^^^^^^^^
  File "E:\myblog\comments\views.py", line 52, in add_comment
    'author': comment.author.nickname or comment.author.username,
              ^^^^^^^^^^^^^^^^^^^^^^^
  File "E:\myblog\.venv\Lib\site-packages\django\utils\functional.py", line 253, in inner
    return func(_wrapped, *args)
           ^^^^^^^^^^^^^^^^^^^^^
AttributeError: 'User' object has no attribute 'nickname'
"POST /comments/add/6/ HTTP/1.1" 500 101946
"GET /__debug__/history_sidebar/?request_id=30ae96d4eb654941a5ad0c7a40c3723f HTTP/1.1" 200 10582
Watching for file changes with StatReloader
"GET / HTTP/1.1" 200 20900
"GET /02/ HTTP/1.1" 200 34857
"GET /static/js/comments.js HTTP/1.1" 304 0
"GET /comments/delete/9/ HTTP/1.1" 302 0
"GET /02/ HTTP/1.1" 200 28182
"GET /comments/delete/11/ HTTP/1.1" 302 0
"GET /02/ HTTP/1.1" 200 25394
Internal Server Error: /comments/add/6/
Traceback (most recent call last):
  File "E:\myblog\.venv\Lib\site-packages\django\core\handlers\exception.py", line 55, in inner
    response = get_response(request)
               ^^^^^^^^^^^^^^^^^^^^^
  File "E:\myblog\.venv\Lib\site-packages\django\core\handlers\base.py", line 197, in _get_response
    response = wrapped_callback(request, *callback_args, **callback_kwargs)
               ^^^^^^^^^^^^^^^^^^^^^^^^^^^^^^^^^^^^^^^^^^^^^^^^^^^^^^^^^^^^
  File "E:\myblog\.venv\Lib\site-packages\django\contrib\auth\decorators.py", line 59, in _view_wrapper
    return view_func(request, *args, **kwargs)
           ^^^^^^^^^^^^^^^^^^^^^^^^^^^^^^^^^^^
  File "E:\myblog\comments\views.py", line 52, in add_comment
    'author': comment.author.nickname or comment.author.username,
              ^^^^^^^^^^^^^^^^^^^^^^^
  File "E:\myblog\.venv\Lib\site-packages\django\utils\functional.py", line 253, in inner
    return func(_wrapped, *args)
           ^^^^^^^^^^^^^^^^^^^^^
AttributeError: 'User' object has no attribute 'nickname'
"POST /comments/add/6/ HTTP/1.1" 500 101946
"GET /__debug__/history_sidebar/?request_id=3f8262a0844c427ca3d842558e31dece HTTP/1.1" 200 10582
"GET /02/ HTTP/1.1" 200 27235
Internal Server Error: /comments/add/6/
Traceback (most recent call last):
  File "E:\myblog\.venv\Lib\site-packages\django\core\handlers\exception.py", line 55, in inner
    response = get_response(request)
               ^^^^^^^^^^^^^^^^^^^^^
  File "E:\myblog\.venv\Lib\site-packages\django\core\handlers\base.py", line 197, in _get_response
    response = wrapped_callback(request, *callback_args, **callback_kwargs)
               ^^^^^^^^^^^^^^^^^^^^^^^^^^^^^^^^^^^^^^^^^^^^^^^^^^^^^^^^^^^^
  File "E:\myblog\.venv\Lib\site-packages\django\contrib\auth\decorators.py", line 59, in _view_wrapper
    return view_func(request, *args, **kwargs)
           ^^^^^^^^^^^^^^^^^^^^^^^^^^^^^^^^^^^
  File "E:\myblog\comments\views.py", line 52, in add_comment
    'author': comment.author.nickname or comment.author.username,
              ^^^^^^^^^^^^^^^^^^^^^^^
  File "E:\myblog\.venv\Lib\site-packages\django\utils\functional.py", line 253, in inner
    return func(_wrapped, *args)
           ^^^^^^^^^^^^^^^^^^^^^
AttributeError: 'User' object has no attribute 'nickname'
"POST /comments/add/6/ HTTP/1.1" 500 101946
"GET /__debug__/history_sidebar/?request_id=f04b965982dd455d98f9ffde238bb78e HTTP/1.1" 200 10582
"GET /02/ HTTP/1.1" 200 29333
"GET /static/js/comments.js HTTP/1.1" 304 0
"GET /02/ HTTP/1.1" 200 29333
"GET /static/css/themes/theme-default.css HTTP/1.1" 304 0
"GET /static/js/comments.js HTTP/1.1" 200 3897
Not Found: /.well-known/appspecific/com.chrome.devtools.json
"GET /.well-known/appspecific/com.chrome.devtools.json HTTP/1.1" 404 19395
Internal Server Error: /comments/add/6/
Traceback (most recent call last):
  File "E:\myblog\.venv\Lib\site-packages\django\core\handlers\exception.py", line 55, in inner
    response = get_response(request)
               ^^^^^^^^^^^^^^^^^^^^^
  File "E:\myblog\.venv\Lib\site-packages\django\core\handlers\base.py", line 197, in _get_response
    response = wrapped_callback(request, *callback_args, **callback_kwargs)
               ^^^^^^^^^^^^^^^^^^^^^^^^^^^^^^^^^^^^^^^^^^^^^^^^^^^^^^^^^^^^
  File "E:\myblog\.venv\Lib\site-packages\django\contrib\auth\decorators.py", line 59, in _view_wrapper
    return view_func(request, *args, **kwargs)
           ^^^^^^^^^^^^^^^^^^^^^^^^^^^^^^^^^^^
  File "E:\myblog\comments\views.py", line 52, in add_comment
    'author': comment.author.nickname or comment.author.username,
              ^^^^^^^^^^^^^^^^^^^^^^^
  File "E:\myblog\.venv\Lib\site-packages\django\utils\functional.py", line 253, in inner
    return func(_wrapped, *args)
           ^^^^^^^^^^^^^^^^^^^^^
AttributeError: 'User' object has no attribute 'nickname'
"POST /comments/add/6/ HTTP/1.1" 500 101940
"GET /__debug__/history_sidebar/?request_id=c948476bb21b49ea84db7348afed5d5f HTTP/1.1" 200 10582
"GET /02/ HTTP/1.1" 200 31425
"GET /static/js/comments.js HTTP/1.1" 200 3983
Internal Server Error: /comments/add/6/
Traceback (most recent call last):
  File "E:\myblog\.venv\Lib\site-packages\django\core\handlers\exception.py", line 55, in inner
    response = get_response(request)
               ^^^^^^^^^^^^^^^^^^^^^
  File "E:\myblog\.venv\Lib\site-packages\django\core\handlers\base.py", line 197, in _get_response
    response = wrapped_callback(request, *callback_args, **callback_kwargs)
               ^^^^^^^^^^^^^^^^^^^^^^^^^^^^^^^^^^^^^^^^^^^^^^^^^^^^^^^^^^^^
  File "E:\myblog\.venv\Lib\site-packages\django\contrib\auth\decorators.py", line 59, in _view_wrapper
    return view_func(request, *args, **kwargs)
           ^^^^^^^^^^^^^^^^^^^^^^^^^^^^^^^^^^^
  File "E:\myblog\comments\views.py", line 52, in add_comment
    'author': comment.author.nickname or comment.author.username,
              ^^^^^^^^^^^^^^^^^^^^^^^
  File "E:\myblog\.venv\Lib\site-packages\django\utils\functional.py", line 253, in inner
    return func(_wrapped, *args)
           ^^^^^^^^^^^^^^^^^^^^^
AttributeError: 'User' object has no attribute 'nickname'
"POST /comments/add/6/ HTTP/1.1" 500 101939
"GET /__debug__/history_sidebar/?request_id=9cb42ce5e17b4018a2ca172fbce69f6f HTTP/1.1" 200 10581
Not Found: /.well-known/appspecific/com.chrome.devtools.json
"GET /.well-known/appspecific/com.chrome.devtools.json HTTP/1.1" 404 19395
Internal Server Error: /comments/add/6/
Traceback (most recent call last):
  File "E:\myblog\.venv\Lib\site-packages\django\core\handlers\exception.py", line 55, in inner
    response = get_response(request)
               ^^^^^^^^^^^^^^^^^^^^^
  File "E:\myblog\.venv\Lib\site-packages\django\core\handlers\base.py", line 197, in _get_response
    response = wrapped_callback(request, *callback_args, **callback_kwargs)
               ^^^^^^^^^^^^^^^^^^^^^^^^^^^^^^^^^^^^^^^^^^^^^^^^^^^^^^^^^^^^
  File "E:\myblog\.venv\Lib\site-packages\django\contrib\auth\decorators.py", line 59, in _view_wrapper
    return view_func(request, *args, **kwargs)
           ^^^^^^^^^^^^^^^^^^^^^^^^^^^^^^^^^^^
  File "E:\myblog\comments\views.py", line 52, in add_comment
    'author': comment.author.nickname or comment.author.username,
              ^^^^^^^^^^^^^^^^^^^^^^^
  File "E:\myblog\.venv\Lib\site-packages\django\utils\functional.py", line 253, in inner
    return func(_wrapped, *args)
           ^^^^^^^^^^^^^^^^^^^^^
AttributeError: 'User' object has no attribute 'nickname'
"POST /comments/add/6/ HTTP/1.1" 500 101940
"GET /__debug__/history_sidebar/?request_id=d32b4d44ae6f41c48411ba9315424b51 HTTP/1.1" 200 10582
E:\myblog\comments\views.py changed, reloading.
Watching for file changes with StatReloader
E:\myblog\comments\views.py changed, reloading.
Watching for file changes with StatReloader
E:\myblog\comments\views.py changed, reloading.
Watching for file changes with StatReloader
E:\myblog\comments\views.py changed, reloading.
Watching for file changes with StatReloader
E:\myblog\comments\views.py changed, reloading.
Watching for file changes with StatReloader
Watching for file changes with StatReloader
"GET / HTTP/1.1" 200 20899
"GET /media/article_images/IMG_20251120_135531_frEgvPo.jpg HTTP/1.1" 304 0
"GET /02/ HTTP/1.1" 200 35609
"GET /static/js/comments.js HTTP/1.1" 304 0
"POST /comments/add/6/ HTTP/1.1" 200 184
"GET /__debug__/history_sidebar/?request_id=9b3f4b8110e24ae9a3d12b6c62b5d450 HTTP/1.1" 200 10582
"POST /comments/add/6/ HTTP/1.1" 200 181
"GET /__debug__/history_sidebar/?request_id=5791b2c2ddbf4406854c7e2fb2b0e180 HTTP/1.1" 200 10582
"POST /comments/add/6/ HTTP/1.1" 200 182
"GET /__debug__/history_sidebar/?request_id=f1acb73d60894792ae42953d0359f532 HTTP/1.1" 200 10582
E:\myblog\comments\views.py changed, reloading.
Watching for file changes with StatReloader
Watching for file changes with StatReloader
"GET / HTTP/1.1" 200 20899
"GET /02/ HTTP/1.1" 200 38994
"GET /static/js/comments.js HTTP/1.1" 200 9276
"POST /comments/add/6/ HTTP/1.1" 200 289
"GET /__debug__/history_sidebar/?request_id=42f202388b854bfd8b129e643d703008 HTTP/1.1" 200 10582
"POST /comments/like/30/ HTTP/1.1" 200 12
"GET /__debug__/history_sidebar/?request_id=57bf825b406a491f9692bd8dbde3aaba HTTP/1.1" 200 10584
"POST /comments/like/30/ HTTP/1.1" 200 12
"GET /__debug__/history_sidebar/?request_id=4538132704d348f5893c6bae59030872 HTTP/1.1" 200 10584
"POST /comments/add/6/ HTTP/1.1" 200 286
"GET /__debug__/history_sidebar/?request_id=5b26657c1a284823addd34853f79cb83 HTTP/1.1" 200 10582
"POST /comments/add/6/ HTTP/1.1" 200 286
"GET /__debug__/history_sidebar/?request_id=5c169537bc6d45298cd34e5a9b251478 HTTP/1.1" 200 10582
"POST /comments/add/6/ HTTP/1.1" 200 286
"GET /__debug__/history_sidebar/?request_id=52bd0e536428419a80a6792e3c39e422 HTTP/1.1" 200 10581
"GET /comments/delete/20/ HTTP/1.1" 302 0
"GET /02/ HTTP/1.1" 200 39250
"GET /delete/02/ HTTP/1.1" 302 0
"GET / HTTP/1.1" 200 20346
"GET /01/ HTTP/1.1" 200 22782
"GET /static/js/comments.js HTTP/1.1" 304 0
E:\myblog\comments\views.py changed, reloading.
Watching for file changes with StatReloader
Watching for file changes with StatReloader
"GET / HTTP/1.1" 200 20089
"GET /static/debug_toolbar/js/toolbar.js HTTP/1.1" 304 0
"GET /static/debug_toolbar/css/toolbar.css HTTP/1.1" 304 0
"GET /static/debug_toolbar/css/print.css HTTP/1.1" 304 0
"GET /static/debug_toolbar/js/utils.js HTTP/1.1" 304 0
"GET /01/ HTTP/1.1" 200 22782
"GET /static/js/comments.js HTTP/1.1" 200 9276
Internal Server Error: /comments/add/5/
Traceback (most recent call last):
  File "E:\myblog\.venv\Lib\site-packages\django\core\handlers\exception.py", line 55, in inner
    response = get_response(request)
               ^^^^^^^^^^^^^^^^^^^^^
  File "E:\myblog\.venv\Lib\site-packages\django\core\handlers\base.py", line 197, in _get_response
    response = wrapped_callback(request, *callback_args, **callback_kwargs)
               ^^^^^^^^^^^^^^^^^^^^^^^^^^^^^^^^^^^^^^^^^^^^^^^^^^^^^^^^^^^^
  File "E:\myblog\.venv\Lib\site-packages\django\contrib\auth\decorators.py", line 59, in _view_wrapper
    return view_func(request, *args, **kwargs)
           ^^^^^^^^^^^^^^^^^^^^^^^^^^^^^^^^^^^
  File "E:\myblog\comments\views.py", line 55, in add_comment
    image_url = comment.image.url if comment.image else ''
                                     ^^^^^^^^^^^^^
AttributeError: 'Comment' object has no attribute 'image'
"POST /comments/add/5/ HTTP/1.1" 500 98248
"GET /__debug__/history_sidebar/?request_id=38c7f28fd6c8496eb192a13306d52cf4 HTTP/1.1" 200 10582
E:\myblog\comments\views.py changed, reloading.
Watching for file changes with StatReloader
E:\myblog\comments\signals.py changed, reloading.
Watching for file changes with StatReloader
Watching for file changes with StatReloader
"GET / HTTP/1.1" 200 20089
"GET /01/ HTTP/1.1" 200 24874
"GET /static/js/comments.js HTTP/1.1" 200 9276
"POST /comments/add/5/ HTTP/1.1" 200 301
"GET /__debug__/history_sidebar/?request_id=92e5e6b2667d4785855501364378437c HTTP/1.1" 200 10582
"POST /comments/add/5/ HTTP/1.1" 200 301
"GET /__debug__/history_sidebar/?request_id=1be3cb7953154393aa769374dec3b911 HTTP/1.1" 200 10582
E:\myblog\comments\models.py changed, reloading.
Watching for file changes with StatReloader
E:\myblog\comments\forms.py changed, reloading.
Watching for file changes with StatReloader
Watching for file changes with StatReloader
"GET / HTTP/1.1" 200 20090
"GET /static/css/themes/theme-default.css HTTP/1.1" 304 0
Internal Server Error: /01/
Traceback (most recent call last):
  File "E:\myblog\.venv\Lib\site-packages\django\db\backends\utils.py", line 105, in _execute
    return self.cursor.execute(sql, params)
           ^^^^^^^^^^^^^^^^^^^^^^^^^^^^^^^^
  File "E:\myblog\.venv\Lib\site-packages\django\db\backends\mysql\base.py", line 76, in execute
    return self.cursor.execute(query, args)
           ^^^^^^^^^^^^^^^^^^^^^^^^^^^^^^^^
  File "E:\myblog\.venv\Lib\site-packages\MySQLdb\cursors.py", line 179, in execute
    res = self._query(mogrified_query)
          ^^^^^^^^^^^^^^^^^^^^^^^^^^^^
  File "E:\myblog\.venv\Lib\site-packages\MySQLdb\cursors.py", line 330, in _query
    db.query(q)
  File "E:\myblog\.venv\Lib\site-packages\MySQLdb\connections.py", line 280, in query
    _mysql.connection.query(self, query)
MySQLdb.OperationalError: (1054, "Unknown column 'comments_comment.image' in 'field list'")

The above exception was the direct cause of the following exception:

Traceback (most recent call last):
  File "E:\myblog\.venv\Lib\site-packages\django\core\handlers\exception.py", line 55, in inner
    response = get_response(request)
               ^^^^^^^^^^^^^^^^^^^^^
  File "E:\myblog\.venv\Lib\site-packages\django\core\handlers\base.py", line 197, in _get_response
    response = wrapped_callback(request, *callback_args, **callback_kwargs)
               ^^^^^^^^^^^^^^^^^^^^^^^^^^^^^^^^^^^^^^^^^^^^^^^^^^^^^^^^^^^^
  File "E:\myblog\articles\views.py", line 75, in article_detail
    return render(request, 'articles/article_detail.html', context)
           ^^^^^^^^^^^^^^^^^^^^^^^^^^^^^^^^^^^^^^^^^^^^^^^^^^^^^^^^
  File "E:\myblog\.venv\Lib\site-packages\django\shortcuts.py", line 25, in render
    content = loader.render_to_string(template_name, context, request, using=using)
              ^^^^^^^^^^^^^^^^^^^^^^^^^^^^^^^^^^^^^^^^^^^^^^^^^^^^^^^^^^^^^^^^^^^^^
  File "E:\myblog\.venv\Lib\site-packages\django\template\loader.py", line 62, in render_to_string
    return template.render(context, request)
           ^^^^^^^^^^^^^^^^^^^^^^^^^^^^^^^^^
  File "E:\myblog\.venv\Lib\site-packages\django\template\backends\django.py", line 107, in render
    return self.template.render(context)
           ^^^^^^^^^^^^^^^^^^^^^^^^^^^^^
  File "E:\myblog\.venv\Lib\site-packages\django\template\base.py", line 172, in render
    return self._render(context)
           ^^^^^^^^^^^^^^^^^^^^^
  File "E:\myblog\.venv\Lib\site-packages\django\test\utils.py", line 114, in instrumented_test_render
    return self.nodelist.render(context)
           ^^^^^^^^^^^^^^^^^^^^^^^^^^^^^
  File "E:\myblog\.venv\Lib\site-packages\django\template\base.py", line 1018, in render
    return SafeString("".join([node.render_annotated(context) for node in self]))
                              ^^^^^^^^^^^^^^^^^^^^^^^^^^^^^^^^^^^^^^^^^^^^^^^^^
  File "E:\myblog\.venv\Lib\site-packages\django\template\base.py", line 1018, in <listcomp>
    return SafeString("".join([node.render_annotated(context) for node in self]))
                               ^^^^^^^^^^^^^^^^^^^^^^^^^^^^^^
  File "E:\myblog\.venv\Lib\site-packages\django\template\base.py", line 979, in render_annotated
    return self.render(context)
           ^^^^^^^^^^^^^^^^^^^^
  File "E:\myblog\.venv\Lib\site-packages\django\template\loader_tags.py", line 159, in render
    return compiled_parent._render(context)
           ^^^^^^^^^^^^^^^^^^^^^^^^^^^^^^^^
  File "E:\myblog\.venv\Lib\site-packages\django\test\utils.py", line 114, in instrumented_test_render
    return self.nodelist.render(context)
           ^^^^^^^^^^^^^^^^^^^^^^^^^^^^^
  File "E:\myblog\.venv\Lib\site-packages\django\template\base.py", line 1018, in render
    return SafeString("".join([node.render_annotated(context) for node in self]))
                              ^^^^^^^^^^^^^^^^^^^^^^^^^^^^^^^^^^^^^^^^^^^^^^^^^
  File "E:\myblog\.venv\Lib\site-packages\django\template\base.py", line 1018, in <listcomp>
    return SafeString("".join([node.render_annotated(context) for node in self]))
                               ^^^^^^^^^^^^^^^^^^^^^^^^^^^^^^
  File "E:\myblog\.venv\Lib\site-packages\django\template\base.py", line 979, in render_annotated
    return self.render(context)
           ^^^^^^^^^^^^^^^^^^^^
  File "E:\myblog\.venv\Lib\site-packages\django\template\loader_tags.py", line 65, in render
    result = block.nodelist.render(context)
             ^^^^^^^^^^^^^^^^^^^^^^^^^^^^^^
  File "E:\myblog\.venv\Lib\site-packages\django\template\base.py", line 1018, in render
    return SafeString("".join([node.render_annotated(context) for node in self]))
                              ^^^^^^^^^^^^^^^^^^^^^^^^^^^^^^^^^^^^^^^^^^^^^^^^^
  File "E:\myblog\.venv\Lib\site-packages\django\template\base.py", line 1018, in <listcomp>
    return SafeString("".join([node.render_annotated(context) for node in self]))
                               ^^^^^^^^^^^^^^^^^^^^^^^^^^^^^^
  File "E:\myblog\.venv\Lib\site-packages\django\template\base.py", line 979, in render_annotated
    return self.render(context)
           ^^^^^^^^^^^^^^^^^^^^
  File "E:\myblog\.venv\Lib\site-packages\django\template\defaulttags.py", line 199, in render
    len_values = len(values)
                 ^^^^^^^^^^^
  File "E:\myblog\.venv\Lib\site-packages\django\db\models\query.py", line 368, in __len__
    self._fetch_all()
  File "E:\myblog\.venv\Lib\site-packages\django\db\models\query.py", line 1954, in _fetch_all
    self._result_cache = list(self._iterable_class(self))
                         ^^^^^^^^^^^^^^^^^^^^^^^^^^^^^^^^
  File "E:\myblog\.venv\Lib\site-packages\django\db\models\query.py", line 93, in __iter__
    results = compiler.execute_sql(
              ^^^^^^^^^^^^^^^^^^^^^
  File "E:\myblog\.venv\Lib\site-packages\django\db\models\sql\compiler.py", line 1623, in execute_sql
    cursor.execute(sql, params)
  File "E:\myblog\.venv\Lib\site-packages\debug_toolbar\panels\sql\tracking.py", line 231, in execute
    return self._record(super().execute, sql, params)
           ^^^^^^^^^^^^^^^^^^^^^^^^^^^^^^^^^^^^^^^^^^
  File "E:\myblog\.venv\Lib\site-packages\debug_toolbar\panels\sql\tracking.py", line 157, in _record
    return method(sql, params)
           ^^^^^^^^^^^^^^^^^^^
  File "E:\myblog\.venv\Lib\site-packages\django\db\backends\utils.py", line 122, in execute
    return super().execute(sql, params)
           ^^^^^^^^^^^^^^^^^^^^^^^^^^^^
  File "E:\myblog\.venv\Lib\site-packages\django\db\backends\utils.py", line 79, in execute
    return self._execute_with_wrappers(
           ^^^^^^^^^^^^^^^^^^^^^^^^^^^^
  File "E:\myblog\.venv\Lib\site-packages\django\db\backends\utils.py", line 92, in _execute_with_wrappers
    return executor(sql, params, many, context)
           ^^^^^^^^^^^^^^^^^^^^^^^^^^^^^^^^^^^^
  File "E:\myblog\.venv\Lib\site-packages\django\db\backends\utils.py", line 100, in _execute
    with self.db.wrap_database_errors:
  File "E:\myblog\.venv\Lib\site-packages\django\db\utils.py", line 91, in __exit__
    raise dj_exc_value.with_traceback(traceback) from exc_value
  File "E:\myblog\.venv\Lib\site-packages\django\db\backends\utils.py", line 105, in _execute
    return self.cursor.execute(sql, params)
           ^^^^^^^^^^^^^^^^^^^^^^^^^^^^^^^^
  File "E:\myblog\.venv\Lib\site-packages\django\db\backends\mysql\base.py", line 76, in execute
    return self.cursor.execute(query, args)
           ^^^^^^^^^^^^^^^^^^^^^^^^^^^^^^^^
  File "E:\myblog\.venv\Lib\site-packages\MySQLdb\cursors.py", line 179, in execute
    res = self._query(mogrified_query)
          ^^^^^^^^^^^^^^^^^^^^^^^^^^^^
  File "E:\myblog\.venv\Lib\site-packages\MySQLdb\cursors.py", line 330, in _query
    db.query(q)
  File "E:\myblog\.venv\Lib\site-packages\MySQLdb\connections.py", line 280, in query
    _mysql.connection.query(self, query)
django.db.utils.OperationalError: (1054, "Unknown column 'comments_comment.image' in 'field list'")
"GET /01/ HTTP/1.1" 500 294030
Watching for file changes with StatReloader
"GET / HTTP/1.1" 200 20090
"GET /01/ HTTP/1.1" 200 29056
"GET /static/js/comments.js HTTP/1.1" 200 9766
"POST /comments/add/5/ HTTP/1.1" 200 301
"GET /__debug__/history_sidebar/?request_id=13e2e83357884d088161ba21d0e9b8fb HTTP/1.1" 200 10582
"POST /comments/like/37/ HTTP/1.1" 200 12
"GET /__debug__/history_sidebar/?request_id=5de4c25233d8491da0fa57207a317f04 HTTP/1.1" 200 10585
"POST /comments/like/37/ HTTP/1.1" 200 12
"GET /__debug__/history_sidebar/?request_id=6df0842356574224ae062d42dffa024c HTTP/1.1" 200 10585
"POST /comments/like/37/ HTTP/1.1" 200 12
"GET /__debug__/history_sidebar/?request_id=bd1b80c71485489cad015cf4d36b7634 HTTP/1.1" 200 10585
"POST /comments/like/37/ HTTP/1.1" 200 12
"POST /comments/like/37/ HTTP/1.1" 200 12
"GET /__debug__/history_sidebar/?request_id=68a579f5c96d4abd83afb5c19271f81d HTTP/1.1" 200 10585
"GET /__debug__/history_sidebar/?request_id=9681322f5c3446aca09c4cb7d0f34727 HTTP/1.1" 200 10585
"POST /comments/like/37/ HTTP/1.1" 200 12
"POST /comments/like/37/ HTTP/1.1" 200 12
"POST /comments/like/37/ HTTP/1.1" 200 12
"POST /comments/like/37/ HTTP/1.1" 200 12
"POST /comments/like/37/ HTTP/1.1" 200 13
"GET /__debug__/history_sidebar/?request_id=d8aa768904bf4181b2d9823e1c8f618e HTTP/1.1" 200 10584
"GET /comments/delete/7/ HTTP/1.1" 302 0
"GET /01/ HTTP/1.1" 200 29320
"GET /static/js/comments.js HTTP/1.1" 304 0
"GET /comments/delete/36/ HTTP/1.1" 302 0
"GET /01/ HTTP/1.1" 200 27229
"GET /comments/delete/34/ HTTP/1.1" 302 0
"GET /01/ HTTP/1.1" 200 25138
"GET /comments/delete/35/ HTTP/1.1" 302 0
"GET /01/ HTTP/1.1" 200 23047
"GET /static/js/comments.js HTTP/1.1" 304 0
"GET /comments/delete/37/ HTTP/1.1" 302 0
"GET /01/ HTTP/1.1" 200 21016
"POST /comments/add/5/ HTTP/1.1" 200 302
"GET /__debug__/history_sidebar/?request_id=648f0e7af3004171bd0bfd91774e1559 HTTP/1.1" 200 10582
"POST /comments/like/38/ HTTP/1.1" 200 12
"GET /__debug__/history_sidebar/?request_id=1a587d7bf82e44d78ab8c6d18d7cecba HTTP/1.1" 200 10585
"POST /comments/like/38/ HTTP/1.1" 200 12
"GET /__debug__/history_sidebar/?request_id=d0da57f3fb254d71b1bf3613c112670d HTTP/1.1" 200 10585
"POST /comments/like/38/ HTTP/1.1" 200 12
"POST /comments/like/38/ HTTP/1.1" 200 12
"GET /__debug__/history_sidebar/?request_id=3690e4b8572b4779bd97736f7375bda2 HTTP/1.1" 200 10585
"POST /comments/delete/38/ HTTP/1.1" 302 0
"GET /01/ HTTP/1.1" 200 21016
"GET /__debug__/history_sidebar/?request_id=03b1816b6ce74002ae336dd32bb980e3 HTTP/1.1" 200 10621
Not Found: /comments/delete/38/
"POST /comments/delete/38/ HTTP/1.1" 404 19095
"GET /__debug__/history_sidebar/?request_id=5343dafe25214097ab0537d1eac6624b HTTP/1.1" 200 10588
"GET /01/ HTTP/1.1" 200 20759
"GET /static/js/comments.js HTTP/1.1" 304 0
E:\myblog\core\admin.py changed, reloading.
Watching for file changes with StatReloader
Watching for file changes with StatReloader
"GET / HTTP/1.1" 200 20091
"GET /media/article_images/IMG_20251120_135531_frEgvPo.jpg HTTP/1.1" 304 0
"GET /01/ HTTP/1.1" 200 21638
"GET /static/js/comments.js HTTP/1.1" 200 10904
"POST /comments/add/5/ HTTP/1.1" 200 301
"GET /__debug__/history_sidebar/?request_id=4d8b69c443d8497788e01d3a9e01134a HTTP/1.1" 200 10582
"GET /01/ HTTP/1.1" 200 23668
"GET /static/js/comments.js HTTP/1.1" 200 8994
"GET /media/avatars/IMG_20251120_135531.jpg HTTP/1.1" 304 0
"GET /comments/delete/39/ HTTP/1.1" 302 0
"GET /01/ HTTP/1.1" 200 21895
"GET /static/js/comments.js HTTP/1.1" 304 0
"POST /comments/add/5/ HTTP/1.1" 200 300
"GET /__debug__/history_sidebar/?request_id=b820f384314d452a8df17e9b92804040 HTTP/1.1" 200 10582
"POST /comments/like/40/ HTTP/1.1" 200 12
"GET /__debug__/history_sidebar/?request_id=fa8b0a4d78a64487a88946ba66d8ee1d HTTP/1.1" 200 10585
E:\myblog\core\utils.py changed, reloading.
Watching for file changes with StatReloader
"GET /01/ HTTP/1.1" 200 23897
"GET /static/js/comments.js HTTP/1.1" 200 8030
"POST /comments/add/5/ HTTP/1.1" 200 314
"GET /__debug__/history_sidebar/?request_id=f62020af42154a168b1d5375089eb019 HTTP/1.1" 200 10582
Bad Request: /comments/add/5/
"POST /comments/add/5/ HTTP/1.1" 400 49
"GET /__debug__/history_sidebar/?request_id=26dbf02d1ba7427e8a385d8aeacb121d HTTP/1.1" 200 10581
Bad Request: /comments/add/5/
"POST /comments/add/5/ HTTP/1.1" 400 49
"GET /__debug__/history_sidebar/?request_id=c23795dbe3504c16992c5e099cd5f13d HTTP/1.1" 200 10581
"GET /01/ HTTP/1.1" 200 25992
"GET /static/js/comments.js HTTP/1.1" 304 0
"POST /comments/add/5/ HTTP/1.1" 200 297
"GET /__debug__/history_sidebar/?request_id=f643e302bd504fb6b7cb37b56a8e8b33 HTTP/1.1" 200 10582
"POST /comments/add/5/ HTTP/1.1" 200 297
"GET /__debug__/history_sidebar/?request_id=cb85edf14a134baca8ce33b7a186578c HTTP/1.1" 200 10582
"POST /comments/add/5/ HTTP/1.1" 200 297
"GET /__debug__/history_sidebar/?request_id=41b6550b7b3b4dd3801d4c90547ea3f1 HTTP/1.1" 200 10582
"POST /comments/add/5/ HTTP/1.1" 200 297
"POST /comments/add/5/ HTTP/1.1" 200 297
"GET /__debug__/history_sidebar/?request_id=28fc3d0957484b1b8d85cadf2aeddf20 HTTP/1.1" 200 10582
"GET /__debug__/history_sidebar/?request_id=9b1319f6394948de869006e72a578005 HTTP/1.1" 200 10582
"POST /comments/add/5/ HTTP/1.1" 200 297
"GET /__debug__/history_sidebar/?request_id=0ba928874e86435e91d77a02ce06f7f9 HTTP/1.1" 200 10582
"GET /01/ HTTP/1.1" 200 29648
"GET /static/js/comments.js HTTP/1.1" 304 0
"POST /comments/add/5/ HTTP/1.1" 200 297
"GET /__debug__/history_sidebar/?request_id=48338a991c254d1abacca5596a65988d HTTP/1.1" 200 10582
"POST /comments/add/5/ HTTP/1.1" 200 299
"GET /__debug__/history_sidebar/?request_id=a4512ce185e84818a5f840a8426d721f HTTP/1.1" 200 10582
"POST /comments/add/5/ HTTP/1.1" 200 301
"GET /__debug__/history_sidebar/?request_id=ccdc9e47a8d74d469a8428a80ff4d6ae HTTP/1.1" 200 10582
Bad Request: /comments/add/5/
"POST /comments/add/5/ HTTP/1.1" 400 49
"GET /__debug__/history_sidebar/?request_id=ce0f0f01dee54e0d852d0fea91f29bb2 HTTP/1.1" 200 10581
"GET /01/ HTTP/1.1" 200 32926
"GET /static/js/comments.js HTTP/1.1" 304 0
"POST /comments/add/5/ HTTP/1.1" 200 298
"GET /__debug__/history_sidebar/?request_id=9de14e6885554d109d6e4a0347cab704 HTTP/1.1" 200 10582
"POST /comments/add/5/ HTTP/1.1" 200 298
"GET /__debug__/history_sidebar/?request_id=bdf2641936b541bab187b825311c7ba6 HTTP/1.1" 200 10582
"POST /comments/add/5/ HTTP/1.1" 200 298
"GET /__debug__/history_sidebar/?request_id=68321b5e587e433587ec9adbb446c870 HTTP/1.1" 200 10582
"GET /01/ HTTP/1.1" 200 34808
E:\myblog\core\context_processors.py changed, reloading.
Watching for file changes with StatReloader
"GET /01/ HTTP/1.1" 200 34809
"GET /static/css/themes/theme-default.css HTTP/1.1" 304 0
"GET /static/js/comments.js HTTP/1.1" 200 8045
"POST /comments/add/5/ HTTP/1.1" 200 298
"GET /__debug__/history_sidebar/?request_id=608338389f50406bab891ffc698f0e6c HTTP/1.1" 200 10582
"POST /comments/add/5/ HTTP/1.1" 200 314
"GET /__debug__/history_sidebar/?request_id=b202ac8d3929487cb83db3875fc4686b HTTP/1.1" 200 10582
"POST /comments/add/5/ HTTP/1.1" 200 308
"GET /__debug__/history_sidebar/?request_id=adb0dff68bbe4082bb7d9732addebf31 HTTP/1.1" 200 10582
"POST /comments/add/5/ HTTP/1.1" 200 308
"GET /__debug__/history_sidebar/?request_id=a2a8405253ca490f9bc0687668318ac2 HTTP/1.1" 200 10582
"POST /comments/add/5/ HTTP/1.1" 200 308
"GET /__debug__/history_sidebar/?request_id=6ee0fc839a594c35afb0fb36c52fd947 HTTP/1.1" 200 10582
"POST /comments/add/5/ HTTP/1.1" 200 314
"GET /__debug__/history_sidebar/?request_id=40907f0b11814bbe90ae4a9be774d8cd HTTP/1.1" 200 10582
"GET /comments/delete/40/ HTTP/1.1" 302 0
"GET /01/ HTTP/1.1" 200 34214
"GET /static/js/comments.js HTTP/1.1" 304 0
"GET /comments/delete/41/ HTTP/1.1" 302 0
"GET /01/ HTTP/1.1" 200 32118
"GET /comments/delete/50/ HTTP/1.1" 302 0
"GET /01/ HTTP/1.1" 200 28144
"GET /comments/delete/55/ HTTP/1.1" 302 0
"GET /01/ HTTP/1.1" 200 24159
"GET /comments/delete/59/ HTTP/1.1" 302 0
"GET /01/ HTTP/1.1" 200 22124
"POST /comments/add/5/ HTTP/1.1" 200 301
"GET /__debug__/history_sidebar/?request_id=f0df7f03d9e046d58cef03a3fab5b93e HTTP/1.1" 200 10581
"GET /01/ HTTP/1.1" 200 23897
"POST /comments/add/5/ HTTP/1.1" 200 301
"GET /__debug__/history_sidebar/?request_id=2096e1eba58240a6b281c55ea0b6976d HTTP/1.1" 200 10582
E:\myblog\comments\views.py changed, reloading.
Watching for file changes with StatReloader
"GET /01/ HTTP/1.1" 200 25989
"GET /static/js/comments.js HTTP/1.1" 200 8716
"GET /comments/delete/60/ HTTP/1.1" 302 0
"GET /01/ HTTP/1.1" 200 24154
"GET /static/js/comments.js HTTP/1.1" 304 0
"GET /comments/delete/61/ HTTP/1.1" 302 0
"GET /01/ HTTP/1.1" 200 22124
"GET /static/js/comments.js HTTP/1.1" 304 0
"POST /comments/add/5/ HTTP/1.1" 200 301
"GET /__debug__/history_sidebar/?request_id=197681256dc246c992a1cac3ae7c7a24 HTTP/1.1" 200 10581
"POST /comments/add/5/ HTTP/1.1" 200 310
"GET /__debug__/history_sidebar/?request_id=f54433c6006f4e1aaea7106bb1b1ffc8 HTTP/1.1" 200 10582
"POST /comments/delete/63/ HTTP/1.1" 200 17
"GET /__debug__/history_sidebar/?request_id=ea31beb027544593b85e93ad6f9031e5 HTTP/1.1" 200 10588
"POST /comments/delete/62/ HTTP/1.1" 200 17
"GET /__debug__/history_sidebar/?request_id=c30c9722b15e4c7fa685a799a580db28 HTTP/1.1" 200 10588
"GET / HTTP/1.1" 200 20090
Watching for file changes with StatReloader
"GET / HTTP/1.1" 200 20722
"GET /01/ HTTP/1.1" 200 21433
"GET /static/js/comments.js HTTP/1.1" 304 0
"GET /edit/01/ HTTP/1.1" 200 21348
"GET /admin/sites/site/1/change/ HTTP/1.1" 302 0
"GET /admin/login/?next=/admin/sites/site/1/change/ HTTP/1.1" 200 17940
"GET /static/admin/css/base.css HTTP/1.1" 304 0
"GET /static/admin/css/dark_mode.css HTTP/1.1" 304 0
"GET /static/admin/js/theme.js HTTP/1.1" 304 0
"GET /static/admin/css/nav_sidebar.css HTTP/1.1" 304 0
"GET /static/admin/css/responsive.css HTTP/1.1" 304 0
"GET /static/admin/css/login.css HTTP/1.1" 304 0
"GET /static/admin/js/nav_sidebar.js HTTP/1.1" 304 0
"POST /admin/login/?next=/admin/sites/site/1/change/ HTTP/1.1" 302 0
"GET /admin/sites/site/1/change/ HTTP/1.1" 200 31036
"GET /static/admin/css/forms.css HTTP/1.1" 304 0
"GET /static/admin/js/core.js HTTP/1.1" 304 0
"GET /static/admin/js/vendor/jquery/jquery.js HTTP/1.1" 304 0
"GET /static/admin/js/admin/RelatedObjectLookups.js HTTP/1.1" 304 0
"GET /static/admin/js/jquery.init.js HTTP/1.1" 304 0
"GET /static/admin/css/widgets.css HTTP/1.1" 304 0
"GET /static/admin/js/prepopulate_init.js HTTP/1.1" 304 0
"GET /static/admin/js/prepopulate.js HTTP/1.1" 304 0
"GET /static/admin/js/urlify.js HTTP/1.1" 304 0
"GET /static/admin/js/vendor/xregexp/xregexp.js HTTP/1.1" 304 0
"GET /static/admin/js/actions.js HTTP/1.1" 304 0
"GET /static/admin/js/change_form.js HTTP/1.1" 304 0
"GET /admin/jsi18n/ HTTP/1.1" 200 9327
"GET /static/admin/img/icon-addlink.svg HTTP/1.1" 304 0
"GET /admin/articles/category/add/ HTTP/1.1" 200 31653
"GET /admin/jsi18n/ HTTP/1.1" 200 9327
"GET /admin/articles/tag/ HTTP/1.1" 200 29389
"GET /static/admin/css/changelists.css HTTP/1.1" 304 0
"GET /static/admin/js/filters.js HTTP/1.1" 304 0
"GET /admin/jsi18n/ HTTP/1.1" 200 9327
"GET /static/admin/img/tooltag-add.svg HTTP/1.1" 304 0
"GET /admin/articles/tag/add/ HTTP/1.1" 200 30994
"GET /admin/jsi18n/ HTTP/1.1" 200 9327
"GET /admin/articles/category/ HTTP/1.1" 200 29404
"GET /admin/jsi18n/ HTTP/1.1" 200 9327
"GET /admin/articles/category/add/ HTTP/1.1" 200 31653
"GET /admin/jsi18n/ HTTP/1.1" 200 9327
"POST /admin/articles/category/add/ HTTP/1.1" 302 0
"GET /admin/articles/category/ HTTP/1.1" 200 31271
"GET /admin/jsi18n/ HTTP/1.1" 200 9327
"GET /static/admin/img/icon-yes.svg HTTP/1.1" 304 0
"GET /static/admin/img/sorting-icons.svg HTTP/1.1" 304 0
"GET /admin/articles/category/add/ HTTP/1.1" 200 31653
"GET /admin/jsi18n/ HTTP/1.1" 200 9327
"POST /admin/articles/category/add/ HTTP/1.1" 200 31900
"GET /admin/jsi18n/ HTTP/1.1" 200 9327
"POST /admin/articles/category/add/ HTTP/1.1" 200 31901
"GET /admin/jsi18n/ HTTP/1.1" 200 9327
"GET /admin/articles/category/ HTTP/1.1" 200 31079
"GET /admin/jsi18n/ HTTP/1.1" 200 9327
"GET /admin/articles/category/1/change/ HTTP/1.1" 200 31877
"GET /admin/jsi18n/ HTTP/1.1" 200 9327
"POST /admin/articles/category/1/change/ HTTP/1.1" 302 0
"GET /admin/articles/category/ HTTP/1.1" 200 31274
"GET /admin/jsi18n/ HTTP/1.1" 200 9327
"GET /admin/articles/category/add/ HTTP/1.1" 200 31653
"GET /admin/jsi18n/ HTTP/1.1" 200 9327
"POST /admin/articles/category/add/ HTTP/1.1" 302 0
"GET /admin/articles/category/ HTTP/1.1" 200 31563
"GET /admin/jsi18n/ HTTP/1.1" 200 9327
"GET /admin/articles/category/add/ HTTP/1.1" 200 31653
"GET /admin/jsi18n/ HTTP/1.1" 200 9327
"POST /admin/articles/category/add/ HTTP/1.1" 302 0
"GET /admin/articles/category/ HTTP/1.1" 200 31855
"GET /admin/jsi18n/ HTTP/1.1" 200 9327
"GET /admin/articles/category/add/ HTTP/1.1" 200 31653
"GET /admin/jsi18n/ HTTP/1.1" 200 9327
"POST /admin/articles/category/add/ HTTP/1.1" 302 0
"GET /admin/articles/category/ HTTP/1.1" 200 32144
"GET /admin/jsi18n/ HTTP/1.1" 200 9327
"GET /admin/articles/category/add/ HTTP/1.1" 200 31653
"GET /admin/jsi18n/ HTTP/1.1" 200 9327
"POST /admin/articles/category/add/ HTTP/1.1" 302 0
"GET /admin/articles/category/ HTTP/1.1" 200 32430
"GET /admin/jsi18n/ HTTP/1.1" 200 9327
"GET /admin/articles/category/5/change/ HTTP/1.1" 200 31877
"GET /admin/jsi18n/ HTTP/1.1" 200 9327
"POST /admin/articles/category/5/change/ HTTP/1.1" 302 0
"GET /admin/articles/category/ HTTP/1.1" 200 32433
"GET /admin/jsi18n/ HTTP/1.1" 200 9327
"GET /admin/articles/tag/add/ HTTP/1.1" 200 30994
"GET /admin/jsi18n/ HTTP/1.1" 200 9327
"POST /admin/articles/tag/add/ HTTP/1.1" 302 0
"GET /admin/articles/tag/ HTTP/1.1" 200 31251
"GET /admin/jsi18n/ HTTP/1.1" 200 9327
"GET /admin/articles/tag/add/ HTTP/1.1" 200 30994
"GET /admin/jsi18n/ HTTP/1.1" 200 9327
"POST /admin/articles/tag/add/ HTTP/1.1" 302 0
"GET /admin/articles/tag/ HTTP/1.1" 200 31537
"GET /admin/jsi18n/ HTTP/1.1" 200 9327
"GET /admin/articles/tag/add/ HTTP/1.1" 200 30994
"GET /admin/jsi18n/ HTTP/1.1" 200 9327
"POST /admin/articles/tag/add/ HTTP/1.1" 302 0
"GET /admin/articles/tag/ HTTP/1.1" 200 31821
"GET /admin/jsi18n/ HTTP/1.1" 200 9327
"GET /admin/articles/tag/add/ HTTP/1.1" 200 30994
"GET /admin/jsi18n/ HTTP/1.1" 200 9327
"POST /admin/articles/tag/add/ HTTP/1.1" 302 0
"GET /admin/articles/tag/ HTTP/1.1" 200 32107
"GET /admin/jsi18n/ HTTP/1.1" 200 9327
"GET /admin/articles/tag/add/ HTTP/1.1" 200 30994
"GET /admin/jsi18n/ HTTP/1.1" 200 9327
"POST /admin/articles/tag/add/ HTTP/1.1" 302 0
"GET /admin/articles/tag/ HTTP/1.1" 200 32386
"GET /admin/jsi18n/ HTTP/1.1" 200 9327
"GET /admin/articles/tag/add/ HTTP/1.1" 200 30994
"GET /admin/jsi18n/ HTTP/1.1" 200 9327
"POST /admin/articles/tag/add/ HTTP/1.1" 302 0
"GET /admin/articles/tag/ HTTP/1.1" 200 32685
"GET /admin/jsi18n/ HTTP/1.1" 200 9327
"GET /admin/articles/category/add/ HTTP/1.1" 200 31653
"GET /admin/jsi18n/ HTTP/1.1" 200 9327
"GET /admin/articles/tag/add/ HTTP/1.1" 200 30994
"GET /admin/jsi18n/ HTTP/1.1" 200 9327
"GET /admin/articles/category/add/ HTTP/1.1" 200 31653
"GET /admin/jsi18n/ HTTP/1.1" 200 9327
"POST /admin/articles/category/add/ HTTP/1.1" 302 0
"GET /admin/articles/category/ HTTP/1.1" 200 32737
"GET /admin/jsi18n/ HTTP/1.1" 200 9327
"GET /admin/articles/tag/add/ HTTP/1.1" 200 30994
"GET /admin/jsi18n/ HTTP/1.1" 200 9327
"POST /admin/articles/tag/add/ HTTP/1.1" 302 0
"GET /admin/articles/tag/ HTTP/1.1" 200 32977
"GET /admin/jsi18n/ HTTP/1.1" 200 9327
"GET /admin/articles/tag/add/ HTTP/1.1" 200 30994
"GET /admin/jsi18n/ HTTP/1.1" 200 9327
"POST /admin/articles/tag/add/ HTTP/1.1" 302 0
"GET /admin/articles/tag/ HTTP/1.1" 200 33252
"GET /admin/jsi18n/ HTTP/1.1" 200 9327
"GET /admin/articles/tag/add/ HTTP/1.1" 200 30994
"GET /admin/jsi18n/ HTTP/1.1" 200 9327
"POST /admin/articles/tag/add/ HTTP/1.1" 302 0
"GET /admin/articles/tag/ HTTP/1.1" 200 33548
"GET /admin/jsi18n/ HTTP/1.1" 200 9327
"GET /admin/articles/tag/add/ HTTP/1.1" 200 30994
"GET /admin/jsi18n/ HTTP/1.1" 200 9327
"POST /admin/articles/tag/add/ HTTP/1.1" 302 0
"GET /admin/articles/tag/ HTTP/1.1" 200 33822
"GET /admin/jsi18n/ HTTP/1.1" 200 9327
"GET /edit/01/ HTTP/1.1" 200 22749
"POST /edit/01/ HTTP/1.1" 302 0
"GET /01/ HTTP/1.1" 200 21831
"GET /static/js/comments.js HTTP/1.1" 304 0
"GET / HTTP/1.1" 200 22914
"GET /?tag=bangdream HTTP/1.1" 200 21842
"GET /?tag=popipa HTTP/1.1" 200 22946
"GET /?tag=bangdream HTTP/1.1" 200 21842
"GET /admin/articles/tag/add/ HTTP/1.1" 200 30994
"GET /admin/jsi18n/ HTTP/1.1" 200 9327
"GET /admin/articles/category/add/ HTTP/1.1" 200 31653
"GET /admin/jsi18n/ HTTP/1.1" 200 9327
"POST /admin/articles/category/add/ HTTP/1.1" 302 0
"GET /admin/articles/category/ HTTP/1.1" 200 33009
"GET /admin/jsi18n/ HTTP/1.1" 200 9327
"GET /admin/articles/tag/add/ HTTP/1.1" 200 30994
"GET /admin/jsi18n/ HTTP/1.1" 200 9327
"POST /admin/articles/tag/add/ HTTP/1.1" 302 0
"GET /admin/articles/tag/ HTTP/1.1" 200 34098
"GET /admin/jsi18n/ HTTP/1.1" 200 9327
"GET /admin/articles/tag/add/ HTTP/1.1" 200 30994
"GET /admin/jsi18n/ HTTP/1.1" 200 9327
"POST /admin/articles/tag/add/ HTTP/1.1" 302 0
"GET /admin/articles/tag/ HTTP/1.1" 200 34386
"GET /admin/jsi18n/ HTTP/1.1" 200 9327
"GET /admin/articles/tag/add/ HTTP/1.1" 200 30994
"GET /admin/jsi18n/ HTTP/1.1" 200 9327
"GET /admin/articles/category/add/ HTTP/1.1" 200 31653
"GET /admin/jsi18n/ HTTP/1.1" 200 9327
"POST /admin/articles/category/add/ HTTP/1.1" 302 0
"GET /admin/articles/category/ HTTP/1.1" 200 33320
"GET /admin/jsi18n/ HTTP/1.1" 200 9327
"GET /admin/articles/category/add/ HTTP/1.1" 200 31653
"GET /admin/jsi18n/ HTTP/1.1" 200 9327
"POST /admin/articles/category/add/ HTTP/1.1" 302 0
"GET /admin/articles/category/ HTTP/1.1" 200 33604
"GET /admin/jsi18n/ HTTP/1.1" 200 9327
"GET /admin/articles/tag/add/ HTTP/1.1" 200 30994
"GET /admin/jsi18n/ HTTP/1.1" 200 9327
"GET /admin/articles/category/ HTTP/1.1" 200 33414
"GET /admin/jsi18n/ HTTP/1.1" 200 9327
"GET /admin/articles/tag/ HTTP/1.1" 200 34200
"GET /admin/jsi18n/ HTTP/1.1" 200 9327
"GET / HTTP/1.1" 200 23590
"GET /01/ HTTP/1.1" 200 21574
"GET /edit/01/ HTTP/1.1" 200 23100
"POST /edit/01/ HTTP/1.1" 302 0
"GET /01/ HTTP/1.1" 200 21922
"GET /admin/articles/category/add/ HTTP/1.1" 200 31653
"GET /admin/jsi18n/ HTTP/1.1" 200 9327
"POST /admin/articles/category/add/ HTTP/1.1" 200 31965
"GET /admin/jsi18n/ HTTP/1.1" 200 9327
"POST /admin/articles/category/add/ HTTP/1.1" 302 0
"GET /admin/articles/category/ HTTP/1.1" 200 33911
"GET /admin/jsi18n/ HTTP/1.1" 200 9327
"GET /admin/articles/tag/add/ HTTP/1.1" 200 30994
"GET /admin/jsi18n/ HTTP/1.1" 200 9327
"POST /admin/articles/tag/add/ HTTP/1.1" 302 0
"GET /admin/articles/tag/ HTTP/1.1" 200 34691
"GET /admin/jsi18n/ HTTP/1.1" 200 9327
"GET /admin/articles/tag/add/ HTTP/1.1" 200 30994
"GET /admin/jsi18n/ HTTP/1.1" 200 9327
Watching for file changes with StatReloader
"GET / HTTP/1.1" 200 23976
"GET /static/css/themes/theme-default.css HTTP/1.1" 304 0
"GET /static/debug_toolbar/js/toolbar.js HTTP/1.1" 304 0
"GET /static/debug_toolbar/css/toolbar.css HTTP/1.1" 304 0
"GET /static/debug_toolbar/css/print.css HTTP/1.1" 304 0
"GET /static/debug_toolbar/js/utils.js HTTP/1.1" 304 0
"GET /media/article_images/IMG_20251120_135531_frEgvPo.jpg HTTP/1.1" 304 0
Not Found: /favicon.ico
"GET /favicon.ico HTTP/1.1" 404 19416
"GET /?q=bangdream HTTP/1.1" 200 22779
"GET /?category=bangdream HTTP/1.1" 200 23994
"GET /?category=other HTTP/1.1" 200 22777
"GET /?category=bangdream HTTP/1.1" 200 23994
"GET /01/ HTTP/1.1" 200 21665
"GET /static/js/comments.js HTTP/1.1" 304 0
Watching for file changes with StatReloader
"GET / HTTP/1.1" 200 23976
Not Found: /favicon.ico
"GET /favicon.ico HTTP/1.1" 404 19416
"GET /01/ HTTP/1.1" 200 22716
Watching for file changes with StatReloader
"GET / HTTP/1.1" 200 23975
Internal Server Error: /01/
Traceback (most recent call last):
  File "E:\myblog\.venv\Lib\site-packages\django\template\defaulttags.py", line 1035, in find_library
    return parser.libraries[name]
           ~~~~~~~~~~~~~~~~^^^^^^
KeyError: 'humanize'

During handling of the above exception, another exception occurred:

Traceback (most recent call last):
  File "E:\myblog\.venv\Lib\site-packages\django\core\handlers\exception.py", line 55, in inner
    response = get_response(request)
               ^^^^^^^^^^^^^^^^^^^^^
  File "E:\myblog\.venv\Lib\site-packages\django\core\handlers\base.py", line 197, in _get_response
    response = wrapped_callback(request, *callback_args, **callback_kwargs)
               ^^^^^^^^^^^^^^^^^^^^^^^^^^^^^^^^^^^^^^^^^^^^^^^^^^^^^^^^^^^^
  File "E:\myblog\articles\views.py", line 82, in article_detail
    return render(request, 'articles/article_detail.html', context)
           ^^^^^^^^^^^^^^^^^^^^^^^^^^^^^^^^^^^^^^^^^^^^^^^^^^^^^^^^
  File "E:\myblog\.venv\Lib\site-packages\django\shortcuts.py", line 25, in render
    content = loader.render_to_string(template_name, context, request, using=using)
              ^^^^^^^^^^^^^^^^^^^^^^^^^^^^^^^^^^^^^^^^^^^^^^^^^^^^^^^^^^^^^^^^^^^^^
  File "E:\myblog\.venv\Lib\site-packages\django\template\loader.py", line 62, in render_to_string
    return template.render(context, request)
           ^^^^^^^^^^^^^^^^^^^^^^^^^^^^^^^^^
  File "E:\myblog\.venv\Lib\site-packages\django\template\backends\django.py", line 107, in render
    return self.template.render(context)
           ^^^^^^^^^^^^^^^^^^^^^^^^^^^^^
  File "E:\myblog\.venv\Lib\site-packages\django\template\base.py", line 172, in render
    return self._render(context)
           ^^^^^^^^^^^^^^^^^^^^^
  File "E:\myblog\.venv\Lib\site-packages\django\test\utils.py", line 114, in instrumented_test_render
    return self.nodelist.render(context)
           ^^^^^^^^^^^^^^^^^^^^^^^^^^^^^
  File "E:\myblog\.venv\Lib\site-packages\django\template\base.py", line 1018, in render
    return SafeString("".join([node.render_annotated(context) for node in self]))
                              ^^^^^^^^^^^^^^^^^^^^^^^^^^^^^^^^^^^^^^^^^^^^^^^^^
  File "E:\myblog\.venv\Lib\site-packages\django\template\base.py", line 1018, in <listcomp>
    return SafeString("".join([node.render_annotated(context) for node in self]))
                               ^^^^^^^^^^^^^^^^^^^^^^^^^^^^^^
  File "E:\myblog\.venv\Lib\site-packages\django\template\base.py", line 979, in render_annotated
    return self.render(context)
           ^^^^^^^^^^^^^^^^^^^^
  File "E:\myblog\.venv\Lib\site-packages\django\template\loader_tags.py", line 159, in render
    return compiled_parent._render(context)
           ^^^^^^^^^^^^^^^^^^^^^^^^^^^^^^^^
  File "E:\myblog\.venv\Lib\site-packages\django\test\utils.py", line 114, in instrumented_test_render
    return self.nodelist.render(context)
           ^^^^^^^^^^^^^^^^^^^^^^^^^^^^^
  File "E:\myblog\.venv\Lib\site-packages\django\template\base.py", line 1018, in render
    return SafeString("".join([node.render_annotated(context) for node in self]))
                              ^^^^^^^^^^^^^^^^^^^^^^^^^^^^^^^^^^^^^^^^^^^^^^^^^
  File "E:\myblog\.venv\Lib\site-packages\django\template\base.py", line 1018, in <listcomp>
    return SafeString("".join([node.render_annotated(context) for node in self]))
                               ^^^^^^^^^^^^^^^^^^^^^^^^^^^^^^
  File "E:\myblog\.venv\Lib\site-packages\django\template\base.py", line 979, in render_annotated
    return self.render(context)
           ^^^^^^^^^^^^^^^^^^^^
  File "E:\myblog\.venv\Lib\site-packages\django\template\loader_tags.py", line 65, in render
    result = block.nodelist.render(context)
             ^^^^^^^^^^^^^^^^^^^^^^^^^^^^^^
  File "E:\myblog\.venv\Lib\site-packages\django\template\base.py", line 1018, in render
    return SafeString("".join([node.render_annotated(context) for node in self]))
                              ^^^^^^^^^^^^^^^^^^^^^^^^^^^^^^^^^^^^^^^^^^^^^^^^^
  File "E:\myblog\.venv\Lib\site-packages\django\template\base.py", line 1018, in <listcomp>
    return SafeString("".join([node.render_annotated(context) for node in self]))
                               ^^^^^^^^^^^^^^^^^^^^^^^^^^^^^^
  File "E:\myblog\.venv\Lib\site-packages\django\template\base.py", line 979, in render_annotated
    return self.render(context)
           ^^^^^^^^^^^^^^^^^^^^
  File "E:\myblog\.venv\Lib\site-packages\django\template\loader_tags.py", line 199, in render
    template = context.template.engine.select_template(template_name)
               ^^^^^^^^^^^^^^^^^^^^^^^^^^^^^^^^^^^^^^^^^^^^^^^^^^^^^^
  File "E:\myblog\.venv\Lib\site-packages\django\template\engine.py", line 208, in select_template
    return self.get_template(template_name)
           ^^^^^^^^^^^^^^^^^^^^^^^^^^^^^^^^
  File "E:\myblog\.venv\Lib\site-packages\django\template\engine.py", line 177, in get_template
    template, origin = self.find_template(template_name)
                       ^^^^^^^^^^^^^^^^^^^^^^^^^^^^^^^^^
  File "E:\myblog\.venv\Lib\site-packages\django\template\engine.py", line 159, in find_template
    template = loader.get_template(name, skip=skip)
               ^^^^^^^^^^^^^^^^^^^^^^^^^^^^^^^^^^^^
  File "E:\myblog\.venv\Lib\site-packages\django\template\loaders\cached.py", line 57, in get_template
    template = super().get_template(template_name, skip)
               ^^^^^^^^^^^^^^^^^^^^^^^^^^^^^^^^^^^^^^^^^
  File "E:\myblog\.venv\Lib\site-packages\django\template\loaders\base.py", line 28, in get_template
    return Template(
           ^^^^^^^^^
  File "E:\myblog\.venv\Lib\site-packages\django\template\base.py", line 155, in __init__
    self.nodelist = self.compile_nodelist()
                    ^^^^^^^^^^^^^^^^^^^^^^^
  File "E:\myblog\.venv\Lib\site-packages\django\template\base.py", line 197, in compile_nodelist
    nodelist = parser.parse()
               ^^^^^^^^^^^^^^
  File "E:\myblog\.venv\Lib\site-packages\django\template\base.py", line 519, in parse
    raise self.error(token, e)
  File "E:\myblog\.venv\Lib\site-packages\django\template\base.py", line 517, in parse
    compiled_result = compile_func(self, token)
                      ^^^^^^^^^^^^^^^^^^^^^^^^^
  File "E:\myblog\.venv\Lib\site-packages\django\template\defaulttags.py", line 1097, in load
    lib = find_library(parser, name)
          ^^^^^^^^^^^^^^^^^^^^^^^^^^
  File "E:\myblog\.venv\Lib\site-packages\django\template\defaulttags.py", line 1037, in find_library
    raise TemplateSyntaxError(
django.template.exceptions.TemplateSyntaxError: 'humanize' is not a registered tag library. Must be one of:
account
admin_list
admin_modify
admin_urls
allauth
cache
highlight
i18n
l10n
log
more_like_this
socialaccount
static
tz
"GET /01/ HTTP/1.1" 500 276389
E:\myblog\myblog\settings.py changed, reloading.
Watching for file changes with StatReloader
"GET / HTTP/1.1" 200 23976
"GET /01/ HTTP/1.1" 200 24738
"GET /static/js/comments.js HTTP/1.1" 304 0
"GET /qrcode/01/ HTTP/1.1" 200 22699
"GET /01/?sort=newest&page=1 HTTP/1.1" 200 24834
"GET /qrcode/01/ HTTP/1.1" 200 22699
"GET /01/?sort=popular&page=1 HTTP/1.1" 200 24838
"GET /qrcode/01/ HTTP/1.1" 200 22699
Watching for file changes with StatReloader
"GET / HTTP/1.1" 200 23976
"GET /01/ HTTP/1.1" 200 24429
"POST /comments/add/5/ HTTP/1.1" 200 309
"GET /static/images/default-avatar.png HTTP/1.1" 404 2002
"GET /__debug__/history_sidebar/?request_id=ca84bfa0146c424eac8f8f859a383255 HTTP/1.1" 200 10582
"POST /comments/add/5/ HTTP/1.1" 200 297
"GET /static/images/default-avatar.png HTTP/1.1" 404 2002
"GET /__debug__/history_sidebar/?request_id=5320201dae51423ab78d192bac42c459 HTTP/1.1" 200 10582
"GET /create/ HTTP/1.1" 200 23006
"GET /users/profile/ HTTP/1.1" 200 20055
"GET /static/images/default-avatar.png HTTP/1.1" 404 2002
"GET /users/profile/edit/ HTTP/1.1" 200 20580
"POST /users/profile/edit/ HTTP/1.1" 302 0
"GET /users/profile/ HTTP/1.1" 200 20318
"GET /static/images/default-avatar.png HTTP/1.1" 404 2002
"GET /admin/articles/tag/add/ HTTP/1.1" 200 30996
"GET /static/admin/css/base.css HTTP/1.1" 304 0
"GET /static/admin/css/dark_mode.css HTTP/1.1" 304 0
"GET /static/admin/js/theme.js HTTP/1.1" 304 0
"GET /static/admin/css/forms.css HTTP/1.1" 304 0
"GET /static/admin/css/responsive.css HTTP/1.1" 304 0
"GET /static/admin/css/nav_sidebar.css HTTP/1.1" 304 0
"GET /static/admin/js/urlify.js HTTP/1.1" 304 0
"GET /static/admin/js/actions.js HTTP/1.1" 304 0
"GET /static/admin/js/core.js HTTP/1.1" 304 0
"GET /static/admin/js/admin/RelatedObjectLookups.js HTTP/1.1" 304 0
"GET /static/admin/js/vendor/jquery/jquery.js HTTP/1.1" 304 0
"GET /static/admin/js/jquery.init.js HTTP/1.1" 304 0
"GET /static/admin/js/prepopulate.js HTTP/1.1" 304 0
"GET /static/admin/css/widgets.css HTTP/1.1" 304 0
"GET /static/admin/js/prepopulate_init.js HTTP/1.1" 304 0
"GET /static/admin/js/vendor/xregexp/xregexp.js HTTP/1.1" 304 0
"GET /static/admin/js/nav_sidebar.js HTTP/1.1" 304 0
"GET /static/admin/js/change_form.js HTTP/1.1" 304 0
"GET /admin/jsi18n/ HTTP/1.1" 200 9327
"GET /static/admin/img/icon-addlink.svg HTTP/1.1" 304 0
"GET /admin/core/blogsettings/ HTTP/1.1" 200 30818
"GET /static/admin/css/changelists.css HTTP/1.1" 304 0
"GET /static/admin/js/filters.js HTTP/1.1" 304 0
"GET /admin/jsi18n/ HTTP/1.1" 200 9327
"GET /admin/core/blogsettings/1/change/ HTTP/1.1" 200 32486
"GET /admin/jsi18n/ HTTP/1.1" 200 9327
"GET /users/profile/edit/ HTTP/1.1" 200 20580
"POST /users/profile/edit/ HTTP/1.1" 302 0
"GET /users/profile/ HTTP/1.1" 200 20323
"GET /media/avatars/IMG_20251120_135531_jfLrUvq.jpg HTTP/1.1" 200 653269
"GET / HTTP/1.1" 200 23975
"GET /users/profile/ HTTP/1.1" 200 20061
"GET /media/avatars/IMG_20251120_135531_jfLrUvq.jpg HTTP/1.1" 304 0
"GET / HTTP/1.1" 200 23975
"GET /01/ HTTP/1.1" 200 26960
"GET /media/avatars/IMG_20251120_135531_jfLrUvq.jpg HTTP/1.1" 304 0
"GET / HTTP/1.1" 200 23975
"GET /01/ HTTP/1.1" 200 26960
"GET /media/avatars/IMG_20251120_135531_jfLrUvq.jpg HTTP/1.1" 304 0
"GET /?category=bangdream HTTP/1.1" 200 23994
"POST /admin/core/blogsettings/1/change/ HTTP/1.1" 302 0
"GET /admin/core/blogsettings/ HTTP/1.1" 200 31022
"GET /admin/jsi18n/ HTTP/1.1" 200 9327
"GET /static/admin/img/icon-yes.svg HTTP/1.1" 304 0
"GET /admin/comments/comment/ HTTP/1.1" 200 34202
"GET /static/admin/img/search.svg HTTP/1.1" 304 0
"GET /admin/jsi18n/ HTTP/1.1" 200 9327
"GET /static/admin/img/tooltag-add.svg HTTP/1.1" 304 0
"GET /static/admin/img/icon-viewlink.svg HTTP/1.1" 304 0
"GET /static/admin/img/sorting-icons.svg HTTP/1.1" 304 0
"GET /admin/core/blogsettings/ HTTP/1.1" 200 30819
"GET /admin/jsi18n/ HTTP/1.1" 200 9327
"GET /admin/core/blogsettings/1/change/ HTTP/1.1" 200 32808
"GET /admin/jsi18n/ HTTP/1.1" 200 9327
"POST /admin/core/blogsettings/1/change/ HTTP/1.1" 302 0
"GET /admin/core/blogsettings/ HTTP/1.1" 200 31022
"GET /admin/jsi18n/ HTTP/1.1" 200 9327
"GET /?category=bangdream HTTP/1.1" 200 23992
"GET /static/css/themes/theme-light.css HTTP/1.1" 404 2005
"GET /users/profile/ HTTP/1.1" 200 20059
"GET /static/css/themes/theme-light.css HTTP/1.1" 404 2005
"GET /media/avatars/IMG_20251120_135531_jfLrUvq.jpg HTTP/1.1" 304 0
E:\myblog\articles\views.py changed, reloading.
Watching for file changes with StatReloader
"GET / HTTP/1.1" 200 24456
"GET /static/css/themes/theme-light.css HTTP/1.1" 404 2005
"GET /?sort=views HTTP/1.1" 200 24466
"GET /static/css/themes/theme-light.css HTTP/1.1" 404 2005
"GET /?sort=likes HTTP/1.1" 200 24466
"GET /static/css/themes/theme-light.css HTTP/1.1" 404 2005
"GET /?sort=created HTTP/1.1" 200 24468
"GET /static/css/themes/theme-light.css HTTP/1.1" 404 2005
E:\myblog\users\views.py changed, reloading.
Watching for file changes with StatReloader
E:\myblog\users\urls.py changed, reloading.
Watching for file changes with StatReloader
Watching for file changes with StatReloader
E:\myblog\users\models.py changed, reloading.
Watching for file changes with StatReloader
"GET / HTTP/1.1" 200 24456
"GET /static/css/themes/theme-light.css HTTP/1.1" 404 2005
"GET /media/article_images/IMG_20251120_135531_frEgvPo.jpg HTTP/1.1" 304 0
Not Found: /favicon.ico
"GET /favicon.ico HTTP/1.1" 404 19697
"GET /users/profile/ HTTP/1.1" 200 20935
"GET /static/css/themes/theme-light.css HTTP/1.1" 404 2005
"GET /media/avatars/IMG_20251120_135531_jfLrUvq.jpg HTTP/1.1" 304 0
"GET /admin/core/blogsettings/ HTTP/1.1" 200 30818
"GET /admin/jsi18n/ HTTP/1.1" 200 9327
"GET /admin/account/ HTTP/1.1" 200 19726
"GET /static/admin/css/dashboard.css HTTP/1.1" 304 0
"GET /static/admin/img/icon-changelink.svg HTTP/1.1" 304 0
"GET /admin/core/blogsettings/ HTTP/1.1" 200 30818
"GET /admin/auth/ HTTP/1.1" 200 19677
"GET /admin/core/blogsettings/ HTTP/1.1" 200 30818
"GET /admin/articles/ HTTP/1.1" 200 20898
"GET /admin/core/blogsettings/ HTTP/1.1" 200 30818
"GET /admin/comments/ HTTP/1.1" 200 19699
"GET /admin/core/blogsettings/ HTTP/1.1" 200 30817
"GET /admin/django_summernote/ HTTP/1.1" 200 19860
"GET /admin/django_summernote/attachment/ HTTP/1.1" 200 29803
"GET /admin/jsi18n/ HTTP/1.1" 200 9327
"GET /admin/socialaccount/ HTTP/1.1" 200 21163
"GET /admin/django_summernote/attachment/ HTTP/1.1" 200 29802
"GET / HTTP/1.1" 200 24455
"GET /static/css/themes/theme-light.css HTTP/1.1" 404 2005
"GET /users/profile/ HTTP/1.1" 200 20935
"GET /static/css/themes/theme-light.css HTTP/1.1" 404 2005
"GET / HTTP/1.1" 200 24455
"GET /static/css/themes/theme-light.css HTTP/1.1" 404 2005
Watching for file changes with StatReloader
Internal Server Error: /
Traceback (most recent call last):
  File "E:\myblog\.venv\Lib\site-packages\django\core\handlers\exception.py", line 55, in inner
    response = get_response(request)
               ^^^^^^^^^^^^^^^^^^^^^
  File "E:\myblog\.venv\Lib\site-packages\django\core\handlers\base.py", line 197, in _get_response
    response = wrapped_callback(request, *callback_args, **callback_kwargs)
               ^^^^^^^^^^^^^^^^^^^^^^^^^^^^^^^^^^^^^^^^^^^^^^^^^^^^^^^^^^^^
  File "E:\myblog\articles\views.py", line 70, in article_list
    return render(request, 'articles/article_list.html', context)
           ^^^^^^^^^^^^^^^^^^^^^^^^^^^^^^^^^^^^^^^^^^^^^^^^^^^^^^
  File "E:\myblog\.venv\Lib\site-packages\django\shortcuts.py", line 25, in render
    content = loader.render_to_string(template_name, context, request, using=using)
              ^^^^^^^^^^^^^^^^^^^^^^^^^^^^^^^^^^^^^^^^^^^^^^^^^^^^^^^^^^^^^^^^^^^^^
  File "E:\myblog\.venv\Lib\site-packages\django\template\loader.py", line 62, in render_to_string
    return template.render(context, request)
           ^^^^^^^^^^^^^^^^^^^^^^^^^^^^^^^^^
  File "E:\myblog\.venv\Lib\site-packages\django\template\backends\django.py", line 107, in render
    return self.template.render(context)
           ^^^^^^^^^^^^^^^^^^^^^^^^^^^^^
  File "E:\myblog\.venv\Lib\site-packages\django\template\base.py", line 172, in render
    return self._render(context)
           ^^^^^^^^^^^^^^^^^^^^^
  File "E:\myblog\.venv\Lib\site-packages\django\test\utils.py", line 114, in instrumented_test_render
    return self.nodelist.render(context)
           ^^^^^^^^^^^^^^^^^^^^^^^^^^^^^
  File "E:\myblog\.venv\Lib\site-packages\django\template\base.py", line 1018, in render
    return SafeString("".join([node.render_annotated(context) for node in self]))
                              ^^^^^^^^^^^^^^^^^^^^^^^^^^^^^^^^^^^^^^^^^^^^^^^^^
  File "E:\myblog\.venv\Lib\site-packages\django\template\base.py", line 1018, in <listcomp>
    return SafeString("".join([node.render_annotated(context) for node in self]))
                               ^^^^^^^^^^^^^^^^^^^^^^^^^^^^^^
  File "E:\myblog\.venv\Lib\site-packages\django\template\base.py", line 979, in render_annotated
    return self.render(context)
           ^^^^^^^^^^^^^^^^^^^^
  File "E:\myblog\.venv\Lib\site-packages\django\template\loader_tags.py", line 134, in render
    compiled_parent = self.get_parent(context)
                      ^^^^^^^^^^^^^^^^^^^^^^^^
  File "E:\myblog\.venv\Lib\site-packages\django\template\loader_tags.py", line 131, in get_parent
    return self.find_template(parent, context)
           ^^^^^^^^^^^^^^^^^^^^^^^^^^^^^^^^^^^
  File "E:\myblog\.venv\Lib\site-packages\django\template\loader_tags.py", line 109, in find_template
    template, origin = context.template.engine.find_template(
                       ^^^^^^^^^^^^^^^^^^^^^^^^^^^^^^^^^^^^^^
  File "E:\myblog\.venv\Lib\site-packages\django\template\engine.py", line 159, in find_template
    template = loader.get_template(name, skip=skip)
               ^^^^^^^^^^^^^^^^^^^^^^^^^^^^^^^^^^^^
  File "E:\myblog\.venv\Lib\site-packages\django\template\loaders\cached.py", line 57, in get_template
    template = super().get_template(template_name, skip)
               ^^^^^^^^^^^^^^^^^^^^^^^^^^^^^^^^^^^^^^^^^
  File "E:\myblog\.venv\Lib\site-packages\django\template\loaders\base.py", line 28, in get_template
    return Template(
           ^^^^^^^^^
  File "E:\myblog\.venv\Lib\site-packages\django\template\base.py", line 155, in __init__
    self.nodelist = self.compile_nodelist()
                    ^^^^^^^^^^^^^^^^^^^^^^^
  File "E:\myblog\.venv\Lib\site-packages\django\template\base.py", line 197, in compile_nodelist
    nodelist = parser.parse()
               ^^^^^^^^^^^^^^
  File "E:\myblog\.venv\Lib\site-packages\django\template\base.py", line 519, in parse
    raise self.error(token, e)
  File "E:\myblog\.venv\Lib\site-packages\django\template\base.py", line 517, in parse
    compiled_result = compile_func(self, token)
                      ^^^^^^^^^^^^^^^^^^^^^^^^^
  File "E:\myblog\.venv\Lib\site-packages\django\template\loader_tags.py", line 228, in do_block
    raise TemplateSyntaxError(
django.template.exceptions.TemplateSyntaxError: 'block' tag with name 'content' appears more than once
"GET / HTTP/1.1" 500 212101
E:\myblog\comments\forms.py changed, reloading.
Watching for file changes with StatReloader
"GET / HTTP/1.1" 200 23719
"GET /static/css/light.css HTTP/1.1" 404 1966
Internal Server Error: /users/profile/
Traceback (most recent call last):
  File "E:\myblog\.venv\Lib\site-packages\django\template\base.py", line 511, in parse
    compile_func = self.tags[command]
                   ~~~~~~~~~^^^^^^^^^
KeyError: 'static'

During handling of the above exception, another exception occurred:

Traceback (most recent call last):
  File "E:\myblog\.venv\Lib\site-packages\django\core\handlers\exception.py", line 55, in inner
    response = get_response(request)
               ^^^^^^^^^^^^^^^^^^^^^
  File "E:\myblog\.venv\Lib\site-packages\django\core\handlers\base.py", line 197, in _get_response
    response = wrapped_callback(request, *callback_args, **callback_kwargs)
               ^^^^^^^^^^^^^^^^^^^^^^^^^^^^^^^^^^^^^^^^^^^^^^^^^^^^^^^^^^^^
  File "E:\myblog\.venv\Lib\site-packages\django\contrib\auth\decorators.py", line 59, in _view_wrapper
    return view_func(request, *args, **kwargs)
           ^^^^^^^^^^^^^^^^^^^^^^^^^^^^^^^^^^^
  File "E:\myblog\users\views.py", line 54, in profile
    return render(request, 'users/profile.html', context)
           ^^^^^^^^^^^^^^^^^^^^^^^^^^^^^^^^^^^^^^^^^^^^^^
  File "E:\myblog\.venv\Lib\site-packages\django\shortcuts.py", line 25, in render
    content = loader.render_to_string(template_name, context, request, using=using)
              ^^^^^^^^^^^^^^^^^^^^^^^^^^^^^^^^^^^^^^^^^^^^^^^^^^^^^^^^^^^^^^^^^^^^^
  File "E:\myblog\.venv\Lib\site-packages\django\template\loader.py", line 61, in render_to_string
    template = get_template(template_name, using=using)
               ^^^^^^^^^^^^^^^^^^^^^^^^^^^^^^^^^^^^^^^^
  File "E:\myblog\.venv\Lib\site-packages\django\template\loader.py", line 15, in get_template
    return engine.get_template(template_name)
           ^^^^^^^^^^^^^^^^^^^^^^^^^^^^^^^^^^
  File "E:\myblog\.venv\Lib\site-packages\django\template\backends\django.py", line 79, in get_template
    return Template(self.engine.get_template(template_name), self)
                    ^^^^^^^^^^^^^^^^^^^^^^^^^^^^^^^^^^^^^^^
  File "E:\myblog\.venv\Lib\site-packages\django\template\engine.py", line 177, in get_template
    template, origin = self.find_template(template_name)
                       ^^^^^^^^^^^^^^^^^^^^^^^^^^^^^^^^^
  File "E:\myblog\.venv\Lib\site-packages\django\template\engine.py", line 159, in find_template
    template = loader.get_template(name, skip=skip)
               ^^^^^^^^^^^^^^^^^^^^^^^^^^^^^^^^^^^^
  File "E:\myblog\.venv\Lib\site-packages\django\template\loaders\cached.py", line 57, in get_template
    template = super().get_template(template_name, skip)
               ^^^^^^^^^^^^^^^^^^^^^^^^^^^^^^^^^^^^^^^^^
  File "E:\myblog\.venv\Lib\site-packages\django\template\loaders\base.py", line 28, in get_template
    return Template(
           ^^^^^^^^^
  File "E:\myblog\.venv\Lib\site-packages\django\template\base.py", line 155, in __init__
    self.nodelist = self.compile_nodelist()
                    ^^^^^^^^^^^^^^^^^^^^^^^
  File "E:\myblog\.venv\Lib\site-packages\django\template\base.py", line 197, in compile_nodelist
    nodelist = parser.parse()
               ^^^^^^^^^^^^^^
  File "E:\myblog\.venv\Lib\site-packages\django\template\base.py", line 519, in parse
    raise self.error(token, e)
  File "E:\myblog\.venv\Lib\site-packages\django\template\base.py", line 517, in parse
    compiled_result = compile_func(self, token)
                      ^^^^^^^^^^^^^^^^^^^^^^^^^
  File "E:\myblog\.venv\Lib\site-packages\django\template\loader_tags.py", line 299, in do_extends
    nodelist = parser.parse()
               ^^^^^^^^^^^^^^
  File "E:\myblog\.venv\Lib\site-packages\django\template\base.py", line 519, in parse
    raise self.error(token, e)
  File "E:\myblog\.venv\Lib\site-packages\django\template\base.py", line 517, in parse
    compiled_result = compile_func(self, token)
                      ^^^^^^^^^^^^^^^^^^^^^^^^^
  File "E:\myblog\.venv\Lib\site-packages\django\template\loader_tags.py", line 234, in do_block
    nodelist = parser.parse(("endblock",))
               ^^^^^^^^^^^^^^^^^^^^^^^^^^^
  File "E:\myblog\.venv\Lib\site-packages\django\template\base.py", line 519, in parse
    raise self.error(token, e)
  File "E:\myblog\.venv\Lib\site-packages\django\template\base.py", line 517, in parse
    compiled_result = compile_func(self, token)
                      ^^^^^^^^^^^^^^^^^^^^^^^^^
  File "E:\myblog\.venv\Lib\site-packages\django\template\defaulttags.py", line 976, in do_if
    nodelist = parser.parse(("endif",))
               ^^^^^^^^^^^^^^^^^^^^^^^^
  File "E:\myblog\.venv\Lib\site-packages\django\template\base.py", line 513, in parse
    self.invalid_block_tag(token, command, parse_until)
  File "E:\myblog\.venv\Lib\site-packages\django\template\base.py", line 568, in invalid_block_tag
    raise self.error(
django.template.exceptions.TemplateSyntaxError: Invalid block tag on line 14: 'static', expected 'endif'. Did you forget to register or load this tag?
"GET /users/profile/ HTTP/1.1" 500 267194
Internal Server Error: /users/profile/
Traceback (most recent call last):
  File "E:\myblog\.venv\Lib\site-packages\django\template\base.py", line 511, in parse
    compile_func = self.tags[command]
                   ~~~~~~~~~^^^^^^^^^
KeyError: 'static'

During handling of the above exception, another exception occurred:

Traceback (most recent call last):
  File "E:\myblog\.venv\Lib\site-packages\django\core\handlers\exception.py", line 55, in inner
    response = get_response(request)
               ^^^^^^^^^^^^^^^^^^^^^
  File "E:\myblog\.venv\Lib\site-packages\django\core\handlers\base.py", line 197, in _get_response
    response = wrapped_callback(request, *callback_args, **callback_kwargs)
               ^^^^^^^^^^^^^^^^^^^^^^^^^^^^^^^^^^^^^^^^^^^^^^^^^^^^^^^^^^^^
  File "E:\myblog\.venv\Lib\site-packages\django\contrib\auth\decorators.py", line 59, in _view_wrapper
    return view_func(request, *args, **kwargs)
           ^^^^^^^^^^^^^^^^^^^^^^^^^^^^^^^^^^^
  File "E:\myblog\users\views.py", line 54, in profile
    return render(request, 'users/profile.html', context)
           ^^^^^^^^^^^^^^^^^^^^^^^^^^^^^^^^^^^^^^^^^^^^^^
  File "E:\myblog\.venv\Lib\site-packages\django\shortcuts.py", line 25, in render
    content = loader.render_to_string(template_name, context, request, using=using)
              ^^^^^^^^^^^^^^^^^^^^^^^^^^^^^^^^^^^^^^^^^^^^^^^^^^^^^^^^^^^^^^^^^^^^^
  File "E:\myblog\.venv\Lib\site-packages\django\template\loader.py", line 61, in render_to_string
    template = get_template(template_name, using=using)
               ^^^^^^^^^^^^^^^^^^^^^^^^^^^^^^^^^^^^^^^^
  File "E:\myblog\.venv\Lib\site-packages\django\template\loader.py", line 15, in get_template
    return engine.get_template(template_name)
           ^^^^^^^^^^^^^^^^^^^^^^^^^^^^^^^^^^
  File "E:\myblog\.venv\Lib\site-packages\django\template\backends\django.py", line 79, in get_template
    return Template(self.engine.get_template(template_name), self)
                    ^^^^^^^^^^^^^^^^^^^^^^^^^^^^^^^^^^^^^^^
  File "E:\myblog\.venv\Lib\site-packages\django\template\engine.py", line 177, in get_template
    template, origin = self.find_template(template_name)
                       ^^^^^^^^^^^^^^^^^^^^^^^^^^^^^^^^^
  File "E:\myblog\.venv\Lib\site-packages\django\template\engine.py", line 159, in find_template
    template = loader.get_template(name, skip=skip)
               ^^^^^^^^^^^^^^^^^^^^^^^^^^^^^^^^^^^^
  File "E:\myblog\.venv\Lib\site-packages\django\template\loaders\cached.py", line 57, in get_template
    template = super().get_template(template_name, skip)
               ^^^^^^^^^^^^^^^^^^^^^^^^^^^^^^^^^^^^^^^^^
  File "E:\myblog\.venv\Lib\site-packages\django\template\loaders\base.py", line 28, in get_template
    return Template(
           ^^^^^^^^^
  File "E:\myblog\.venv\Lib\site-packages\django\template\base.py", line 155, in __init__
    self.nodelist = self.compile_nodelist()
                    ^^^^^^^^^^^^^^^^^^^^^^^
  File "E:\myblog\.venv\Lib\site-packages\django\template\base.py", line 197, in compile_nodelist
    nodelist = parser.parse()
               ^^^^^^^^^^^^^^
  File "E:\myblog\.venv\Lib\site-packages\django\template\base.py", line 519, in parse
    raise self.error(token, e)
  File "E:\myblog\.venv\Lib\site-packages\django\template\base.py", line 517, in parse
    compiled_result = compile_func(self, token)
                      ^^^^^^^^^^^^^^^^^^^^^^^^^
  File "E:\myblog\.venv\Lib\site-packages\django\template\loader_tags.py", line 299, in do_extends
    nodelist = parser.parse()
               ^^^^^^^^^^^^^^
  File "E:\myblog\.venv\Lib\site-packages\django\template\base.py", line 519, in parse
    raise self.error(token, e)
  File "E:\myblog\.venv\Lib\site-packages\django\template\base.py", line 517, in parse
    compiled_result = compile_func(self, token)
                      ^^^^^^^^^^^^^^^^^^^^^^^^^
  File "E:\myblog\.venv\Lib\site-packages\django\template\loader_tags.py", line 234, in do_block
    nodelist = parser.parse(("endblock",))
               ^^^^^^^^^^^^^^^^^^^^^^^^^^^
  File "E:\myblog\.venv\Lib\site-packages\django\template\base.py", line 519, in parse
    raise self.error(token, e)
  File "E:\myblog\.venv\Lib\site-packages\django\template\base.py", line 517, in parse
    compiled_result = compile_func(self, token)
                      ^^^^^^^^^^^^^^^^^^^^^^^^^
  File "E:\myblog\.venv\Lib\site-packages\django\template\defaulttags.py", line 976, in do_if
    nodelist = parser.parse(("endif",))
               ^^^^^^^^^^^^^^^^^^^^^^^^
  File "E:\myblog\.venv\Lib\site-packages\django\template\base.py", line 513, in parse
    self.invalid_block_tag(token, command, parse_until)
  File "E:\myblog\.venv\Lib\site-packages\django\template\base.py", line 568, in invalid_block_tag
    raise self.error(
django.template.exceptions.TemplateSyntaxError: Invalid block tag on line 12: 'static', expected 'endif'. Did you forget to register or load this tag?
"GET /users/profile/ HTTP/1.1" 500 272845
E:\myblog\users\urls.py changed, reloading.
Watching for file changes with StatReloader
"GET / HTTP/1.1" 200 25245
"GET /static/css/light.css HTTP/1.1" 404 1966
"GET /01/ HTTP/1.1" 200 27748
"GET /static/js/comments.js HTTP/1.1" 304 0
"GET /static/css/light.css HTTP/1.1" 404 1966
"GET /media/avatars/IMG_20251120_135531_jfLrUvq.jpg HTTP/1.1" 304 0
Internal Server Error: /users/profile/
Traceback (most recent call last):
  File "E:\myblog\.venv\Lib\site-packages\django\template\base.py", line 893, in _resolve_lookup
    current = current[bit]
              ~~~~~~~^^^^^
  File "E:\myblog\.venv\Lib\site-packages\django\utils\functional.py", line 253, in inner
    return func(_wrapped, *args)
           ^^^^^^^^^^^^^^^^^^^^^
TypeError: 'User' object is not subscriptable

During handling of the above exception, another exception occurred:

Traceback (most recent call last):
  File "E:\myblog\.venv\Lib\site-packages\django\db\models\fields\related_descriptors.py", line 516, in __get__
    rel_obj = self.related.get_cached_value(instance)
              ^^^^^^^^^^^^^^^^^^^^^^^^^^^^^^^^^^^^^^^
  File "E:\myblog\.venv\Lib\site-packages\django\db\models\fields\mixins.py", line 37, in get_cached_value
    return instance._state.fields_cache[self.cache_name]
           ~~~~~~~~~~~~~~~~~~~~~~~~~~~~^^^^^^^^^^^^^^^^^
KeyError: 'profile'

During handling of the above exception, another exception occurred:

Traceback (most recent call last):
  File "E:\myblog\.venv\Lib\site-packages\django\db\backends\utils.py", line 105, in _execute
    return self.cursor.execute(sql, params)
           ^^^^^^^^^^^^^^^^^^^^^^^^^^^^^^^^
  File "E:\myblog\.venv\Lib\site-packages\django\db\backends\mysql\base.py", line 76, in execute
    return self.cursor.execute(query, args)
           ^^^^^^^^^^^^^^^^^^^^^^^^^^^^^^^^
  File "E:\myblog\.venv\Lib\site-packages\MySQLdb\cursors.py", line 179, in execute
    res = self._query(mogrified_query)
          ^^^^^^^^^^^^^^^^^^^^^^^^^^^^
  File "E:\myblog\.venv\Lib\site-packages\MySQLdb\cursors.py", line 330, in _query
    db.query(q)
  File "E:\myblog\.venv\Lib\site-packages\MySQLdb\connections.py", line 280, in query
    _mysql.connection.query(self, query)
MySQLdb.ProgrammingError: (1146, "Table 'myblog.users_userprofile' doesn't exist")

The above exception was the direct cause of the following exception:

Traceback (most recent call last):
  File "E:\myblog\.venv\Lib\site-packages\django\core\handlers\exception.py", line 55, in inner
    response = get_response(request)
               ^^^^^^^^^^^^^^^^^^^^^
  File "E:\myblog\.venv\Lib\site-packages\django\core\handlers\base.py", line 197, in _get_response
    response = wrapped_callback(request, *callback_args, **callback_kwargs)
               ^^^^^^^^^^^^^^^^^^^^^^^^^^^^^^^^^^^^^^^^^^^^^^^^^^^^^^^^^^^^
  File "E:\myblog\.venv\Lib\site-packages\django\contrib\auth\decorators.py", line 59, in _view_wrapper
    return view_func(request, *args, **kwargs)
           ^^^^^^^^^^^^^^^^^^^^^^^^^^^^^^^^^^^
  File "E:\myblog\users\views.py", line 54, in profile
    return render(request, 'users/profile.html', context)
           ^^^^^^^^^^^^^^^^^^^^^^^^^^^^^^^^^^^^^^^^^^^^^^
  File "E:\myblog\.venv\Lib\site-packages\django\shortcuts.py", line 25, in render
    content = loader.render_to_string(template_name, context, request, using=using)
              ^^^^^^^^^^^^^^^^^^^^^^^^^^^^^^^^^^^^^^^^^^^^^^^^^^^^^^^^^^^^^^^^^^^^^
  File "E:\myblog\.venv\Lib\site-packages\django\template\loader.py", line 62, in render_to_string
    return template.render(context, request)
           ^^^^^^^^^^^^^^^^^^^^^^^^^^^^^^^^^
  File "E:\myblog\.venv\Lib\site-packages\django\template\backends\django.py", line 107, in render
    return self.template.render(context)
           ^^^^^^^^^^^^^^^^^^^^^^^^^^^^^
  File "E:\myblog\.venv\Lib\site-packages\django\template\base.py", line 172, in render
    return self._render(context)
           ^^^^^^^^^^^^^^^^^^^^^
  File "E:\myblog\.venv\Lib\site-packages\django\test\utils.py", line 114, in instrumented_test_render
    return self.nodelist.render(context)
           ^^^^^^^^^^^^^^^^^^^^^^^^^^^^^
  File "E:\myblog\.venv\Lib\site-packages\django\template\base.py", line 1018, in render
    return SafeString("".join([node.render_annotated(context) for node in self]))
                              ^^^^^^^^^^^^^^^^^^^^^^^^^^^^^^^^^^^^^^^^^^^^^^^^^
  File "E:\myblog\.venv\Lib\site-packages\django\template\base.py", line 1018, in <listcomp>
    return SafeString("".join([node.render_annotated(context) for node in self]))
                               ^^^^^^^^^^^^^^^^^^^^^^^^^^^^^^
  File "E:\myblog\.venv\Lib\site-packages\django\template\base.py", line 979, in render_annotated
    return self.render(context)
           ^^^^^^^^^^^^^^^^^^^^
  File "E:\myblog\.venv\Lib\site-packages\django\template\loader_tags.py", line 159, in render
    return compiled_parent._render(context)
           ^^^^^^^^^^^^^^^^^^^^^^^^^^^^^^^^
  File "E:\myblog\.venv\Lib\site-packages\django\test\utils.py", line 114, in instrumented_test_render
    return self.nodelist.render(context)
           ^^^^^^^^^^^^^^^^^^^^^^^^^^^^^
  File "E:\myblog\.venv\Lib\site-packages\django\template\base.py", line 1018, in render
    return SafeString("".join([node.render_annotated(context) for node in self]))
                              ^^^^^^^^^^^^^^^^^^^^^^^^^^^^^^^^^^^^^^^^^^^^^^^^^
  File "E:\myblog\.venv\Lib\site-packages\django\template\base.py", line 1018, in <listcomp>
    return SafeString("".join([node.render_annotated(context) for node in self]))
                               ^^^^^^^^^^^^^^^^^^^^^^^^^^^^^^
  File "E:\myblog\.venv\Lib\site-packages\django\template\base.py", line 979, in render_annotated
    return self.render(context)
           ^^^^^^^^^^^^^^^^^^^^
  File "E:\myblog\.venv\Lib\site-packages\django\template\loader_tags.py", line 65, in render
    result = block.nodelist.render(context)
             ^^^^^^^^^^^^^^^^^^^^^^^^^^^^^^
  File "E:\myblog\.venv\Lib\site-packages\django\template\base.py", line 1018, in render
    return SafeString("".join([node.render_annotated(context) for node in self]))
                              ^^^^^^^^^^^^^^^^^^^^^^^^^^^^^^^^^^^^^^^^^^^^^^^^^
  File "E:\myblog\.venv\Lib\site-packages\django\template\base.py", line 1018, in <listcomp>
    return SafeString("".join([node.render_annotated(context) for node in self]))
                               ^^^^^^^^^^^^^^^^^^^^^^^^^^^^^^
  File "E:\myblog\.venv\Lib\site-packages\django\template\base.py", line 979, in render_annotated
    return self.render(context)
           ^^^^^^^^^^^^^^^^^^^^
  File "E:\myblog\.venv\Lib\site-packages\django\template\base.py", line 1077, in render
    output = self.filter_expression.resolve(context)
             ^^^^^^^^^^^^^^^^^^^^^^^^^^^^^^^^^^^^^^^
  File "E:\myblog\.venv\Lib\site-packages\django\template\base.py", line 723, in resolve
    obj = self.var.resolve(context)
          ^^^^^^^^^^^^^^^^^^^^^^^^^
  File "E:\myblog\.venv\Lib\site-packages\django\template\base.py", line 856, in resolve
    value = self._resolve_lookup(context)
            ^^^^^^^^^^^^^^^^^^^^^^^^^^^^^
  File "E:\myblog\.venv\Lib\site-packages\django\template\base.py", line 927, in _resolve_lookup
    current = current()
              ^^^^^^^^^
  File "E:\myblog\.venv\Lib\site-packages\django\template\loader_tags.py", line 81, in super
    return mark_safe(self.render(self.context))
                     ^^^^^^^^^^^^^^^^^^^^^^^^^
  File "E:\myblog\.venv\Lib\site-packages\django\template\loader_tags.py", line 65, in render
    result = block.nodelist.render(context)
             ^^^^^^^^^^^^^^^^^^^^^^^^^^^^^^
  File "E:\myblog\.venv\Lib\site-packages\django\template\base.py", line 1018, in render
    return SafeString("".join([node.render_annotated(context) for node in self]))
                              ^^^^^^^^^^^^^^^^^^^^^^^^^^^^^^^^^^^^^^^^^^^^^^^^^
  File "E:\myblog\.venv\Lib\site-packages\django\template\base.py", line 1018, in <listcomp>
    return SafeString("".join([node.render_annotated(context) for node in self]))
                               ^^^^^^^^^^^^^^^^^^^^^^^^^^^^^^
  File "E:\myblog\.venv\Lib\site-packages\django\template\base.py", line 979, in render_annotated
    return self.render(context)
           ^^^^^^^^^^^^^^^^^^^^
  File "E:\myblog\.venv\Lib\site-packages\django\template\base.py", line 1077, in render
    output = self.filter_expression.resolve(context)
             ^^^^^^^^^^^^^^^^^^^^^^^^^^^^^^^^^^^^^^^
  File "E:\myblog\.venv\Lib\site-packages\django\template\base.py", line 723, in resolve
    obj = self.var.resolve(context)
          ^^^^^^^^^^^^^^^^^^^^^^^^^
  File "E:\myblog\.venv\Lib\site-packages\django\template\base.py", line 856, in resolve
    value = self._resolve_lookup(context)
            ^^^^^^^^^^^^^^^^^^^^^^^^^^^^^
  File "E:\myblog\.venv\Lib\site-packages\django\template\base.py", line 903, in _resolve_lookup
    current = getattr(current, bit)
              ^^^^^^^^^^^^^^^^^^^^^
  File "E:\myblog\.venv\Lib\site-packages\django\utils\functional.py", line 253, in inner
    return func(_wrapped, *args)
           ^^^^^^^^^^^^^^^^^^^^^
  File "E:\myblog\.venv\Lib\site-packages\django\db\models\fields\related_descriptors.py", line 523, in __get__
    rel_obj = self.get_queryset(instance=instance).get(**filter_args)
              ^^^^^^^^^^^^^^^^^^^^^^^^^^^^^^^^^^^^^^^^^^^^^^^^^^^^^^^
  File "E:\myblog\.venv\Lib\site-packages\django\db\models\query.py", line 631, in get
    num = len(clone)
          ^^^^^^^^^^
  File "E:\myblog\.venv\Lib\site-packages\django\db\models\query.py", line 368, in __len__
    self._fetch_all()
  File "E:\myblog\.venv\Lib\site-packages\django\db\models\query.py", line 1954, in _fetch_all
    self._result_cache = list(self._iterable_class(self))
                         ^^^^^^^^^^^^^^^^^^^^^^^^^^^^^^^^
  File "E:\myblog\.venv\Lib\site-packages\django\db\models\query.py", line 93, in __iter__
    results = compiler.execute_sql(
              ^^^^^^^^^^^^^^^^^^^^^
  File "E:\myblog\.venv\Lib\site-packages\django\db\models\sql\compiler.py", line 1623, in execute_sql
    cursor.execute(sql, params)
  File "E:\myblog\.venv\Lib\site-packages\debug_toolbar\panels\sql\tracking.py", line 231, in execute
    return self._record(super().execute, sql, params)
           ^^^^^^^^^^^^^^^^^^^^^^^^^^^^^^^^^^^^^^^^^^
  File "E:\myblog\.venv\Lib\site-packages\debug_toolbar\panels\sql\tracking.py", line 157, in _record
    return method(sql, params)
           ^^^^^^^^^^^^^^^^^^^
  File "E:\myblog\.venv\Lib\site-packages\django\db\backends\utils.py", line 122, in execute
    return super().execute(sql, params)
           ^^^^^^^^^^^^^^^^^^^^^^^^^^^^
  File "E:\myblog\.venv\Lib\site-packages\django\db\backends\utils.py", line 79, in execute
    return self._execute_with_wrappers(
           ^^^^^^^^^^^^^^^^^^^^^^^^^^^^
  File "E:\myblog\.venv\Lib\site-packages\django\db\backends\utils.py", line 92, in _execute_with_wrappers
    return executor(sql, params, many, context)
           ^^^^^^^^^^^^^^^^^^^^^^^^^^^^^^^^^^^^
  File "E:\myblog\.venv\Lib\site-packages\django\db\backends\utils.py", line 100, in _execute
    with self.db.wrap_database_errors:
  File "E:\myblog\.venv\Lib\site-packages\django\db\utils.py", line 91, in __exit__
    raise dj_exc_value.with_traceback(traceback) from exc_value
  File "E:\myblog\.venv\Lib\site-packages\django\db\backends\utils.py", line 105, in _execute
    return self.cursor.execute(sql, params)
           ^^^^^^^^^^^^^^^^^^^^^^^^^^^^^^^^
  File "E:\myblog\.venv\Lib\site-packages\django\db\backends\mysql\base.py", line 76, in execute
    return self.cursor.execute(query, args)
           ^^^^^^^^^^^^^^^^^^^^^^^^^^^^^^^^
  File "E:\myblog\.venv\Lib\site-packages\MySQLdb\cursors.py", line 179, in execute
    res = self._query(mogrified_query)
          ^^^^^^^^^^^^^^^^^^^^^^^^^^^^
  File "E:\myblog\.venv\Lib\site-packages\MySQLdb\cursors.py", line 330, in _query
    db.query(q)
  File "E:\myblog\.venv\Lib\site-packages\MySQLdb\connections.py", line 280, in query
    _mysql.connection.query(self, query)
django.db.utils.ProgrammingError: (1146, "Table 'myblog.users_userprofile' doesn't exist")
"GET /users/profile/ HTTP/1.1" 500 383631
E:\myblog\articles\views.py changed, reloading.
Watching for file changes with StatReloader
Watching for file changes with StatReloader
"GET / HTTP/1.1" 200 25245
"GET /static/css/light.css HTTP/1.1" 404 1966
Internal Server Error: /users/profile/
Traceback (most recent call last):
  File "E:\myblog\.venv\Lib\site-packages\django\template\base.py", line 893, in _resolve_lookup
    current = current[bit]
              ~~~~~~~^^^^^
  File "E:\myblog\.venv\Lib\site-packages\django\utils\functional.py", line 253, in inner
    return func(_wrapped, *args)
           ^^^^^^^^^^^^^^^^^^^^^
TypeError: 'User' object is not subscriptable

During handling of the above exception, another exception occurred:

Traceback (most recent call last):
  File "E:\myblog\.venv\Lib\site-packages\django\db\models\fields\related_descriptors.py", line 516, in __get__
    rel_obj = self.related.get_cached_value(instance)
              ^^^^^^^^^^^^^^^^^^^^^^^^^^^^^^^^^^^^^^^
  File "E:\myblog\.venv\Lib\site-packages\django\db\models\fields\mixins.py", line 37, in get_cached_value
    return instance._state.fields_cache[self.cache_name]
           ~~~~~~~~~~~~~~~~~~~~~~~~~~~~^^^^^^^^^^^^^^^^^
KeyError: 'profile'

During handling of the above exception, another exception occurred:

Traceback (most recent call last):
  File "E:\myblog\.venv\Lib\site-packages\django\db\backends\utils.py", line 105, in _execute
    return self.cursor.execute(sql, params)
           ^^^^^^^^^^^^^^^^^^^^^^^^^^^^^^^^
  File "E:\myblog\.venv\Lib\site-packages\django\db\backends\mysql\base.py", line 76, in execute
    return self.cursor.execute(query, args)
           ^^^^^^^^^^^^^^^^^^^^^^^^^^^^^^^^
  File "E:\myblog\.venv\Lib\site-packages\MySQLdb\cursors.py", line 179, in execute
    res = self._query(mogrified_query)
          ^^^^^^^^^^^^^^^^^^^^^^^^^^^^
  File "E:\myblog\.venv\Lib\site-packages\MySQLdb\cursors.py", line 330, in _query
    db.query(q)
  File "E:\myblog\.venv\Lib\site-packages\MySQLdb\connections.py", line 280, in query
    _mysql.connection.query(self, query)
MySQLdb.ProgrammingError: (1146, "Table 'myblog.users_userprofile' doesn't exist")

The above exception was the direct cause of the following exception:

Traceback (most recent call last):
  File "E:\myblog\.venv\Lib\site-packages\django\core\handlers\exception.py", line 55, in inner
    response = get_response(request)
               ^^^^^^^^^^^^^^^^^^^^^
  File "E:\myblog\.venv\Lib\site-packages\django\core\handlers\base.py", line 197, in _get_response
    response = wrapped_callback(request, *callback_args, **callback_kwargs)
               ^^^^^^^^^^^^^^^^^^^^^^^^^^^^^^^^^^^^^^^^^^^^^^^^^^^^^^^^^^^^
  File "E:\myblog\.venv\Lib\site-packages\django\contrib\auth\decorators.py", line 59, in _view_wrapper
    return view_func(request, *args, **kwargs)
           ^^^^^^^^^^^^^^^^^^^^^^^^^^^^^^^^^^^
  File "E:\myblog\users\views.py", line 54, in profile
    return render(request, 'users/profile.html', context)
           ^^^^^^^^^^^^^^^^^^^^^^^^^^^^^^^^^^^^^^^^^^^^^^
  File "E:\myblog\.venv\Lib\site-packages\django\shortcuts.py", line 25, in render
    content = loader.render_to_string(template_name, context, request, using=using)
              ^^^^^^^^^^^^^^^^^^^^^^^^^^^^^^^^^^^^^^^^^^^^^^^^^^^^^^^^^^^^^^^^^^^^^
  File "E:\myblog\.venv\Lib\site-packages\django\template\loader.py", line 62, in render_to_string
    return template.render(context, request)
           ^^^^^^^^^^^^^^^^^^^^^^^^^^^^^^^^^
  File "E:\myblog\.venv\Lib\site-packages\django\template\backends\django.py", line 107, in render
    return self.template.render(context)
           ^^^^^^^^^^^^^^^^^^^^^^^^^^^^^
  File "E:\myblog\.venv\Lib\site-packages\django\template\base.py", line 172, in render
    return self._render(context)
           ^^^^^^^^^^^^^^^^^^^^^
  File "E:\myblog\.venv\Lib\site-packages\django\test\utils.py", line 114, in instrumented_test_render
    return self.nodelist.render(context)
           ^^^^^^^^^^^^^^^^^^^^^^^^^^^^^
  File "E:\myblog\.venv\Lib\site-packages\django\template\base.py", line 1018, in render
    return SafeString("".join([node.render_annotated(context) for node in self]))
                              ^^^^^^^^^^^^^^^^^^^^^^^^^^^^^^^^^^^^^^^^^^^^^^^^^
  File "E:\myblog\.venv\Lib\site-packages\django\template\base.py", line 1018, in <listcomp>
    return SafeString("".join([node.render_annotated(context) for node in self]))
                               ^^^^^^^^^^^^^^^^^^^^^^^^^^^^^^
  File "E:\myblog\.venv\Lib\site-packages\django\template\base.py", line 979, in render_annotated
    return self.render(context)
           ^^^^^^^^^^^^^^^^^^^^
  File "E:\myblog\.venv\Lib\site-packages\django\template\loader_tags.py", line 159, in render
    return compiled_parent._render(context)
           ^^^^^^^^^^^^^^^^^^^^^^^^^^^^^^^^
  File "E:\myblog\.venv\Lib\site-packages\django\test\utils.py", line 114, in instrumented_test_render
    return self.nodelist.render(context)
           ^^^^^^^^^^^^^^^^^^^^^^^^^^^^^
  File "E:\myblog\.venv\Lib\site-packages\django\template\base.py", line 1018, in render
    return SafeString("".join([node.render_annotated(context) for node in self]))
                              ^^^^^^^^^^^^^^^^^^^^^^^^^^^^^^^^^^^^^^^^^^^^^^^^^
  File "E:\myblog\.venv\Lib\site-packages\django\template\base.py", line 1018, in <listcomp>
    return SafeString("".join([node.render_annotated(context) for node in self]))
                               ^^^^^^^^^^^^^^^^^^^^^^^^^^^^^^
  File "E:\myblog\.venv\Lib\site-packages\django\template\base.py", line 979, in render_annotated
    return self.render(context)
           ^^^^^^^^^^^^^^^^^^^^
  File "E:\myblog\.venv\Lib\site-packages\django\template\loader_tags.py", line 65, in render
    result = block.nodelist.render(context)
             ^^^^^^^^^^^^^^^^^^^^^^^^^^^^^^
  File "E:\myblog\.venv\Lib\site-packages\django\template\base.py", line 1018, in render
    return SafeString("".join([node.render_annotated(context) for node in self]))
                              ^^^^^^^^^^^^^^^^^^^^^^^^^^^^^^^^^^^^^^^^^^^^^^^^^
  File "E:\myblog\.venv\Lib\site-packages\django\template\base.py", line 1018, in <listcomp>
    return SafeString("".join([node.render_annotated(context) for node in self]))
                               ^^^^^^^^^^^^^^^^^^^^^^^^^^^^^^
  File "E:\myblog\.venv\Lib\site-packages\django\template\base.py", line 979, in render_annotated
    return self.render(context)
           ^^^^^^^^^^^^^^^^^^^^
  File "E:\myblog\.venv\Lib\site-packages\django\template\base.py", line 1077, in render
    output = self.filter_expression.resolve(context)
             ^^^^^^^^^^^^^^^^^^^^^^^^^^^^^^^^^^^^^^^
  File "E:\myblog\.venv\Lib\site-packages\django\template\base.py", line 723, in resolve
    obj = self.var.resolve(context)
          ^^^^^^^^^^^^^^^^^^^^^^^^^
  File "E:\myblog\.venv\Lib\site-packages\django\template\base.py", line 856, in resolve
    value = self._resolve_lookup(context)
            ^^^^^^^^^^^^^^^^^^^^^^^^^^^^^
  File "E:\myblog\.venv\Lib\site-packages\django\template\base.py", line 927, in _resolve_lookup
    current = current()
              ^^^^^^^^^
  File "E:\myblog\.venv\Lib\site-packages\django\template\loader_tags.py", line 81, in super
    return mark_safe(self.render(self.context))
                     ^^^^^^^^^^^^^^^^^^^^^^^^^
  File "E:\myblog\.venv\Lib\site-packages\django\template\loader_tags.py", line 65, in render
    result = block.nodelist.render(context)
             ^^^^^^^^^^^^^^^^^^^^^^^^^^^^^^
  File "E:\myblog\.venv\Lib\site-packages\django\template\base.py", line 1018, in render
    return SafeString("".join([node.render_annotated(context) for node in self]))
                              ^^^^^^^^^^^^^^^^^^^^^^^^^^^^^^^^^^^^^^^^^^^^^^^^^
  File "E:\myblog\.venv\Lib\site-packages\django\template\base.py", line 1018, in <listcomp>
    return SafeString("".join([node.render_annotated(context) for node in self]))
                               ^^^^^^^^^^^^^^^^^^^^^^^^^^^^^^
  File "E:\myblog\.venv\Lib\site-packages\django\template\base.py", line 979, in render_annotated
    return self.render(context)
           ^^^^^^^^^^^^^^^^^^^^
  File "E:\myblog\.venv\Lib\site-packages\django\template\base.py", line 1077, in render
    output = self.filter_expression.resolve(context)
             ^^^^^^^^^^^^^^^^^^^^^^^^^^^^^^^^^^^^^^^
  File "E:\myblog\.venv\Lib\site-packages\django\template\base.py", line 723, in resolve
    obj = self.var.resolve(context)
          ^^^^^^^^^^^^^^^^^^^^^^^^^
  File "E:\myblog\.venv\Lib\site-packages\django\template\base.py", line 856, in resolve
    value = self._resolve_lookup(context)
            ^^^^^^^^^^^^^^^^^^^^^^^^^^^^^
  File "E:\myblog\.venv\Lib\site-packages\django\template\base.py", line 903, in _resolve_lookup
    current = getattr(current, bit)
              ^^^^^^^^^^^^^^^^^^^^^
  File "E:\myblog\.venv\Lib\site-packages\django\utils\functional.py", line 253, in inner
    return func(_wrapped, *args)
           ^^^^^^^^^^^^^^^^^^^^^
  File "E:\myblog\.venv\Lib\site-packages\django\db\models\fields\related_descriptors.py", line 523, in __get__
    rel_obj = self.get_queryset(instance=instance).get(**filter_args)
              ^^^^^^^^^^^^^^^^^^^^^^^^^^^^^^^^^^^^^^^^^^^^^^^^^^^^^^^
  File "E:\myblog\.venv\Lib\site-packages\django\db\models\query.py", line 631, in get
    num = len(clone)
          ^^^^^^^^^^
  File "E:\myblog\.venv\Lib\site-packages\django\db\models\query.py", line 368, in __len__
    self._fetch_all()
  File "E:\myblog\.venv\Lib\site-packages\django\db\models\query.py", line 1954, in _fetch_all
    self._result_cache = list(self._iterable_class(self))
                         ^^^^^^^^^^^^^^^^^^^^^^^^^^^^^^^^
  File "E:\myblog\.venv\Lib\site-packages\django\db\models\query.py", line 93, in __iter__
    results = compiler.execute_sql(
              ^^^^^^^^^^^^^^^^^^^^^
  File "E:\myblog\.venv\Lib\site-packages\django\db\models\sql\compiler.py", line 1623, in execute_sql
    cursor.execute(sql, params)
  File "E:\myblog\.venv\Lib\site-packages\debug_toolbar\panels\sql\tracking.py", line 231, in execute
    return self._record(super().execute, sql, params)
           ^^^^^^^^^^^^^^^^^^^^^^^^^^^^^^^^^^^^^^^^^^
  File "E:\myblog\.venv\Lib\site-packages\debug_toolbar\panels\sql\tracking.py", line 157, in _record
    return method(sql, params)
           ^^^^^^^^^^^^^^^^^^^
  File "E:\myblog\.venv\Lib\site-packages\django\db\backends\utils.py", line 122, in execute
    return super().execute(sql, params)
           ^^^^^^^^^^^^^^^^^^^^^^^^^^^^
  File "E:\myblog\.venv\Lib\site-packages\django\db\backends\utils.py", line 79, in execute
    return self._execute_with_wrappers(
           ^^^^^^^^^^^^^^^^^^^^^^^^^^^^
  File "E:\myblog\.venv\Lib\site-packages\django\db\backends\utils.py", line 92, in _execute_with_wrappers
    return executor(sql, params, many, context)
           ^^^^^^^^^^^^^^^^^^^^^^^^^^^^^^^^^^^^
  File "E:\myblog\.venv\Lib\site-packages\django\db\backends\utils.py", line 100, in _execute
    with self.db.wrap_database_errors:
  File "E:\myblog\.venv\Lib\site-packages\django\db\utils.py", line 91, in __exit__
    raise dj_exc_value.with_traceback(traceback) from exc_value
  File "E:\myblog\.venv\Lib\site-packages\django\db\backends\utils.py", line 105, in _execute
    return self.cursor.execute(sql, params)
           ^^^^^^^^^^^^^^^^^^^^^^^^^^^^^^^^
  File "E:\myblog\.venv\Lib\site-packages\django\db\backends\mysql\base.py", line 76, in execute
    return self.cursor.execute(query, args)
           ^^^^^^^^^^^^^^^^^^^^^^^^^^^^^^^^
  File "E:\myblog\.venv\Lib\site-packages\MySQLdb\cursors.py", line 179, in execute
    res = self._query(mogrified_query)
          ^^^^^^^^^^^^^^^^^^^^^^^^^^^^
  File "E:\myblog\.venv\Lib\site-packages\MySQLdb\cursors.py", line 330, in _query
    db.query(q)
  File "E:\myblog\.venv\Lib\site-packages\MySQLdb\connections.py", line 280, in query
    _mysql.connection.query(self, query)
django.db.utils.ProgrammingError: (1146, "Table 'myblog.users_userprofile' doesn't exist")
"GET /users/profile/ HTTP/1.1" 500 383627
Watching for file changes with StatReloader
"GET / HTTP/1.1" 200 25245
"GET /static/css/light.css HTTP/1.1" 404 1966
Internal Server Error: /users/profile/
Traceback (most recent call last):
  File "E:\myblog\.venv\Lib\site-packages\django\template\base.py", line 893, in _resolve_lookup
    current = current[bit]
              ~~~~~~~^^^^^
  File "E:\myblog\.venv\Lib\site-packages\django\utils\functional.py", line 253, in inner
    return func(_wrapped, *args)
           ^^^^^^^^^^^^^^^^^^^^^
TypeError: 'User' object is not subscriptable

During handling of the above exception, another exception occurred:

Traceback (most recent call last):
  File "E:\myblog\.venv\Lib\site-packages\django\db\models\fields\related_descriptors.py", line 516, in __get__
    rel_obj = self.related.get_cached_value(instance)
              ^^^^^^^^^^^^^^^^^^^^^^^^^^^^^^^^^^^^^^^
  File "E:\myblog\.venv\Lib\site-packages\django\db\models\fields\mixins.py", line 37, in get_cached_value
    return instance._state.fields_cache[self.cache_name]
           ~~~~~~~~~~~~~~~~~~~~~~~~~~~~^^^^^^^^^^^^^^^^^
KeyError: 'profile'

During handling of the above exception, another exception occurred:

Traceback (most recent call last):
  File "E:\myblog\.venv\Lib\site-packages\django\db\backends\utils.py", line 105, in _execute
    return self.cursor.execute(sql, params)
           ^^^^^^^^^^^^^^^^^^^^^^^^^^^^^^^^
  File "E:\myblog\.venv\Lib\site-packages\django\db\backends\mysql\base.py", line 76, in execute
    return self.cursor.execute(query, args)
           ^^^^^^^^^^^^^^^^^^^^^^^^^^^^^^^^
  File "E:\myblog\.venv\Lib\site-packages\MySQLdb\cursors.py", line 179, in execute
    res = self._query(mogrified_query)
          ^^^^^^^^^^^^^^^^^^^^^^^^^^^^
  File "E:\myblog\.venv\Lib\site-packages\MySQLdb\cursors.py", line 330, in _query
    db.query(q)
  File "E:\myblog\.venv\Lib\site-packages\MySQLdb\connections.py", line 280, in query
    _mysql.connection.query(self, query)
MySQLdb.ProgrammingError: (1146, "Table 'myblog.users_userprofile' doesn't exist")

The above exception was the direct cause of the following exception:

Traceback (most recent call last):
  File "E:\myblog\.venv\Lib\site-packages\django\core\handlers\exception.py", line 55, in inner
    response = get_response(request)
               ^^^^^^^^^^^^^^^^^^^^^
  File "E:\myblog\.venv\Lib\site-packages\django\core\handlers\base.py", line 197, in _get_response
    response = wrapped_callback(request, *callback_args, **callback_kwargs)
               ^^^^^^^^^^^^^^^^^^^^^^^^^^^^^^^^^^^^^^^^^^^^^^^^^^^^^^^^^^^^
  File "E:\myblog\.venv\Lib\site-packages\django\contrib\auth\decorators.py", line 59, in _view_wrapper
    return view_func(request, *args, **kwargs)
           ^^^^^^^^^^^^^^^^^^^^^^^^^^^^^^^^^^^
  File "E:\myblog\users\views.py", line 54, in profile
    return render(request, 'users/profile.html', context)
           ^^^^^^^^^^^^^^^^^^^^^^^^^^^^^^^^^^^^^^^^^^^^^^
  File "E:\myblog\.venv\Lib\site-packages\django\shortcuts.py", line 25, in render
    content = loader.render_to_string(template_name, context, request, using=using)
              ^^^^^^^^^^^^^^^^^^^^^^^^^^^^^^^^^^^^^^^^^^^^^^^^^^^^^^^^^^^^^^^^^^^^^
  File "E:\myblog\.venv\Lib\site-packages\django\template\loader.py", line 62, in render_to_string
    return template.render(context, request)
           ^^^^^^^^^^^^^^^^^^^^^^^^^^^^^^^^^
  File "E:\myblog\.venv\Lib\site-packages\django\template\backends\django.py", line 107, in render
    return self.template.render(context)
           ^^^^^^^^^^^^^^^^^^^^^^^^^^^^^
  File "E:\myblog\.venv\Lib\site-packages\django\template\base.py", line 172, in render
    return self._render(context)
           ^^^^^^^^^^^^^^^^^^^^^
  File "E:\myblog\.venv\Lib\site-packages\django\test\utils.py", line 114, in instrumented_test_render
    return self.nodelist.render(context)
           ^^^^^^^^^^^^^^^^^^^^^^^^^^^^^
  File "E:\myblog\.venv\Lib\site-packages\django\template\base.py", line 1018, in render
    return SafeString("".join([node.render_annotated(context) for node in self]))
                              ^^^^^^^^^^^^^^^^^^^^^^^^^^^^^^^^^^^^^^^^^^^^^^^^^
  File "E:\myblog\.venv\Lib\site-packages\django\template\base.py", line 1018, in <listcomp>
    return SafeString("".join([node.render_annotated(context) for node in self]))
                               ^^^^^^^^^^^^^^^^^^^^^^^^^^^^^^
  File "E:\myblog\.venv\Lib\site-packages\django\template\base.py", line 979, in render_annotated
    return self.render(context)
           ^^^^^^^^^^^^^^^^^^^^
  File "E:\myblog\.venv\Lib\site-packages\django\template\loader_tags.py", line 159, in render
    return compiled_parent._render(context)
           ^^^^^^^^^^^^^^^^^^^^^^^^^^^^^^^^
  File "E:\myblog\.venv\Lib\site-packages\django\test\utils.py", line 114, in instrumented_test_render
    return self.nodelist.render(context)
           ^^^^^^^^^^^^^^^^^^^^^^^^^^^^^
  File "E:\myblog\.venv\Lib\site-packages\django\template\base.py", line 1018, in render
    return SafeString("".join([node.render_annotated(context) for node in self]))
                              ^^^^^^^^^^^^^^^^^^^^^^^^^^^^^^^^^^^^^^^^^^^^^^^^^
  File "E:\myblog\.venv\Lib\site-packages\django\template\base.py", line 1018, in <listcomp>
    return SafeString("".join([node.render_annotated(context) for node in self]))
                               ^^^^^^^^^^^^^^^^^^^^^^^^^^^^^^
  File "E:\myblog\.venv\Lib\site-packages\django\template\base.py", line 979, in render_annotated
    return self.render(context)
           ^^^^^^^^^^^^^^^^^^^^
  File "E:\myblog\.venv\Lib\site-packages\django\template\loader_tags.py", line 65, in render
    result = block.nodelist.render(context)
             ^^^^^^^^^^^^^^^^^^^^^^^^^^^^^^
  File "E:\myblog\.venv\Lib\site-packages\django\template\base.py", line 1018, in render
    return SafeString("".join([node.render_annotated(context) for node in self]))
                              ^^^^^^^^^^^^^^^^^^^^^^^^^^^^^^^^^^^^^^^^^^^^^^^^^
  File "E:\myblog\.venv\Lib\site-packages\django\template\base.py", line 1018, in <listcomp>
    return SafeString("".join([node.render_annotated(context) for node in self]))
                               ^^^^^^^^^^^^^^^^^^^^^^^^^^^^^^
  File "E:\myblog\.venv\Lib\site-packages\django\template\base.py", line 979, in render_annotated
    return self.render(context)
           ^^^^^^^^^^^^^^^^^^^^
  File "E:\myblog\.venv\Lib\site-packages\django\template\base.py", line 1077, in render
    output = self.filter_expression.resolve(context)
             ^^^^^^^^^^^^^^^^^^^^^^^^^^^^^^^^^^^^^^^
  File "E:\myblog\.venv\Lib\site-packages\django\template\base.py", line 723, in resolve
    obj = self.var.resolve(context)
          ^^^^^^^^^^^^^^^^^^^^^^^^^
  File "E:\myblog\.venv\Lib\site-packages\django\template\base.py", line 856, in resolve
    value = self._resolve_lookup(context)
            ^^^^^^^^^^^^^^^^^^^^^^^^^^^^^
  File "E:\myblog\.venv\Lib\site-packages\django\template\base.py", line 927, in _resolve_lookup
    current = current()
              ^^^^^^^^^
  File "E:\myblog\.venv\Lib\site-packages\django\template\loader_tags.py", line 81, in super
    return mark_safe(self.render(self.context))
                     ^^^^^^^^^^^^^^^^^^^^^^^^^
  File "E:\myblog\.venv\Lib\site-packages\django\template\loader_tags.py", line 65, in render
    result = block.nodelist.render(context)
             ^^^^^^^^^^^^^^^^^^^^^^^^^^^^^^
  File "E:\myblog\.venv\Lib\site-packages\django\template\base.py", line 1018, in render
    return SafeString("".join([node.render_annotated(context) for node in self]))
                              ^^^^^^^^^^^^^^^^^^^^^^^^^^^^^^^^^^^^^^^^^^^^^^^^^
  File "E:\myblog\.venv\Lib\site-packages\django\template\base.py", line 1018, in <listcomp>
    return SafeString("".join([node.render_annotated(context) for node in self]))
                               ^^^^^^^^^^^^^^^^^^^^^^^^^^^^^^
  File "E:\myblog\.venv\Lib\site-packages\django\template\base.py", line 979, in render_annotated
    return self.render(context)
           ^^^^^^^^^^^^^^^^^^^^
  File "E:\myblog\.venv\Lib\site-packages\django\template\base.py", line 1077, in render
    output = self.filter_expression.resolve(context)
             ^^^^^^^^^^^^^^^^^^^^^^^^^^^^^^^^^^^^^^^
  File "E:\myblog\.venv\Lib\site-packages\django\template\base.py", line 723, in resolve
    obj = self.var.resolve(context)
          ^^^^^^^^^^^^^^^^^^^^^^^^^
  File "E:\myblog\.venv\Lib\site-packages\django\template\base.py", line 856, in resolve
    value = self._resolve_lookup(context)
            ^^^^^^^^^^^^^^^^^^^^^^^^^^^^^
  File "E:\myblog\.venv\Lib\site-packages\django\template\base.py", line 903, in _resolve_lookup
    current = getattr(current, bit)
              ^^^^^^^^^^^^^^^^^^^^^
  File "E:\myblog\.venv\Lib\site-packages\django\utils\functional.py", line 253, in inner
    return func(_wrapped, *args)
           ^^^^^^^^^^^^^^^^^^^^^
  File "E:\myblog\.venv\Lib\site-packages\django\db\models\fields\related_descriptors.py", line 523, in __get__
    rel_obj = self.get_queryset(instance=instance).get(**filter_args)
              ^^^^^^^^^^^^^^^^^^^^^^^^^^^^^^^^^^^^^^^^^^^^^^^^^^^^^^^
  File "E:\myblog\.venv\Lib\site-packages\django\db\models\query.py", line 631, in get
    num = len(clone)
          ^^^^^^^^^^
  File "E:\myblog\.venv\Lib\site-packages\django\db\models\query.py", line 368, in __len__
    self._fetch_all()
  File "E:\myblog\.venv\Lib\site-packages\django\db\models\query.py", line 1954, in _fetch_all
    self._result_cache = list(self._iterable_class(self))
                         ^^^^^^^^^^^^^^^^^^^^^^^^^^^^^^^^
  File "E:\myblog\.venv\Lib\site-packages\django\db\models\query.py", line 93, in __iter__
    results = compiler.execute_sql(
              ^^^^^^^^^^^^^^^^^^^^^
  File "E:\myblog\.venv\Lib\site-packages\django\db\models\sql\compiler.py", line 1623, in execute_sql
    cursor.execute(sql, params)
  File "E:\myblog\.venv\Lib\site-packages\debug_toolbar\panels\sql\tracking.py", line 231, in execute
    return self._record(super().execute, sql, params)
           ^^^^^^^^^^^^^^^^^^^^^^^^^^^^^^^^^^^^^^^^^^
  File "E:\myblog\.venv\Lib\site-packages\debug_toolbar\panels\sql\tracking.py", line 157, in _record
    return method(sql, params)
           ^^^^^^^^^^^^^^^^^^^
  File "E:\myblog\.venv\Lib\site-packages\django\db\backends\utils.py", line 122, in execute
    return super().execute(sql, params)
           ^^^^^^^^^^^^^^^^^^^^^^^^^^^^
  File "E:\myblog\.venv\Lib\site-packages\django\db\backends\utils.py", line 79, in execute
    return self._execute_with_wrappers(
           ^^^^^^^^^^^^^^^^^^^^^^^^^^^^
  File "E:\myblog\.venv\Lib\site-packages\django\db\backends\utils.py", line 92, in _execute_with_wrappers
    return executor(sql, params, many, context)
           ^^^^^^^^^^^^^^^^^^^^^^^^^^^^^^^^^^^^
  File "E:\myblog\.venv\Lib\site-packages\django\db\backends\utils.py", line 100, in _execute
    with self.db.wrap_database_errors:
  File "E:\myblog\.venv\Lib\site-packages\django\db\utils.py", line 91, in __exit__
    raise dj_exc_value.with_traceback(traceback) from exc_value
  File "E:\myblog\.venv\Lib\site-packages\django\db\backends\utils.py", line 105, in _execute
    return self.cursor.execute(sql, params)
           ^^^^^^^^^^^^^^^^^^^^^^^^^^^^^^^^
  File "E:\myblog\.venv\Lib\site-packages\django\db\backends\mysql\base.py", line 76, in execute
    return self.cursor.execute(query, args)
           ^^^^^^^^^^^^^^^^^^^^^^^^^^^^^^^^
  File "E:\myblog\.venv\Lib\site-packages\MySQLdb\cursors.py", line 179, in execute
    res = self._query(mogrified_query)
          ^^^^^^^^^^^^^^^^^^^^^^^^^^^^
  File "E:\myblog\.venv\Lib\site-packages\MySQLdb\cursors.py", line 330, in _query
    db.query(q)
  File "E:\myblog\.venv\Lib\site-packages\MySQLdb\connections.py", line 280, in query
    _mysql.connection.query(self, query)
django.db.utils.ProgrammingError: (1146, "Table 'myblog.users_userprofile' doesn't exist")
"GET /users/profile/ HTTP/1.1" 500 383627
Watching for file changes with StatReloader
"GET / HTTP/1.1" 200 25245
"GET /static/css/light.css HTTP/1.1" 404 1966
Internal Server Error: /users/profile/
Traceback (most recent call last):
  File "E:\myblog\.venv\Lib\site-packages\django\template\base.py", line 893, in _resolve_lookup
    current = current[bit]
              ~~~~~~~^^^^^
  File "E:\myblog\.venv\Lib\site-packages\django\utils\functional.py", line 253, in inner
    return func(_wrapped, *args)
           ^^^^^^^^^^^^^^^^^^^^^
TypeError: 'User' object is not subscriptable

During handling of the above exception, another exception occurred:

Traceback (most recent call last):
  File "E:\myblog\.venv\Lib\site-packages\django\db\models\fields\related_descriptors.py", line 516, in __get__
    rel_obj = self.related.get_cached_value(instance)
              ^^^^^^^^^^^^^^^^^^^^^^^^^^^^^^^^^^^^^^^
  File "E:\myblog\.venv\Lib\site-packages\django\db\models\fields\mixins.py", line 37, in get_cached_value
    return instance._state.fields_cache[self.cache_name]
           ~~~~~~~~~~~~~~~~~~~~~~~~~~~~^^^^^^^^^^^^^^^^^
KeyError: 'profile'

During handling of the above exception, another exception occurred:

Traceback (most recent call last):
  File "E:\myblog\.venv\Lib\site-packages\django\db\backends\utils.py", line 105, in _execute
    return self.cursor.execute(sql, params)
           ^^^^^^^^^^^^^^^^^^^^^^^^^^^^^^^^
  File "E:\myblog\.venv\Lib\site-packages\django\db\backends\mysql\base.py", line 76, in execute
    return self.cursor.execute(query, args)
           ^^^^^^^^^^^^^^^^^^^^^^^^^^^^^^^^
  File "E:\myblog\.venv\Lib\site-packages\MySQLdb\cursors.py", line 179, in execute
    res = self._query(mogrified_query)
          ^^^^^^^^^^^^^^^^^^^^^^^^^^^^
  File "E:\myblog\.venv\Lib\site-packages\MySQLdb\cursors.py", line 330, in _query
    db.query(q)
  File "E:\myblog\.venv\Lib\site-packages\MySQLdb\connections.py", line 280, in query
    _mysql.connection.query(self, query)
MySQLdb.ProgrammingError: (1146, "Table 'myblog.users_userprofile' doesn't exist")

The above exception was the direct cause of the following exception:

Traceback (most recent call last):
  File "E:\myblog\.venv\Lib\site-packages\django\core\handlers\exception.py", line 55, in inner
    response = get_response(request)
               ^^^^^^^^^^^^^^^^^^^^^
  File "E:\myblog\.venv\Lib\site-packages\django\core\handlers\base.py", line 197, in _get_response
    response = wrapped_callback(request, *callback_args, **callback_kwargs)
               ^^^^^^^^^^^^^^^^^^^^^^^^^^^^^^^^^^^^^^^^^^^^^^^^^^^^^^^^^^^^
  File "E:\myblog\.venv\Lib\site-packages\django\contrib\auth\decorators.py", line 59, in _view_wrapper
    return view_func(request, *args, **kwargs)
           ^^^^^^^^^^^^^^^^^^^^^^^^^^^^^^^^^^^
  File "E:\myblog\users\views.py", line 54, in profile
    return render(request, 'users/profile.html', context)
           ^^^^^^^^^^^^^^^^^^^^^^^^^^^^^^^^^^^^^^^^^^^^^^
  File "E:\myblog\.venv\Lib\site-packages\django\shortcuts.py", line 25, in render
    content = loader.render_to_string(template_name, context, request, using=using)
              ^^^^^^^^^^^^^^^^^^^^^^^^^^^^^^^^^^^^^^^^^^^^^^^^^^^^^^^^^^^^^^^^^^^^^
  File "E:\myblog\.venv\Lib\site-packages\django\template\loader.py", line 62, in render_to_string
    return template.render(context, request)
           ^^^^^^^^^^^^^^^^^^^^^^^^^^^^^^^^^
  File "E:\myblog\.venv\Lib\site-packages\django\template\backends\django.py", line 107, in render
    return self.template.render(context)
           ^^^^^^^^^^^^^^^^^^^^^^^^^^^^^
  File "E:\myblog\.venv\Lib\site-packages\django\template\base.py", line 172, in render
    return self._render(context)
           ^^^^^^^^^^^^^^^^^^^^^
  File "E:\myblog\.venv\Lib\site-packages\django\test\utils.py", line 114, in instrumented_test_render
    return self.nodelist.render(context)
           ^^^^^^^^^^^^^^^^^^^^^^^^^^^^^
  File "E:\myblog\.venv\Lib\site-packages\django\template\base.py", line 1018, in render
    return SafeString("".join([node.render_annotated(context) for node in self]))
                              ^^^^^^^^^^^^^^^^^^^^^^^^^^^^^^^^^^^^^^^^^^^^^^^^^
  File "E:\myblog\.venv\Lib\site-packages\django\template\base.py", line 1018, in <listcomp>
    return SafeString("".join([node.render_annotated(context) for node in self]))
                               ^^^^^^^^^^^^^^^^^^^^^^^^^^^^^^
  File "E:\myblog\.venv\Lib\site-packages\django\template\base.py", line 979, in render_annotated
    return self.render(context)
           ^^^^^^^^^^^^^^^^^^^^
  File "E:\myblog\.venv\Lib\site-packages\django\template\loader_tags.py", line 159, in render
    return compiled_parent._render(context)
           ^^^^^^^^^^^^^^^^^^^^^^^^^^^^^^^^
  File "E:\myblog\.venv\Lib\site-packages\django\test\utils.py", line 114, in instrumented_test_render
    return self.nodelist.render(context)
           ^^^^^^^^^^^^^^^^^^^^^^^^^^^^^
  File "E:\myblog\.venv\Lib\site-packages\django\template\base.py", line 1018, in render
    return SafeString("".join([node.render_annotated(context) for node in self]))
                              ^^^^^^^^^^^^^^^^^^^^^^^^^^^^^^^^^^^^^^^^^^^^^^^^^
  File "E:\myblog\.venv\Lib\site-packages\django\template\base.py", line 1018, in <listcomp>
    return SafeString("".join([node.render_annotated(context) for node in self]))
                               ^^^^^^^^^^^^^^^^^^^^^^^^^^^^^^
  File "E:\myblog\.venv\Lib\site-packages\django\template\base.py", line 979, in render_annotated
    return self.render(context)
           ^^^^^^^^^^^^^^^^^^^^
  File "E:\myblog\.venv\Lib\site-packages\django\template\loader_tags.py", line 65, in render
    result = block.nodelist.render(context)
             ^^^^^^^^^^^^^^^^^^^^^^^^^^^^^^
  File "E:\myblog\.venv\Lib\site-packages\django\template\base.py", line 1018, in render
    return SafeString("".join([node.render_annotated(context) for node in self]))
                              ^^^^^^^^^^^^^^^^^^^^^^^^^^^^^^^^^^^^^^^^^^^^^^^^^
  File "E:\myblog\.venv\Lib\site-packages\django\template\base.py", line 1018, in <listcomp>
    return SafeString("".join([node.render_annotated(context) for node in self]))
                               ^^^^^^^^^^^^^^^^^^^^^^^^^^^^^^
  File "E:\myblog\.venv\Lib\site-packages\django\template\base.py", line 979, in render_annotated
    return self.render(context)
           ^^^^^^^^^^^^^^^^^^^^
  File "E:\myblog\.venv\Lib\site-packages\django\template\base.py", line 1077, in render
    output = self.filter_expression.resolve(context)
             ^^^^^^^^^^^^^^^^^^^^^^^^^^^^^^^^^^^^^^^
  File "E:\myblog\.venv\Lib\site-packages\django\template\base.py", line 723, in resolve
    obj = self.var.resolve(context)
          ^^^^^^^^^^^^^^^^^^^^^^^^^
  File "E:\myblog\.venv\Lib\site-packages\django\template\base.py", line 856, in resolve
    value = self._resolve_lookup(context)
            ^^^^^^^^^^^^^^^^^^^^^^^^^^^^^
  File "E:\myblog\.venv\Lib\site-packages\django\template\base.py", line 927, in _resolve_lookup
    current = current()
              ^^^^^^^^^
  File "E:\myblog\.venv\Lib\site-packages\django\template\loader_tags.py", line 81, in super
    return mark_safe(self.render(self.context))
                     ^^^^^^^^^^^^^^^^^^^^^^^^^
  File "E:\myblog\.venv\Lib\site-packages\django\template\loader_tags.py", line 65, in render
    result = block.nodelist.render(context)
             ^^^^^^^^^^^^^^^^^^^^^^^^^^^^^^
  File "E:\myblog\.venv\Lib\site-packages\django\template\base.py", line 1018, in render
    return SafeString("".join([node.render_annotated(context) for node in self]))
                              ^^^^^^^^^^^^^^^^^^^^^^^^^^^^^^^^^^^^^^^^^^^^^^^^^
  File "E:\myblog\.venv\Lib\site-packages\django\template\base.py", line 1018, in <listcomp>
    return SafeString("".join([node.render_annotated(context) for node in self]))
                               ^^^^^^^^^^^^^^^^^^^^^^^^^^^^^^
  File "E:\myblog\.venv\Lib\site-packages\django\template\base.py", line 979, in render_annotated
    return self.render(context)
           ^^^^^^^^^^^^^^^^^^^^
  File "E:\myblog\.venv\Lib\site-packages\django\template\base.py", line 1077, in render
    output = self.filter_expression.resolve(context)
             ^^^^^^^^^^^^^^^^^^^^^^^^^^^^^^^^^^^^^^^
  File "E:\myblog\.venv\Lib\site-packages\django\template\base.py", line 723, in resolve
    obj = self.var.resolve(context)
          ^^^^^^^^^^^^^^^^^^^^^^^^^
  File "E:\myblog\.venv\Lib\site-packages\django\template\base.py", line 856, in resolve
    value = self._resolve_lookup(context)
            ^^^^^^^^^^^^^^^^^^^^^^^^^^^^^
  File "E:\myblog\.venv\Lib\site-packages\django\template\base.py", line 903, in _resolve_lookup
    current = getattr(current, bit)
              ^^^^^^^^^^^^^^^^^^^^^
  File "E:\myblog\.venv\Lib\site-packages\django\utils\functional.py", line 253, in inner
    return func(_wrapped, *args)
           ^^^^^^^^^^^^^^^^^^^^^
  File "E:\myblog\.venv\Lib\site-packages\django\db\models\fields\related_descriptors.py", line 523, in __get__
    rel_obj = self.get_queryset(instance=instance).get(**filter_args)
              ^^^^^^^^^^^^^^^^^^^^^^^^^^^^^^^^^^^^^^^^^^^^^^^^^^^^^^^
  File "E:\myblog\.venv\Lib\site-packages\django\db\models\query.py", line 631, in get
    num = len(clone)
          ^^^^^^^^^^
  File "E:\myblog\.venv\Lib\site-packages\django\db\models\query.py", line 368, in __len__
    self._fetch_all()
  File "E:\myblog\.venv\Lib\site-packages\django\db\models\query.py", line 1954, in _fetch_all
    self._result_cache = list(self._iterable_class(self))
                         ^^^^^^^^^^^^^^^^^^^^^^^^^^^^^^^^
  File "E:\myblog\.venv\Lib\site-packages\django\db\models\query.py", line 93, in __iter__
    results = compiler.execute_sql(
              ^^^^^^^^^^^^^^^^^^^^^
  File "E:\myblog\.venv\Lib\site-packages\django\db\models\sql\compiler.py", line 1623, in execute_sql
    cursor.execute(sql, params)
  File "E:\myblog\.venv\Lib\site-packages\debug_toolbar\panels\sql\tracking.py", line 231, in execute
    return self._record(super().execute, sql, params)
           ^^^^^^^^^^^^^^^^^^^^^^^^^^^^^^^^^^^^^^^^^^
  File "E:\myblog\.venv\Lib\site-packages\debug_toolbar\panels\sql\tracking.py", line 157, in _record
    return method(sql, params)
           ^^^^^^^^^^^^^^^^^^^
  File "E:\myblog\.venv\Lib\site-packages\django\db\backends\utils.py", line 122, in execute
    return super().execute(sql, params)
           ^^^^^^^^^^^^^^^^^^^^^^^^^^^^
  File "E:\myblog\.venv\Lib\site-packages\django\db\backends\utils.py", line 79, in execute
    return self._execute_with_wrappers(
           ^^^^^^^^^^^^^^^^^^^^^^^^^^^^
  File "E:\myblog\.venv\Lib\site-packages\django\db\backends\utils.py", line 92, in _execute_with_wrappers
    return executor(sql, params, many, context)
           ^^^^^^^^^^^^^^^^^^^^^^^^^^^^^^^^^^^^
  File "E:\myblog\.venv\Lib\site-packages\django\db\backends\utils.py", line 100, in _execute
    with self.db.wrap_database_errors:
  File "E:\myblog\.venv\Lib\site-packages\django\db\utils.py", line 91, in __exit__
    raise dj_exc_value.with_traceback(traceback) from exc_value
  File "E:\myblog\.venv\Lib\site-packages\django\db\backends\utils.py", line 105, in _execute
    return self.cursor.execute(sql, params)
           ^^^^^^^^^^^^^^^^^^^^^^^^^^^^^^^^
  File "E:\myblog\.venv\Lib\site-packages\django\db\backends\mysql\base.py", line 76, in execute
    return self.cursor.execute(query, args)
           ^^^^^^^^^^^^^^^^^^^^^^^^^^^^^^^^
  File "E:\myblog\.venv\Lib\site-packages\MySQLdb\cursors.py", line 179, in execute
    res = self._query(mogrified_query)
          ^^^^^^^^^^^^^^^^^^^^^^^^^^^^
  File "E:\myblog\.venv\Lib\site-packages\MySQLdb\cursors.py", line 330, in _query
    db.query(q)
  File "E:\myblog\.venv\Lib\site-packages\MySQLdb\connections.py", line 280, in query
    _mysql.connection.query(self, query)
django.db.utils.ProgrammingError: (1146, "Table 'myblog.users_userprofile' doesn't exist")
"GET /users/profile/ HTTP/1.1" 500 383627
Watching for file changes with StatReloader
"GET / HTTP/1.1" 200 25245
"GET /static/css/light.css HTTP/1.1" 404 1966
Internal Server Error: /users/profile/
Traceback (most recent call last):
  File "E:\myblog\.venv\Lib\site-packages\django\template\base.py", line 893, in _resolve_lookup
    current = current[bit]
              ~~~~~~~^^^^^
  File "E:\myblog\.venv\Lib\site-packages\django\utils\functional.py", line 253, in inner
    return func(_wrapped, *args)
           ^^^^^^^^^^^^^^^^^^^^^
TypeError: 'User' object is not subscriptable

During handling of the above exception, another exception occurred:

Traceback (most recent call last):
  File "E:\myblog\.venv\Lib\site-packages\django\db\models\fields\related_descriptors.py", line 516, in __get__
    rel_obj = self.related.get_cached_value(instance)
              ^^^^^^^^^^^^^^^^^^^^^^^^^^^^^^^^^^^^^^^
  File "E:\myblog\.venv\Lib\site-packages\django\db\models\fields\mixins.py", line 37, in get_cached_value
    return instance._state.fields_cache[self.cache_name]
           ~~~~~~~~~~~~~~~~~~~~~~~~~~~~^^^^^^^^^^^^^^^^^
KeyError: 'profile'

During handling of the above exception, another exception occurred:

Traceback (most recent call last):
  File "E:\myblog\.venv\Lib\site-packages\django\db\backends\utils.py", line 105, in _execute
    return self.cursor.execute(sql, params)
           ^^^^^^^^^^^^^^^^^^^^^^^^^^^^^^^^
  File "E:\myblog\.venv\Lib\site-packages\django\db\backends\mysql\base.py", line 76, in execute
    return self.cursor.execute(query, args)
           ^^^^^^^^^^^^^^^^^^^^^^^^^^^^^^^^
  File "E:\myblog\.venv\Lib\site-packages\MySQLdb\cursors.py", line 179, in execute
    res = self._query(mogrified_query)
          ^^^^^^^^^^^^^^^^^^^^^^^^^^^^
  File "E:\myblog\.venv\Lib\site-packages\MySQLdb\cursors.py", line 330, in _query
    db.query(q)
  File "E:\myblog\.venv\Lib\site-packages\MySQLdb\connections.py", line 280, in query
    _mysql.connection.query(self, query)
MySQLdb.ProgrammingError: (1146, "Table 'myblog.users_userprofile' doesn't exist")

The above exception was the direct cause of the following exception:

Traceback (most recent call last):
  File "E:\myblog\.venv\Lib\site-packages\django\core\handlers\exception.py", line 55, in inner
    response = get_response(request)
               ^^^^^^^^^^^^^^^^^^^^^
  File "E:\myblog\.venv\Lib\site-packages\django\core\handlers\base.py", line 197, in _get_response
    response = wrapped_callback(request, *callback_args, **callback_kwargs)
               ^^^^^^^^^^^^^^^^^^^^^^^^^^^^^^^^^^^^^^^^^^^^^^^^^^^^^^^^^^^^
  File "E:\myblog\.venv\Lib\site-packages\django\contrib\auth\decorators.py", line 59, in _view_wrapper
    return view_func(request, *args, **kwargs)
           ^^^^^^^^^^^^^^^^^^^^^^^^^^^^^^^^^^^
  File "E:\myblog\users\views.py", line 54, in profile
    return render(request, 'users/profile.html', context)
           ^^^^^^^^^^^^^^^^^^^^^^^^^^^^^^^^^^^^^^^^^^^^^^
  File "E:\myblog\.venv\Lib\site-packages\django\shortcuts.py", line 25, in render
    content = loader.render_to_string(template_name, context, request, using=using)
              ^^^^^^^^^^^^^^^^^^^^^^^^^^^^^^^^^^^^^^^^^^^^^^^^^^^^^^^^^^^^^^^^^^^^^
  File "E:\myblog\.venv\Lib\site-packages\django\template\loader.py", line 62, in render_to_string
    return template.render(context, request)
           ^^^^^^^^^^^^^^^^^^^^^^^^^^^^^^^^^
  File "E:\myblog\.venv\Lib\site-packages\django\template\backends\django.py", line 107, in render
    return self.template.render(context)
           ^^^^^^^^^^^^^^^^^^^^^^^^^^^^^
  File "E:\myblog\.venv\Lib\site-packages\django\template\base.py", line 172, in render
    return self._render(context)
           ^^^^^^^^^^^^^^^^^^^^^
  File "E:\myblog\.venv\Lib\site-packages\django\test\utils.py", line 114, in instrumented_test_render
    return self.nodelist.render(context)
           ^^^^^^^^^^^^^^^^^^^^^^^^^^^^^
  File "E:\myblog\.venv\Lib\site-packages\django\template\base.py", line 1018, in render
    return SafeString("".join([node.render_annotated(context) for node in self]))
                              ^^^^^^^^^^^^^^^^^^^^^^^^^^^^^^^^^^^^^^^^^^^^^^^^^
  File "E:\myblog\.venv\Lib\site-packages\django\template\base.py", line 1018, in <listcomp>
    return SafeString("".join([node.render_annotated(context) for node in self]))
                               ^^^^^^^^^^^^^^^^^^^^^^^^^^^^^^
  File "E:\myblog\.venv\Lib\site-packages\django\template\base.py", line 979, in render_annotated
    return self.render(context)
           ^^^^^^^^^^^^^^^^^^^^
  File "E:\myblog\.venv\Lib\site-packages\django\template\loader_tags.py", line 159, in render
    return compiled_parent._render(context)
           ^^^^^^^^^^^^^^^^^^^^^^^^^^^^^^^^
  File "E:\myblog\.venv\Lib\site-packages\django\test\utils.py", line 114, in instrumented_test_render
    return self.nodelist.render(context)
           ^^^^^^^^^^^^^^^^^^^^^^^^^^^^^
  File "E:\myblog\.venv\Lib\site-packages\django\template\base.py", line 1018, in render
    return SafeString("".join([node.render_annotated(context) for node in self]))
                              ^^^^^^^^^^^^^^^^^^^^^^^^^^^^^^^^^^^^^^^^^^^^^^^^^
  File "E:\myblog\.venv\Lib\site-packages\django\template\base.py", line 1018, in <listcomp>
    return SafeString("".join([node.render_annotated(context) for node in self]))
                               ^^^^^^^^^^^^^^^^^^^^^^^^^^^^^^
  File "E:\myblog\.venv\Lib\site-packages\django\template\base.py", line 979, in render_annotated
    return self.render(context)
           ^^^^^^^^^^^^^^^^^^^^
  File "E:\myblog\.venv\Lib\site-packages\django\template\loader_tags.py", line 65, in render
    result = block.nodelist.render(context)
             ^^^^^^^^^^^^^^^^^^^^^^^^^^^^^^
  File "E:\myblog\.venv\Lib\site-packages\django\template\base.py", line 1018, in render
    return SafeString("".join([node.render_annotated(context) for node in self]))
                              ^^^^^^^^^^^^^^^^^^^^^^^^^^^^^^^^^^^^^^^^^^^^^^^^^
  File "E:\myblog\.venv\Lib\site-packages\django\template\base.py", line 1018, in <listcomp>
    return SafeString("".join([node.render_annotated(context) for node in self]))
                               ^^^^^^^^^^^^^^^^^^^^^^^^^^^^^^
  File "E:\myblog\.venv\Lib\site-packages\django\template\base.py", line 979, in render_annotated
    return self.render(context)
           ^^^^^^^^^^^^^^^^^^^^
  File "E:\myblog\.venv\Lib\site-packages\django\template\base.py", line 1077, in render
    output = self.filter_expression.resolve(context)
             ^^^^^^^^^^^^^^^^^^^^^^^^^^^^^^^^^^^^^^^
  File "E:\myblog\.venv\Lib\site-packages\django\template\base.py", line 723, in resolve
    obj = self.var.resolve(context)
          ^^^^^^^^^^^^^^^^^^^^^^^^^
  File "E:\myblog\.venv\Lib\site-packages\django\template\base.py", line 856, in resolve
    value = self._resolve_lookup(context)
            ^^^^^^^^^^^^^^^^^^^^^^^^^^^^^
  File "E:\myblog\.venv\Lib\site-packages\django\template\base.py", line 927, in _resolve_lookup
    current = current()
              ^^^^^^^^^
  File "E:\myblog\.venv\Lib\site-packages\django\template\loader_tags.py", line 81, in super
    return mark_safe(self.render(self.context))
                     ^^^^^^^^^^^^^^^^^^^^^^^^^
  File "E:\myblog\.venv\Lib\site-packages\django\template\loader_tags.py", line 65, in render
    result = block.nodelist.render(context)
             ^^^^^^^^^^^^^^^^^^^^^^^^^^^^^^
  File "E:\myblog\.venv\Lib\site-packages\django\template\base.py", line 1018, in render
    return SafeString("".join([node.render_annotated(context) for node in self]))
                              ^^^^^^^^^^^^^^^^^^^^^^^^^^^^^^^^^^^^^^^^^^^^^^^^^
  File "E:\myblog\.venv\Lib\site-packages\django\template\base.py", line 1018, in <listcomp>
    return SafeString("".join([node.render_annotated(context) for node in self]))
                               ^^^^^^^^^^^^^^^^^^^^^^^^^^^^^^
  File "E:\myblog\.venv\Lib\site-packages\django\template\base.py", line 979, in render_annotated
    return self.render(context)
           ^^^^^^^^^^^^^^^^^^^^
  File "E:\myblog\.venv\Lib\site-packages\django\template\base.py", line 1077, in render
    output = self.filter_expression.resolve(context)
             ^^^^^^^^^^^^^^^^^^^^^^^^^^^^^^^^^^^^^^^
  File "E:\myblog\.venv\Lib\site-packages\django\template\base.py", line 723, in resolve
    obj = self.var.resolve(context)
          ^^^^^^^^^^^^^^^^^^^^^^^^^
  File "E:\myblog\.venv\Lib\site-packages\django\template\base.py", line 856, in resolve
    value = self._resolve_lookup(context)
            ^^^^^^^^^^^^^^^^^^^^^^^^^^^^^
  File "E:\myblog\.venv\Lib\site-packages\django\template\base.py", line 903, in _resolve_lookup
    current = getattr(current, bit)
              ^^^^^^^^^^^^^^^^^^^^^
  File "E:\myblog\.venv\Lib\site-packages\django\utils\functional.py", line 253, in inner
    return func(_wrapped, *args)
           ^^^^^^^^^^^^^^^^^^^^^
  File "E:\myblog\.venv\Lib\site-packages\django\db\models\fields\related_descriptors.py", line 523, in __get__
    rel_obj = self.get_queryset(instance=instance).get(**filter_args)
              ^^^^^^^^^^^^^^^^^^^^^^^^^^^^^^^^^^^^^^^^^^^^^^^^^^^^^^^
  File "E:\myblog\.venv\Lib\site-packages\django\db\models\query.py", line 631, in get
    num = len(clone)
          ^^^^^^^^^^
  File "E:\myblog\.venv\Lib\site-packages\django\db\models\query.py", line 368, in __len__
    self._fetch_all()
  File "E:\myblog\.venv\Lib\site-packages\django\db\models\query.py", line 1954, in _fetch_all
    self._result_cache = list(self._iterable_class(self))
                         ^^^^^^^^^^^^^^^^^^^^^^^^^^^^^^^^
  File "E:\myblog\.venv\Lib\site-packages\django\db\models\query.py", line 93, in __iter__
    results = compiler.execute_sql(
              ^^^^^^^^^^^^^^^^^^^^^
  File "E:\myblog\.venv\Lib\site-packages\django\db\models\sql\compiler.py", line 1623, in execute_sql
    cursor.execute(sql, params)
  File "E:\myblog\.venv\Lib\site-packages\debug_toolbar\panels\sql\tracking.py", line 231, in execute
    return self._record(super().execute, sql, params)
           ^^^^^^^^^^^^^^^^^^^^^^^^^^^^^^^^^^^^^^^^^^
  File "E:\myblog\.venv\Lib\site-packages\debug_toolbar\panels\sql\tracking.py", line 157, in _record
    return method(sql, params)
           ^^^^^^^^^^^^^^^^^^^
  File "E:\myblog\.venv\Lib\site-packages\django\db\backends\utils.py", line 122, in execute
    return super().execute(sql, params)
           ^^^^^^^^^^^^^^^^^^^^^^^^^^^^
  File "E:\myblog\.venv\Lib\site-packages\django\db\backends\utils.py", line 79, in execute
    return self._execute_with_wrappers(
           ^^^^^^^^^^^^^^^^^^^^^^^^^^^^
  File "E:\myblog\.venv\Lib\site-packages\django\db\backends\utils.py", line 92, in _execute_with_wrappers
    return executor(sql, params, many, context)
           ^^^^^^^^^^^^^^^^^^^^^^^^^^^^^^^^^^^^
  File "E:\myblog\.venv\Lib\site-packages\django\db\backends\utils.py", line 100, in _execute
    with self.db.wrap_database_errors:
  File "E:\myblog\.venv\Lib\site-packages\django\db\utils.py", line 91, in __exit__
    raise dj_exc_value.with_traceback(traceback) from exc_value
  File "E:\myblog\.venv\Lib\site-packages\django\db\backends\utils.py", line 105, in _execute
    return self.cursor.execute(sql, params)
           ^^^^^^^^^^^^^^^^^^^^^^^^^^^^^^^^
  File "E:\myblog\.venv\Lib\site-packages\django\db\backends\mysql\base.py", line 76, in execute
    return self.cursor.execute(query, args)
           ^^^^^^^^^^^^^^^^^^^^^^^^^^^^^^^^
  File "E:\myblog\.venv\Lib\site-packages\MySQLdb\cursors.py", line 179, in execute
    res = self._query(mogrified_query)
          ^^^^^^^^^^^^^^^^^^^^^^^^^^^^
  File "E:\myblog\.venv\Lib\site-packages\MySQLdb\cursors.py", line 330, in _query
    db.query(q)
  File "E:\myblog\.venv\Lib\site-packages\MySQLdb\connections.py", line 280, in query
    _mysql.connection.query(self, query)
django.db.utils.ProgrammingError: (1146, "Table 'myblog.users_userprofile' doesn't exist")
"GET /users/profile/ HTTP/1.1" 500 376390
Watching for file changes with StatReloader
"GET / HTTP/1.1" 200 25245
"GET /static/css/light.css HTTP/1.1" 404 1966
"GET /01/ HTTP/1.1" 200 27747
"GET /static/css/light.css HTTP/1.1" 404 1966
"GET /static/js/comments.js HTTP/1.1" 304 0
"GET /media/avatars/IMG_20251120_135531_jfLrUvq.jpg HTTP/1.1" 304 0
Internal Server Error: /users/profile/
Traceback (most recent call last):
  File "E:\myblog\.venv\Lib\site-packages\django\template\base.py", line 893, in _resolve_lookup
    current = current[bit]
              ~~~~~~~^^^^^
  File "E:\myblog\.venv\Lib\site-packages\django\utils\functional.py", line 253, in inner
    return func(_wrapped, *args)
           ^^^^^^^^^^^^^^^^^^^^^
TypeError: 'User' object is not subscriptable

During handling of the above exception, another exception occurred:

Traceback (most recent call last):
  File "E:\myblog\.venv\Lib\site-packages\django\db\models\fields\related_descriptors.py", line 516, in __get__
    rel_obj = self.related.get_cached_value(instance)
              ^^^^^^^^^^^^^^^^^^^^^^^^^^^^^^^^^^^^^^^
  File "E:\myblog\.venv\Lib\site-packages\django\db\models\fields\mixins.py", line 37, in get_cached_value
    return instance._state.fields_cache[self.cache_name]
           ~~~~~~~~~~~~~~~~~~~~~~~~~~~~^^^^^^^^^^^^^^^^^
KeyError: 'profile'

During handling of the above exception, another exception occurred:

Traceback (most recent call last):
  File "E:\myblog\.venv\Lib\site-packages\django\db\backends\utils.py", line 105, in _execute
    return self.cursor.execute(sql, params)
           ^^^^^^^^^^^^^^^^^^^^^^^^^^^^^^^^
  File "E:\myblog\.venv\Lib\site-packages\django\db\backends\mysql\base.py", line 76, in execute
    return self.cursor.execute(query, args)
           ^^^^^^^^^^^^^^^^^^^^^^^^^^^^^^^^
  File "E:\myblog\.venv\Lib\site-packages\MySQLdb\cursors.py", line 179, in execute
    res = self._query(mogrified_query)
          ^^^^^^^^^^^^^^^^^^^^^^^^^^^^
  File "E:\myblog\.venv\Lib\site-packages\MySQLdb\cursors.py", line 330, in _query
    db.query(q)
  File "E:\myblog\.venv\Lib\site-packages\MySQLdb\connections.py", line 280, in query
    _mysql.connection.query(self, query)
MySQLdb.ProgrammingError: (1146, "Table 'myblog.users_userprofile' doesn't exist")

The above exception was the direct cause of the following exception:

Traceback (most recent call last):
  File "E:\myblog\.venv\Lib\site-packages\django\core\handlers\exception.py", line 55, in inner
    response = get_response(request)
               ^^^^^^^^^^^^^^^^^^^^^
  File "E:\myblog\.venv\Lib\site-packages\django\core\handlers\base.py", line 197, in _get_response
    response = wrapped_callback(request, *callback_args, **callback_kwargs)
               ^^^^^^^^^^^^^^^^^^^^^^^^^^^^^^^^^^^^^^^^^^^^^^^^^^^^^^^^^^^^
  File "E:\myblog\.venv\Lib\site-packages\django\contrib\auth\decorators.py", line 59, in _view_wrapper
    return view_func(request, *args, **kwargs)
           ^^^^^^^^^^^^^^^^^^^^^^^^^^^^^^^^^^^
  File "E:\myblog\users\views.py", line 54, in profile
    return render(request, 'users/profile.html', context)
           ^^^^^^^^^^^^^^^^^^^^^^^^^^^^^^^^^^^^^^^^^^^^^^
  File "E:\myblog\.venv\Lib\site-packages\django\shortcuts.py", line 25, in render
    content = loader.render_to_string(template_name, context, request, using=using)
              ^^^^^^^^^^^^^^^^^^^^^^^^^^^^^^^^^^^^^^^^^^^^^^^^^^^^^^^^^^^^^^^^^^^^^
  File "E:\myblog\.venv\Lib\site-packages\django\template\loader.py", line 62, in render_to_string
    return template.render(context, request)
           ^^^^^^^^^^^^^^^^^^^^^^^^^^^^^^^^^
  File "E:\myblog\.venv\Lib\site-packages\django\template\backends\django.py", line 107, in render
    return self.template.render(context)
           ^^^^^^^^^^^^^^^^^^^^^^^^^^^^^
  File "E:\myblog\.venv\Lib\site-packages\django\template\base.py", line 172, in render
    return self._render(context)
           ^^^^^^^^^^^^^^^^^^^^^
  File "E:\myblog\.venv\Lib\site-packages\django\test\utils.py", line 114, in instrumented_test_render
    return self.nodelist.render(context)
           ^^^^^^^^^^^^^^^^^^^^^^^^^^^^^
  File "E:\myblog\.venv\Lib\site-packages\django\template\base.py", line 1018, in render
    return SafeString("".join([node.render_annotated(context) for node in self]))
                              ^^^^^^^^^^^^^^^^^^^^^^^^^^^^^^^^^^^^^^^^^^^^^^^^^
  File "E:\myblog\.venv\Lib\site-packages\django\template\base.py", line 1018, in <listcomp>
    return SafeString("".join([node.render_annotated(context) for node in self]))
                               ^^^^^^^^^^^^^^^^^^^^^^^^^^^^^^
  File "E:\myblog\.venv\Lib\site-packages\django\template\base.py", line 979, in render_annotated
    return self.render(context)
           ^^^^^^^^^^^^^^^^^^^^
  File "E:\myblog\.venv\Lib\site-packages\django\template\loader_tags.py", line 159, in render
    return compiled_parent._render(context)
           ^^^^^^^^^^^^^^^^^^^^^^^^^^^^^^^^
  File "E:\myblog\.venv\Lib\site-packages\django\test\utils.py", line 114, in instrumented_test_render
    return self.nodelist.render(context)
           ^^^^^^^^^^^^^^^^^^^^^^^^^^^^^
  File "E:\myblog\.venv\Lib\site-packages\django\template\base.py", line 1018, in render
    return SafeString("".join([node.render_annotated(context) for node in self]))
                              ^^^^^^^^^^^^^^^^^^^^^^^^^^^^^^^^^^^^^^^^^^^^^^^^^
  File "E:\myblog\.venv\Lib\site-packages\django\template\base.py", line 1018, in <listcomp>
    return SafeString("".join([node.render_annotated(context) for node in self]))
                               ^^^^^^^^^^^^^^^^^^^^^^^^^^^^^^
  File "E:\myblog\.venv\Lib\site-packages\django\template\base.py", line 979, in render_annotated
    return self.render(context)
           ^^^^^^^^^^^^^^^^^^^^
  File "E:\myblog\.venv\Lib\site-packages\django\template\loader_tags.py", line 65, in render
    result = block.nodelist.render(context)
             ^^^^^^^^^^^^^^^^^^^^^^^^^^^^^^
  File "E:\myblog\.venv\Lib\site-packages\django\template\base.py", line 1018, in render
    return SafeString("".join([node.render_annotated(context) for node in self]))
                              ^^^^^^^^^^^^^^^^^^^^^^^^^^^^^^^^^^^^^^^^^^^^^^^^^
  File "E:\myblog\.venv\Lib\site-packages\django\template\base.py", line 1018, in <listcomp>
    return SafeString("".join([node.render_annotated(context) for node in self]))
                               ^^^^^^^^^^^^^^^^^^^^^^^^^^^^^^
  File "E:\myblog\.venv\Lib\site-packages\django\template\base.py", line 979, in render_annotated
    return self.render(context)
           ^^^^^^^^^^^^^^^^^^^^
  File "E:\myblog\.venv\Lib\site-packages\django\template\base.py", line 1077, in render
    output = self.filter_expression.resolve(context)
             ^^^^^^^^^^^^^^^^^^^^^^^^^^^^^^^^^^^^^^^
  File "E:\myblog\.venv\Lib\site-packages\django\template\base.py", line 723, in resolve
    obj = self.var.resolve(context)
          ^^^^^^^^^^^^^^^^^^^^^^^^^
  File "E:\myblog\.venv\Lib\site-packages\django\template\base.py", line 856, in resolve
    value = self._resolve_lookup(context)
            ^^^^^^^^^^^^^^^^^^^^^^^^^^^^^
  File "E:\myblog\.venv\Lib\site-packages\django\template\base.py", line 927, in _resolve_lookup
    current = current()
              ^^^^^^^^^
  File "E:\myblog\.venv\Lib\site-packages\django\template\loader_tags.py", line 81, in super
    return mark_safe(self.render(self.context))
                     ^^^^^^^^^^^^^^^^^^^^^^^^^
  File "E:\myblog\.venv\Lib\site-packages\django\template\loader_tags.py", line 65, in render
    result = block.nodelist.render(context)
             ^^^^^^^^^^^^^^^^^^^^^^^^^^^^^^
  File "E:\myblog\.venv\Lib\site-packages\django\template\base.py", line 1018, in render
    return SafeString("".join([node.render_annotated(context) for node in self]))
                              ^^^^^^^^^^^^^^^^^^^^^^^^^^^^^^^^^^^^^^^^^^^^^^^^^
  File "E:\myblog\.venv\Lib\site-packages\django\template\base.py", line 1018, in <listcomp>
    return SafeString("".join([node.render_annotated(context) for node in self]))
                               ^^^^^^^^^^^^^^^^^^^^^^^^^^^^^^
  File "E:\myblog\.venv\Lib\site-packages\django\template\base.py", line 979, in render_annotated
    return self.render(context)
           ^^^^^^^^^^^^^^^^^^^^
  File "E:\myblog\.venv\Lib\site-packages\django\template\base.py", line 1077, in render
    output = self.filter_expression.resolve(context)
             ^^^^^^^^^^^^^^^^^^^^^^^^^^^^^^^^^^^^^^^
  File "E:\myblog\.venv\Lib\site-packages\django\template\base.py", line 723, in resolve
    obj = self.var.resolve(context)
          ^^^^^^^^^^^^^^^^^^^^^^^^^
  File "E:\myblog\.venv\Lib\site-packages\django\template\base.py", line 856, in resolve
    value = self._resolve_lookup(context)
            ^^^^^^^^^^^^^^^^^^^^^^^^^^^^^
  File "E:\myblog\.venv\Lib\site-packages\django\template\base.py", line 903, in _resolve_lookup
    current = getattr(current, bit)
              ^^^^^^^^^^^^^^^^^^^^^
  File "E:\myblog\.venv\Lib\site-packages\django\utils\functional.py", line 253, in inner
    return func(_wrapped, *args)
           ^^^^^^^^^^^^^^^^^^^^^
  File "E:\myblog\.venv\Lib\site-packages\django\db\models\fields\related_descriptors.py", line 523, in __get__
    rel_obj = self.get_queryset(instance=instance).get(**filter_args)
              ^^^^^^^^^^^^^^^^^^^^^^^^^^^^^^^^^^^^^^^^^^^^^^^^^^^^^^^
  File "E:\myblog\.venv\Lib\site-packages\django\db\models\query.py", line 631, in get
    num = len(clone)
          ^^^^^^^^^^
  File "E:\myblog\.venv\Lib\site-packages\django\db\models\query.py", line 368, in __len__
    self._fetch_all()
  File "E:\myblog\.venv\Lib\site-packages\django\db\models\query.py", line 1954, in _fetch_all
    self._result_cache = list(self._iterable_class(self))
                         ^^^^^^^^^^^^^^^^^^^^^^^^^^^^^^^^
  File "E:\myblog\.venv\Lib\site-packages\django\db\models\query.py", line 93, in __iter__
    results = compiler.execute_sql(
              ^^^^^^^^^^^^^^^^^^^^^
  File "E:\myblog\.venv\Lib\site-packages\django\db\models\sql\compiler.py", line 1623, in execute_sql
    cursor.execute(sql, params)
  File "E:\myblog\.venv\Lib\site-packages\debug_toolbar\panels\sql\tracking.py", line 231, in execute
    return self._record(super().execute, sql, params)
           ^^^^^^^^^^^^^^^^^^^^^^^^^^^^^^^^^^^^^^^^^^
  File "E:\myblog\.venv\Lib\site-packages\debug_toolbar\panels\sql\tracking.py", line 157, in _record
    return method(sql, params)
           ^^^^^^^^^^^^^^^^^^^
  File "E:\myblog\.venv\Lib\site-packages\django\db\backends\utils.py", line 122, in execute
    return super().execute(sql, params)
           ^^^^^^^^^^^^^^^^^^^^^^^^^^^^
  File "E:\myblog\.venv\Lib\site-packages\django\db\backends\utils.py", line 79, in execute
    return self._execute_with_wrappers(
           ^^^^^^^^^^^^^^^^^^^^^^^^^^^^
  File "E:\myblog\.venv\Lib\site-packages\django\db\backends\utils.py", line 92, in _execute_with_wrappers
    return executor(sql, params, many, context)
           ^^^^^^^^^^^^^^^^^^^^^^^^^^^^^^^^^^^^
  File "E:\myblog\.venv\Lib\site-packages\django\db\backends\utils.py", line 100, in _execute
    with self.db.wrap_database_errors:
  File "E:\myblog\.venv\Lib\site-packages\django\db\utils.py", line 91, in __exit__
    raise dj_exc_value.with_traceback(traceback) from exc_value
  File "E:\myblog\.venv\Lib\site-packages\django\db\backends\utils.py", line 105, in _execute
    return self.cursor.execute(sql, params)
           ^^^^^^^^^^^^^^^^^^^^^^^^^^^^^^^^
  File "E:\myblog\.venv\Lib\site-packages\django\db\backends\mysql\base.py", line 76, in execute
    return self.cursor.execute(query, args)
           ^^^^^^^^^^^^^^^^^^^^^^^^^^^^^^^^
  File "E:\myblog\.venv\Lib\site-packages\MySQLdb\cursors.py", line 179, in execute
    res = self._query(mogrified_query)
          ^^^^^^^^^^^^^^^^^^^^^^^^^^^^
  File "E:\myblog\.venv\Lib\site-packages\MySQLdb\cursors.py", line 330, in _query
    db.query(q)
  File "E:\myblog\.venv\Lib\site-packages\MySQLdb\connections.py", line 280, in query
    _mysql.connection.query(self, query)
django.db.utils.ProgrammingError: (1146, "Table 'myblog.users_userprofile' doesn't exist")
"GET /users/profile/ HTTP/1.1" 500 376393
Watching for file changes with StatReloader
Internal Server Error: /
Traceback (most recent call last):
  File "E:\myblog\.venv\Lib\site-packages\django\db\backends\utils.py", line 105, in _execute
    return self.cursor.execute(sql, params)
           ^^^^^^^^^^^^^^^^^^^^^^^^^^^^^^^^
  File "E:\myblog\.venv\Lib\site-packages\django\db\backends\mysql\base.py", line 76, in execute
    return self.cursor.execute(query, args)
           ^^^^^^^^^^^^^^^^^^^^^^^^^^^^^^^^
  File "E:\myblog\.venv\Lib\site-packages\MySQLdb\cursors.py", line 179, in execute
    res = self._query(mogrified_query)
          ^^^^^^^^^^^^^^^^^^^^^^^^^^^^
  File "E:\myblog\.venv\Lib\site-packages\MySQLdb\cursors.py", line 330, in _query
    db.query(q)
  File "E:\myblog\.venv\Lib\site-packages\MySQLdb\connections.py", line 280, in query
    _mysql.connection.query(self, query)
MySQLdb.ProgrammingError: (1146, "Table 'myblog.core_blogsettings' doesn't exist")

The above exception was the direct cause of the following exception:

Traceback (most recent call last):
  File "E:\myblog\.venv\Lib\site-packages\django\core\handlers\exception.py", line 55, in inner
    response = get_response(request)
               ^^^^^^^^^^^^^^^^^^^^^
  File "E:\myblog\.venv\Lib\site-packages\django\core\handlers\base.py", line 197, in _get_response
    response = wrapped_callback(request, *callback_args, **callback_kwargs)
               ^^^^^^^^^^^^^^^^^^^^^^^^^^^^^^^^^^^^^^^^^^^^^^^^^^^^^^^^^^^^
  File "E:\myblog\articles\views.py", line 70, in article_list
    return render(request, 'articles/article_list.html', context)
           ^^^^^^^^^^^^^^^^^^^^^^^^^^^^^^^^^^^^^^^^^^^^^^^^^^^^^^
  File "E:\myblog\.venv\Lib\site-packages\django\shortcuts.py", line 25, in render
    content = loader.render_to_string(template_name, context, request, using=using)
              ^^^^^^^^^^^^^^^^^^^^^^^^^^^^^^^^^^^^^^^^^^^^^^^^^^^^^^^^^^^^^^^^^^^^^
  File "E:\myblog\.venv\Lib\site-packages\django\template\loader.py", line 62, in render_to_string
    return template.render(context, request)
           ^^^^^^^^^^^^^^^^^^^^^^^^^^^^^^^^^
  File "E:\myblog\.venv\Lib\site-packages\django\template\backends\django.py", line 107, in render
    return self.template.render(context)
           ^^^^^^^^^^^^^^^^^^^^^^^^^^^^^
  File "E:\myblog\.venv\Lib\site-packages\django\template\base.py", line 170, in render
    with context.bind_template(self):
  File "C:\Program Files\WindowsApps\PythonSoftwareFoundation.Python.3.11_3.11.2544.0_x64__qbz5n2kfra8p0\Lib\contextlib.py", line 137, in __enter__
    return next(self.gen)
           ^^^^^^^^^^^^^^
  File "E:\myblog\.venv\Lib\site-packages\debug_toolbar\panels\templates\panel.py", line 51, in _request_context_bind_template
    context = processor(self.request)
              ^^^^^^^^^^^^^^^^^^^^^^^
  File "E:\myblog\core\context_processors.py", line 8, in blog_settings
    settings = BlogSettings.load()  # 使用我们定义的 load 方法
               ^^^^^^^^^^^^^^^^^^^
  File "E:\myblog\core\models.py", line 43, in load
    obj, created = cls.objects.get_or_create(pk=1)
                   ^^^^^^^^^^^^^^^^^^^^^^^^^^^^^^^
  File "E:\myblog\.venv\Lib\site-packages\django\db\models\manager.py", line 87, in manager_method
    return getattr(self.get_queryset(), name)(*args, **kwargs)
           ^^^^^^^^^^^^^^^^^^^^^^^^^^^^^^^^^^^^^^^^^^^^^^^^^^^
  File "E:\myblog\.venv\Lib\site-packages\django\db\models\query.py", line 948, in get_or_create
    return self.get(**kwargs), False
           ^^^^^^^^^^^^^^^^^^
  File "E:\myblog\.venv\Lib\site-packages\django\db\models\query.py", line 631, in get
    num = len(clone)
          ^^^^^^^^^^
  File "E:\myblog\.venv\Lib\site-packages\django\db\models\query.py", line 368, in __len__
    self._fetch_all()
  File "E:\myblog\.venv\Lib\site-packages\django\db\models\query.py", line 1954, in _fetch_all
    self._result_cache = list(self._iterable_class(self))
                         ^^^^^^^^^^^^^^^^^^^^^^^^^^^^^^^^
  File "E:\myblog\.venv\Lib\site-packages\django\db\models\query.py", line 93, in __iter__
    results = compiler.execute_sql(
              ^^^^^^^^^^^^^^^^^^^^^
  File "E:\myblog\.venv\Lib\site-packages\django\db\models\sql\compiler.py", line 1623, in execute_sql
    cursor.execute(sql, params)
  File "E:\myblog\.venv\Lib\site-packages\debug_toolbar\panels\sql\tracking.py", line 231, in execute
    return self._record(super().execute, sql, params)
           ^^^^^^^^^^^^^^^^^^^^^^^^^^^^^^^^^^^^^^^^^^
  File "E:\myblog\.venv\Lib\site-packages\debug_toolbar\panels\sql\tracking.py", line 157, in _record
    return method(sql, params)
           ^^^^^^^^^^^^^^^^^^^
  File "E:\myblog\.venv\Lib\site-packages\django\db\backends\utils.py", line 122, in execute
    return super().execute(sql, params)
           ^^^^^^^^^^^^^^^^^^^^^^^^^^^^
  File "E:\myblog\.venv\Lib\site-packages\django\db\backends\utils.py", line 79, in execute
    return self._execute_with_wrappers(
           ^^^^^^^^^^^^^^^^^^^^^^^^^^^^
  File "E:\myblog\.venv\Lib\site-packages\django\db\backends\utils.py", line 92, in _execute_with_wrappers
    return executor(sql, params, many, context)
           ^^^^^^^^^^^^^^^^^^^^^^^^^^^^^^^^^^^^
  File "E:\myblog\.venv\Lib\site-packages\django\db\backends\utils.py", line 100, in _execute
    with self.db.wrap_database_errors:
  File "E:\myblog\.venv\Lib\site-packages\django\db\utils.py", line 91, in __exit__
    raise dj_exc_value.with_traceback(traceback) from exc_value
  File "E:\myblog\.venv\Lib\site-packages\django\db\backends\utils.py", line 105, in _execute
    return self.cursor.execute(sql, params)
           ^^^^^^^^^^^^^^^^^^^^^^^^^^^^^^^^
  File "E:\myblog\.venv\Lib\site-packages\django\db\backends\mysql\base.py", line 76, in execute
    return self.cursor.execute(query, args)
           ^^^^^^^^^^^^^^^^^^^^^^^^^^^^^^^^
  File "E:\myblog\.venv\Lib\site-packages\MySQLdb\cursors.py", line 179, in execute
    res = self._query(mogrified_query)
          ^^^^^^^^^^^^^^^^^^^^^^^^^^^^
  File "E:\myblog\.venv\Lib\site-packages\MySQLdb\cursors.py", line 330, in _query
    db.query(q)
  File "E:\myblog\.venv\Lib\site-packages\MySQLdb\connections.py", line 280, in query
    _mysql.connection.query(self, query)
django.db.utils.ProgrammingError: (1146, "Table 'myblog.core_blogsettings' doesn't exist")
"GET / HTTP/1.1" 500 241731
Watching for file changes with StatReloader
"GET / HTTP/1.1" 200 20105
"GET /static/css/light.css HTTP/1.1" 404 1966
"GET / HTTP/1.1" 200 20103
"GET /static/css/light.css HTTP/1.1" 404 1966
"GET /admin/django_summernote/attachment/ HTTP/1.1" 302 0
"GET /admin/login/?next=/admin/django_summernote/attachment/ HTTP/1.1" 200 18478
"GET /static/admin/css/login.css HTTP/1.1" 304 0
"POST /admin/login/?next=/admin/django_summernote/attachment/ HTTP/1.1" 200 18637
"POST /admin/login/?next=/admin/django_summernote/attachment/ HTTP/1.1" 200 18635
Internal Server Error: /admin/login/
Traceback (most recent call last):
  File "E:\myblog\.venv\Lib\site-packages\django\core\handlers\exception.py", line 55, in inner
    response = get_response(request)
               ^^^^^^^^^^^^^^^^^^^^^
  File "E:\myblog\.venv\Lib\site-packages\django\core\handlers\base.py", line 197, in _get_response
    response = wrapped_callback(request, *callback_args, **callback_kwargs)
               ^^^^^^^^^^^^^^^^^^^^^^^^^^^^^^^^^^^^^^^^^^^^^^^^^^^^^^^^^^^^
  File "E:\myblog\.venv\Lib\site-packages\django\utils\decorators.py", line 48, in _wrapper
    return bound_method(*args, **kwargs)
           ^^^^^^^^^^^^^^^^^^^^^^^^^^^^^
  File "E:\myblog\.venv\Lib\site-packages\django\views\decorators\cache.py", line 80, in _view_wrapper
    response = view_func(request, *args, **kwargs)
               ^^^^^^^^^^^^^^^^^^^^^^^^^^^^^^^^^^^
  File "E:\myblog\.venv\Lib\site-packages\django\contrib\admin\sites.py", line 449, in login
    return LoginView.as_view(**defaults)(request)
           ^^^^^^^^^^^^^^^^^^^^^^^^^^^^^^^^^^^^^^
  File "E:\myblog\.venv\Lib\site-packages\django\views\generic\base.py", line 105, in view
    return self.dispatch(request, *args, **kwargs)
           ^^^^^^^^^^^^^^^^^^^^^^^^^^^^^^^^^^^^^^^
  File "E:\myblog\.venv\Lib\site-packages\django\utils\decorators.py", line 48, in _wrapper
    return bound_method(*args, **kwargs)
           ^^^^^^^^^^^^^^^^^^^^^^^^^^^^^
  File "E:\myblog\.venv\Lib\site-packages\django\utils\decorators.py", line 48, in _wrapper
    return bound_method(*args, **kwargs)
           ^^^^^^^^^^^^^^^^^^^^^^^^^^^^^
  File "E:\myblog\.venv\Lib\site-packages\django\views\decorators\debug.py", line 143, in sensitive_post_parameters_wrapper
    return view(request, *args, **kwargs)
           ^^^^^^^^^^^^^^^^^^^^^^^^^^^^^^
  File "E:\myblog\.venv\Lib\site-packages\django\utils\decorators.py", line 48, in _wrapper
    return bound_method(*args, **kwargs)
           ^^^^^^^^^^^^^^^^^^^^^^^^^^^^^
  File "E:\myblog\.venv\Lib\site-packages\django\utils\decorators.py", line 192, in _view_wrapper
    result = _process_exception(request, e)
             ^^^^^^^^^^^^^^^^^^^^^^^^^^^^^^
  File "E:\myblog\.venv\Lib\site-packages\django\utils\decorators.py", line 190, in _view_wrapper
    response = view_func(request, *args, **kwargs)
               ^^^^^^^^^^^^^^^^^^^^^^^^^^^^^^^^^^^
  File "E:\myblog\.venv\Lib\site-packages\django\utils\decorators.py", line 48, in _wrapper
    return bound_method(*args, **kwargs)
           ^^^^^^^^^^^^^^^^^^^^^^^^^^^^^
  File "E:\myblog\.venv\Lib\site-packages\django\views\decorators\cache.py", line 80, in _view_wrapper
    response = view_func(request, *args, **kwargs)
               ^^^^^^^^^^^^^^^^^^^^^^^^^^^^^^^^^^^
  File "E:\myblog\.venv\Lib\site-packages\django\contrib\auth\views.py", line 89, in dispatch
    return super().dispatch(request, *args, **kwargs)
           ^^^^^^^^^^^^^^^^^^^^^^^^^^^^^^^^^^^^^^^^^^
  File "E:\myblog\.venv\Lib\site-packages\django\views\generic\base.py", line 144, in dispatch
    return handler(request, *args, **kwargs)
           ^^^^^^^^^^^^^^^^^^^^^^^^^^^^^^^^^
  File "E:\myblog\.venv\Lib\site-packages\django\views\generic\edit.py", line 151, in post
    return self.form_valid(form)
           ^^^^^^^^^^^^^^^^^^^^^
  File "E:\myblog\.venv\Lib\site-packages\django\contrib\auth\views.py", line 108, in form_valid
    auth_login(self.request, form.get_user())
  File "E:\myblog\.venv\Lib\site-packages\django\contrib\auth\__init__.py", line 197, in login
    user_logged_in.send(sender=user.__class__, request=request, user=user)
  File "E:\myblog\.venv\Lib\site-packages\django\dispatch\dispatcher.py", line 189, in send
    response = receiver(signal=self, sender=sender, **named)
               ^^^^^^^^^^^^^^^^^^^^^^^^^^^^^^^^^^^^^^^^^^^^^
  File "E:\myblog\.venv\Lib\site-packages\django\contrib\auth\models.py", line 24, in update_last_login
    user.save(update_fields=["last_login"])
  File "E:\myblog\.venv\Lib\site-packages\django\contrib\auth\base_user.py", line 65, in save
    super().save(*args, **kwargs)
  File "E:\myblog\.venv\Lib\site-packages\django\db\models\base.py", line 902, in save
    self.save_base(
  File "E:\myblog\.venv\Lib\site-packages\django\db\models\base.py", line 1023, in save_base
    post_save.send(
  File "E:\myblog\.venv\Lib\site-packages\django\dispatch\dispatcher.py", line 189, in send
    response = receiver(signal=self, sender=sender, **named)
               ^^^^^^^^^^^^^^^^^^^^^^^^^^^^^^^^^^^^^^^^^^^^^
  File "E:\myblog\users\models.py", line 105, in save_user_profile
    instance.profile.save()
    ^^^^^^^^^^^^^^^^
  File "E:\myblog\.venv\Lib\site-packages\django\db\models\fields\related_descriptors.py", line 534, in __get__
    raise self.RelatedObjectDoesNotExist(
users.models.User.profile.RelatedObjectDoesNotExist: User has no profile.
"POST /admin/login/?next=/admin/django_summernote/attachment/ HTTP/1.1" 500 211198
Watching for file changes with StatReloader
E:\myblog\myblog\settings.py changed, reloading.
Watching for file changes with StatReloader
Watching for file changes with StatReloader
"GET / HTTP/1.1" 200 20105
"GET /static/debug_toolbar/css/toolbar.css HTTP/1.1" 304 0
"GET /static/debug_toolbar/js/toolbar.js HTTP/1.1" 304 0
"GET /static/css/light.css HTTP/1.1" 404 1966
"GET /static/debug_toolbar/css/print.css HTTP/1.1" 304 0
"GET /static/debug_toolbar/js/utils.js HTTP/1.1" 304 0
Not Found: /favicon.ico
"GET /favicon.ico HTTP/1.1" 404 19697
"GET /accounts/login/ HTTP/1.1" 200 19701
"GET /static/css/light.css HTTP/1.1" 404 1966
Internal Server Error: /accounts/login/
Traceback (most recent call last):
  File "E:\myblog\.venv\Lib\site-packages\django_redis\cache.py", line 29, in _decorator
    return method(self, *args, **kwargs)
           ^^^^^^^^^^^^^^^^^^^^^^^^^^^^^
  File "E:\myblog\.venv\Lib\site-packages\django_redis\cache.py", line 99, in _get
    return self.client.get(key, default=default, version=version, client=client)
           ^^^^^^^^^^^^^^^^^^^^^^^^^^^^^^^^^^^^^^^^^^^^^^^^^^^^^^^^^^^^^^^^^^^^^
  File "E:\myblog\.venv\Lib\site-packages\django_redis\client\default.py", line 300, in get
    raise ConnectionInterrupted(connection=client) from e
django_redis.exceptions.ConnectionInterrupted: Redis ConnectionError: Error 10061 connecting to 127.0.0.1:6379. 由于目标计算机积极拒绝，无法连接。.

During handling of the above exception, another exception occurred:

Traceback (most recent call last):
  File "E:\myblog\.venv\Lib\site-packages\django\core\handlers\exception.py", line 55, in inner
    response = get_response(request)
               ^^^^^^^^^^^^^^^^^^^^^
  File "E:\myblog\.venv\Lib\site-packages\django\core\handlers\base.py", line 197, in _get_response
    response = wrapped_callback(request, *callback_args, **callback_kwargs)
               ^^^^^^^^^^^^^^^^^^^^^^^^^^^^^^^^^^^^^^^^^^^^^^^^^^^^^^^^^^^^
  File "E:\myblog\.venv\Lib\site-packages\django\views\generic\base.py", line 105, in view
    return self.dispatch(request, *args, **kwargs)
           ^^^^^^^^^^^^^^^^^^^^^^^^^^^^^^^^^^^^^^^
  File "E:\myblog\.venv\Lib\site-packages\django\utils\decorators.py", line 48, in _wrapper
    return bound_method(*args, **kwargs)
           ^^^^^^^^^^^^^^^^^^^^^^^^^^^^^
  File "E:\myblog\.venv\Lib\site-packages\allauth\decorators.py", line 10, in wrap
    resp = ratelimit.consume_or_429(request, action=action, **rl_kwargs)
           ^^^^^^^^^^^^^^^^^^^^^^^^^^^^^^^^^^^^^^^^^^^^^^^^^^^^^^^^^^^^^
  File "E:\myblog\.venv\Lib\site-packages\allauth\core\ratelimit.py", line 70, in consume_or_429
    if not consume(request, *args, **kwargs):
           ^^^^^^^^^^^^^^^^^^^^^^^^^^^^^^^^^
  File "E:\myblog\.venv\Lib\site-packages\allauth\core\ratelimit.py", line 41, in consume
    usage = _impl.consume(
            ^^^^^^^^^^^^^^
  File "E:\myblog\.venv\Lib\site-packages\allauth\core\internal\ratelimit.py", line 169, in consume
    single_usage = _consume_single_rate(
                   ^^^^^^^^^^^^^^^^^^^^^
  File "E:\myblog\.venv\Lib\site-packages\allauth\core\internal\ratelimit.py", line 131, in _consume_single_rate
    history = cache.get(cache_key, [])
              ^^^^^^^^^^^^^^^^^^^^^^^^
  File "E:\myblog\.venv\Lib\site-packages\debug_toolbar\panels\cache.py", line 42, in wrapper
    return panel._record_call(cache, name, original_method, args, kwargs)
           ^^^^^^^^^^^^^^^^^^^^^^^^^^^^^^^^^^^^^^^^^^^^^^^^^^^^^^^^^^^^^^
  File "E:\myblog\.venv\Lib\site-packages\debug_toolbar\panels\cache.py", line 151, in _record_call
    value = original_method(*args, **kwargs)
            ^^^^^^^^^^^^^^^^^^^^^^^^^^^^^^^^
  File "E:\myblog\.venv\Lib\site-packages\django_redis\cache.py", line 92, in get
    value = self._get(key, default, version, client)
            ^^^^^^^^^^^^^^^^^^^^^^^^^^^^^^^^^^^^^^^^
  File "E:\myblog\.venv\Lib\site-packages\django_redis\cache.py", line 36, in _decorator
    raise e.__cause__  # noqa: B904
    ^^^^^^^^^^^^^^^^^
  File "E:\myblog\.venv\Lib\site-packages\django_redis\client\default.py", line 298, in get
    value = client.get(key)
            ^^^^^^^^^^^^^^^
  File "E:\myblog\.venv\Lib\site-packages\redis\commands\core.py", line 1923, in get
    return self.execute_command("GET", name, keys=[name])
           ^^^^^^^^^^^^^^^^^^^^^^^^^^^^^^^^^^^^^^^^^^^^^^
  File "E:\myblog\.venv\Lib\site-packages\redis\client.py", line 657, in execute_command
    return self._execute_command(*args, **options)
           ^^^^^^^^^^^^^^^^^^^^^^^^^^^^^^^^^^^^^^^
  File "E:\myblog\.venv\Lib\site-packages\redis\client.py", line 663, in _execute_command
    conn = self.connection or pool.get_connection()
                              ^^^^^^^^^^^^^^^^^^^^^
  File "E:\myblog\.venv\Lib\site-packages\redis\utils.py", line 196, in wrapper
    return func(*args, **kwargs)
           ^^^^^^^^^^^^^^^^^^^^^
  File "E:\myblog\.venv\Lib\site-packages\redis\connection.py", line 2603, in get_connection
    connection.connect()
  File "E:\myblog\.venv\Lib\site-packages\redis\connection.py", line 846, in connect
    self.connect_check_health(check_health=True)
  File "E:\myblog\.venv\Lib\site-packages\redis\connection.py", line 863, in connect_check_health
    raise ConnectionError(self._error_message(e))
redis.exceptions.ConnectionError: Error 10061 connecting to 127.0.0.1:6379. 由于目标计算机积极拒绝，无法连接。.
"POST /accounts/login/ HTTP/1.1" 500 190205
"GET /accounts/login/ HTTP/1.1" 200 19700
"GET /accounts/signup/ HTTP/1.1" 200 21629
"GET /static/css/light.css HTTP/1.1" 404 1966
Internal Server Error: /accounts/signup/
Traceback (most recent call last):
  File "E:\myblog\.venv\Lib\site-packages\django_redis\cache.py", line 29, in _decorator
    return method(self, *args, **kwargs)
           ^^^^^^^^^^^^^^^^^^^^^^^^^^^^^
  File "E:\myblog\.venv\Lib\site-packages\django_redis\cache.py", line 99, in _get
    return self.client.get(key, default=default, version=version, client=client)
           ^^^^^^^^^^^^^^^^^^^^^^^^^^^^^^^^^^^^^^^^^^^^^^^^^^^^^^^^^^^^^^^^^^^^^
  File "E:\myblog\.venv\Lib\site-packages\django_redis\client\default.py", line 300, in get
    raise ConnectionInterrupted(connection=client) from e
django_redis.exceptions.ConnectionInterrupted: Redis ConnectionError: Error 10061 connecting to 127.0.0.1:6379. 由于目标计算机积极拒绝，无法连接。.

During handling of the above exception, another exception occurred:

Traceback (most recent call last):
  File "E:\myblog\.venv\Lib\site-packages\django\core\handlers\exception.py", line 55, in inner
    response = get_response(request)
               ^^^^^^^^^^^^^^^^^^^^^
  File "E:\myblog\.venv\Lib\site-packages\django\core\handlers\base.py", line 197, in _get_response
    response = wrapped_callback(request, *callback_args, **callback_kwargs)
               ^^^^^^^^^^^^^^^^^^^^^^^^^^^^^^^^^^^^^^^^^^^^^^^^^^^^^^^^^^^^
  File "E:\myblog\.venv\Lib\site-packages\django\views\generic\base.py", line 105, in view
    return self.dispatch(request, *args, **kwargs)
           ^^^^^^^^^^^^^^^^^^^^^^^^^^^^^^^^^^^^^^^
  File "E:\myblog\.venv\Lib\site-packages\django\utils\decorators.py", line 48, in _wrapper
    return bound_method(*args, **kwargs)
           ^^^^^^^^^^^^^^^^^^^^^^^^^^^^^
  File "E:\myblog\.venv\Lib\site-packages\allauth\decorators.py", line 10, in wrap
    resp = ratelimit.consume_or_429(request, action=action, **rl_kwargs)
           ^^^^^^^^^^^^^^^^^^^^^^^^^^^^^^^^^^^^^^^^^^^^^^^^^^^^^^^^^^^^^
  File "E:\myblog\.venv\Lib\site-packages\allauth\core\ratelimit.py", line 70, in consume_or_429
    if not consume(request, *args, **kwargs):
           ^^^^^^^^^^^^^^^^^^^^^^^^^^^^^^^^^
  File "E:\myblog\.venv\Lib\site-packages\allauth\core\ratelimit.py", line 41, in consume
    usage = _impl.consume(
            ^^^^^^^^^^^^^^
  File "E:\myblog\.venv\Lib\site-packages\allauth\core\internal\ratelimit.py", line 169, in consume
    single_usage = _consume_single_rate(
                   ^^^^^^^^^^^^^^^^^^^^^
  File "E:\myblog\.venv\Lib\site-packages\allauth\core\internal\ratelimit.py", line 131, in _consume_single_rate
    history = cache.get(cache_key, [])
              ^^^^^^^^^^^^^^^^^^^^^^^^
  File "E:\myblog\.venv\Lib\site-packages\debug_toolbar\panels\cache.py", line 42, in wrapper
    return panel._record_call(cache, name, original_method, args, kwargs)
           ^^^^^^^^^^^^^^^^^^^^^^^^^^^^^^^^^^^^^^^^^^^^^^^^^^^^^^^^^^^^^^
  File "E:\myblog\.venv\Lib\site-packages\debug_toolbar\panels\cache.py", line 151, in _record_call
    value = original_method(*args, **kwargs)
            ^^^^^^^^^^^^^^^^^^^^^^^^^^^^^^^^
  File "E:\myblog\.venv\Lib\site-packages\django_redis\cache.py", line 92, in get
    value = self._get(key, default, version, client)
            ^^^^^^^^^^^^^^^^^^^^^^^^^^^^^^^^^^^^^^^^
  File "E:\myblog\.venv\Lib\site-packages\django_redis\cache.py", line 36, in _decorator
    raise e.__cause__  # noqa: B904
    ^^^^^^^^^^^^^^^^^
  File "E:\myblog\.venv\Lib\site-packages\django_redis\client\default.py", line 298, in get
    value = client.get(key)
            ^^^^^^^^^^^^^^^
  File "E:\myblog\.venv\Lib\site-packages\redis\commands\core.py", line 1923, in get
    return self.execute_command("GET", name, keys=[name])
           ^^^^^^^^^^^^^^^^^^^^^^^^^^^^^^^^^^^^^^^^^^^^^^
  File "E:\myblog\.venv\Lib\site-packages\redis\client.py", line 657, in execute_command
    return self._execute_command(*args, **options)
           ^^^^^^^^^^^^^^^^^^^^^^^^^^^^^^^^^^^^^^^
  File "E:\myblog\.venv\Lib\site-packages\redis\client.py", line 663, in _execute_command
    conn = self.connection or pool.get_connection()
                              ^^^^^^^^^^^^^^^^^^^^^
  File "E:\myblog\.venv\Lib\site-packages\redis\utils.py", line 196, in wrapper
    return func(*args, **kwargs)
           ^^^^^^^^^^^^^^^^^^^^^
  File "E:\myblog\.venv\Lib\site-packages\redis\connection.py", line 2603, in get_connection
    connection.connect()
  File "E:\myblog\.venv\Lib\site-packages\redis\connection.py", line 846, in connect
    self.connect_check_health(check_health=True)
  File "E:\myblog\.venv\Lib\site-packages\redis\connection.py", line 863, in connect_check_health
    raise ConnectionError(self._error_message(e))
redis.exceptions.ConnectionError: Error 10061 connecting to 127.0.0.1:6379. 由于目标计算机积极拒绝，无法连接。.
"POST /accounts/signup/ HTTP/1.1" 500 190663
"GET / HTTP/1.1" 200 20103
"GET /static/css/light.css HTTP/1.1" 404 1966
"GET /accounts/login/ HTTP/1.1" 200 19700
"GET /static/css/light.css HTTP/1.1" 404 1966
"POST /accounts/login/ HTTP/1.1" 200 19791
"GET /static/css/light.css HTTP/1.1" 404 1966
"GET /accounts/signup/ HTTP/1.1" 200 21629
"GET /static/css/light.css HTTP/1.1" 404 1966
"POST /accounts/signup/ HTTP/1.1" 200 21916
"GET /static/css/light.css HTTP/1.1" 404 1966
"GET /accounts/login/ HTTP/1.1" 200 19700
"GET /static/css/light.css HTTP/1.1" 404 1966
"POST /accounts/login/ HTTP/1.1" 200 19791
"GET /static/css/light.css HTTP/1.1" 404 1966
"GET /accounts/signup/ HTTP/1.1" 200 21629
"GET /static/css/light.css HTTP/1.1" 404 1966
"POST /accounts/signup/ HTTP/1.1" 200 21916
"GET /static/css/light.css HTTP/1.1" 404 1966
"POST /accounts/signup/ HTTP/1.1" 302 0
"GET /accounts/confirm-email/ HTTP/1.1" 200 15765
"GET /accounts/login/ HTTP/1.1" 200 19701
"GET /static/css/light.css HTTP/1.1" 404 1966
"POST /accounts/login/ HTTP/1.1" 302 0
"GET /accounts/confirm-email/ HTTP/1.1" 200 15531
"GET /accounts/login/ HTTP/1.1" 200 19700
"GET /admin/core/blogsettings/ HTTP/1.1" 302 0
"GET /admin/login/?next=/admin/core/blogsettings/ HTTP/1.1" 200 18445
"GET /static/admin/css/dark_mode.css HTTP/1.1" 304 0
"GET /static/admin/css/base.css HTTP/1.1" 304 0
"GET /static/admin/css/nav_sidebar.css HTTP/1.1" 304 0
"GET /static/admin/css/login.css HTTP/1.1" 304 0
"GET /static/admin/css/responsive.css HTTP/1.1" 304 0
"GET /static/admin/js/theme.js HTTP/1.1" 304 0
"GET /static/admin/js/nav_sidebar.js HTTP/1.1" 304 0
"POST /admin/login/?next=/admin/core/blogsettings/ HTTP/1.1" 200 18605
"POST /admin/login/?next=/admin/core/blogsettings/ HTTP/1.1" 200 18603
"POST /admin/login/?next=/admin/core/blogsettings/ HTTP/1.1" 302 0
"GET /admin/core/blogsettings/ HTTP/1.1" 200 31719
"GET /static/admin/css/changelists.css HTTP/1.1" 304 0
"GET /static/admin/js/admin/RelatedObjectLookups.js HTTP/1.1" 304 0
"GET /static/admin/js/vendor/jquery/jquery.js HTTP/1.1" 304 0
"GET /static/admin/js/actions.js HTTP/1.1" 304 0
"GET /static/admin/js/jquery.init.js HTTP/1.1" 304 0
"GET /static/admin/js/core.js HTTP/1.1" 304 0
"GET /static/admin/js/urlify.js HTTP/1.1" 304 0
"GET /static/admin/js/prepopulate.js HTTP/1.1" 304 0
"GET /static/admin/js/vendor/xregexp/xregexp.js HTTP/1.1" 304 0
"GET /static/admin/js/filters.js HTTP/1.1" 304 0
"GET /admin/jsi18n/ HTTP/1.1" 200 9327
"GET /static/admin/img/icon-addlink.svg HTTP/1.1" 304 0
"GET /admin/socialaccount/socialaccount/ HTTP/1.1" 200 31273
"GET /static/admin/img/search.svg HTTP/1.1" 304 0
"GET /admin/jsi18n/ HTTP/1.1" 200 9327
"GET /static/admin/img/tooltag-add.svg HTTP/1.1" 304 0
"GET /static/admin/img/icon-viewlink.svg HTTP/1.1" 304 0
"GET /admin/socialaccount/socialapp/ HTTP/1.1" 200 30374
"GET /admin/jsi18n/ HTTP/1.1" 200 9327
"GET /admin/socialaccount/socialapp/add/ HTTP/1.1" 200 37107
"GET /static/admin/css/forms.css HTTP/1.1" 304 0
"GET /static/admin/js/prepopulate_init.js HTTP/1.1" 304 0
"GET /static/admin/js/SelectBox.js HTTP/1.1" 304 0
"GET /static/admin/js/SelectFilter2.js HTTP/1.1" 304 0
"GET /static/admin/css/widgets.css HTTP/1.1" 304 0
"GET /static/admin/js/change_form.js HTTP/1.1" 304 0
"GET /admin/jsi18n/ HTTP/1.1" 200 9327
"GET /static/admin/img/selector-icons.svg HTTP/1.1" 304 0
"POST /admin/socialaccount/socialapp/add/ HTTP/1.1" 200 37337
"GET /admin/jsi18n/ HTTP/1.1" 200 9327
"POST /admin/socialaccount/socialapp/add/ HTTP/1.1" 302 0
"GET /admin/socialaccount/socialapp/ HTTP/1.1" 200 32047
"GET /admin/jsi18n/ HTTP/1.1" 200 9327
"GET /static/admin/img/icon-yes.svg HTTP/1.1" 304 0
"GET /admin/socialaccount/socialapp/add/ HTTP/1.1" 200 37106
"GET /admin/jsi18n/ HTTP/1.1" 200 9327
"POST /admin/socialaccount/socialapp/add/ HTTP/1.1" 302 0
"GET /admin/socialaccount/socialapp/ HTTP/1.1" 200 32354
"GET /admin/jsi18n/ HTTP/1.1" 200 9327
"GET /admin/socialaccount/socialapp/add/ HTTP/1.1" 200 37106
"GET /admin/jsi18n/ HTTP/1.1" 200 9327
"GET /admin/account/emailaddress/add/ HTTP/1.1" 200 32769
"GET /admin/jsi18n/ HTTP/1.1" 200 9327
Forbidden (CSRF token from POST incorrect.): /accounts/login/
"POST /accounts/login/ HTTP/1.1" 403 16661
"GET /accounts/login/ HTTP/1.1" 302 0
"GET /users/profile/ HTTP/1.1" 200 22251
"GET / HTTP/1.1" 200 21030
"GET /static/css/light.css HTTP/1.1" 404 1966
"GET /create/ HTTP/1.1" 200 21881
"GET /static/css/light.css HTTP/1.1" 404 1966
"GET /admin/account/emailaddress/add/ HTTP/1.1" 200 32770
"GET /admin/jsi18n/ HTTP/1.1" 200 9327
"GET /admin/articles/category/add/ HTTP/1.1" 200 32554
"GET /admin/jsi18n/ HTTP/1.1" 200 9327
"POST /admin/articles/category/add/ HTTP/1.1" 302 0
"GET /admin/articles/category/ HTTP/1.1" 200 32206
"GET /admin/jsi18n/ HTTP/1.1" 200 9327
"GET /static/admin/img/sorting-icons.svg HTTP/1.1" 304 0
"GET /admin/articles/category/add/ HTTP/1.1" 200 32554
"GET /admin/jsi18n/ HTTP/1.1" 200 9327
"POST /admin/articles/category/add/ HTTP/1.1" 302 0
"GET /admin/articles/category/ HTTP/1.1" 200 32505
"GET /admin/jsi18n/ HTTP/1.1" 200 9327
"GET /admin/articles/category/add/ HTTP/1.1" 200 32554
"GET /admin/jsi18n/ HTTP/1.1" 200 9327
"POST /admin/articles/category/add/ HTTP/1.1" 302 0
"GET /admin/articles/category/ HTTP/1.1" 200 32785
"GET /admin/jsi18n/ HTTP/1.1" 200 9327
"GET /admin/articles/category/add/ HTTP/1.1" 200 32554
"GET /admin/jsi18n/ HTTP/1.1" 200 9327
"POST /admin/articles/category/add/ HTTP/1.1" 200 32801
"GET /admin/jsi18n/ HTTP/1.1" 200 9327
"POST /admin/articles/category/add/ HTTP/1.1" 302 0
"GET /admin/articles/category/ HTTP/1.1" 200 33074
"GET /admin/jsi18n/ HTTP/1.1" 200 9327
"GET /admin/articles/category/add/ HTTP/1.1" 200 32554
"GET /admin/jsi18n/ HTTP/1.1" 200 9327
"POST /admin/articles/category/add/ HTTP/1.1" 302 0
"GET /admin/articles/category/ HTTP/1.1" 200 33363
"GET /admin/jsi18n/ HTTP/1.1" 200 9327
"GET /admin/articles/category/add/ HTTP/1.1" 200 32554
"GET /admin/jsi18n/ HTTP/1.1" 200 9327
"POST /admin/articles/category/add/ HTTP/1.1" 302 0
"GET /admin/articles/category/ HTTP/1.1" 200 33654
"GET /admin/jsi18n/ HTTP/1.1" 200 9327
"GET /admin/articles/category/add/ HTTP/1.1" 200 32554
"GET /admin/jsi18n/ HTTP/1.1" 200 9327
"POST /admin/articles/category/add/ HTTP/1.1" 302 0
"GET /admin/articles/category/ HTTP/1.1" 200 33957
"GET /admin/jsi18n/ HTTP/1.1" 200 9327
"GET /admin/articles/article/add/ HTTP/1.1" 200 40943
"GET /static/markdownx/js/markdownx.js HTTP/1.1" 200 25897
"GET /static/admin/img/icon-changelink.svg HTTP/1.1" 304 0
"GET /static/admin/img/icon-deletelink.svg HTTP/1.1" 200 392
"GET /admin/jsi18n/ HTTP/1.1" 200 9327
"POST /markdownx/markdownify/ HTTP/1.1" 200 0
"GET /admin/articles/tag/add/ HTTP/1.1" 200 31896
"GET /admin/jsi18n/ HTTP/1.1" 200 9327
"POST /admin/articles/tag/add/ HTTP/1.1" 302 0
"GET /admin/articles/tag/add/ HTTP/1.1" 200 32124
"GET /admin/jsi18n/ HTTP/1.1" 200 9327
"POST /admin/articles/tag/add/ HTTP/1.1" 302 0
"GET /admin/articles/tag/add/ HTTP/1.1" 200 32123
"GET /admin/jsi18n/ HTTP/1.1" 200 9327
"POST /admin/articles/tag/add/ HTTP/1.1" 302 0
"GET /admin/articles/tag/add/ HTTP/1.1" 200 32122
"GET /admin/jsi18n/ HTTP/1.1" 200 9327
"POST /admin/articles/tag/add/ HTTP/1.1" 302 0
"GET /admin/articles/tag/add/ HTTP/1.1" 200 32121
"GET /admin/jsi18n/ HTTP/1.1" 200 9327
"POST /admin/articles/tag/add/ HTTP/1.1" 302 0
"GET /admin/articles/tag/add/ HTTP/1.1" 200 32123
"GET /admin/jsi18n/ HTTP/1.1" 200 9327
"POST /admin/articles/tag/add/ HTTP/1.1" 302 0
"GET /admin/articles/tag/add/ HTTP/1.1" 200 32120
"GET /admin/jsi18n/ HTTP/1.1" 200 9327
"POST /admin/articles/tag/add/ HTTP/1.1" 302 0
"GET /admin/articles/tag/add/ HTTP/1.1" 200 32125
"GET /admin/jsi18n/ HTTP/1.1" 200 9327
"POST /admin/articles/tag/add/ HTTP/1.1" 302 0
"GET /admin/articles/tag/add/ HTTP/1.1" 200 32125
"GET /admin/jsi18n/ HTTP/1.1" 200 9327
"POST /admin/articles/tag/add/ HTTP/1.1" 302 0
"GET /admin/articles/tag/add/ HTTP/1.1" 200 32125
"GET /admin/jsi18n/ HTTP/1.1" 200 9327
"POST /admin/articles/tag/add/ HTTP/1.1" 302 0
"GET /admin/articles/tag/add/ HTTP/1.1" 200 32127
"GET /admin/jsi18n/ HTTP/1.1" 200 9327
"POST /admin/articles/tag/add/ HTTP/1.1" 302 0
"GET /admin/articles/tag/add/ HTTP/1.1" 200 32137
"GET /admin/jsi18n/ HTTP/1.1" 200 9327
"POST /admin/articles/tag/add/ HTTP/1.1" 302 0
"GET /admin/articles/tag/add/ HTTP/1.1" 200 32129
"GET /admin/jsi18n/ HTTP/1.1" 200 9327
"POST /admin/articles/tag/add/ HTTP/1.1" 302 0
"GET /admin/articles/tag/add/ HTTP/1.1" 200 32123
"GET /admin/jsi18n/ HTTP/1.1" 200 9327
"GET /admin/articles/category/ HTTP/1.1" 200 33762
"GET /admin/jsi18n/ HTTP/1.1" 200 9327
"GET /admin/articles/tag/ HTTP/1.1" 200 35390
"GET /admin/jsi18n/ HTTP/1.1" 200 9327
"GET /admin/articles/tag/add/ HTTP/1.1" 200 31895
"GET /admin/jsi18n/ HTTP/1.1" 200 9327
"POST /admin/articles/tag/add/ HTTP/1.1" 302 0
"GET /admin/articles/tag/add/ HTTP/1.1" 200 32126
"GET /admin/jsi18n/ HTTP/1.1" 200 9327
"POST /admin/articles/tag/add/ HTTP/1.1" 302 0
"GET /admin/articles/tag/add/ HTTP/1.1" 200 32132
"GET /admin/jsi18n/ HTTP/1.1" 200 9327
"POST /admin/articles/tag/add/ HTTP/1.1" 200 32269
"GET /admin/jsi18n/ HTTP/1.1" 200 9327
"POST /admin/articles/tag/add/ HTTP/1.1" 200 32210
"GET /admin/jsi18n/ HTTP/1.1" 200 9327
"POST /admin/articles/tag/add/ HTTP/1.1" 302 0
"GET /admin/articles/tag/add/ HTTP/1.1" 200 32132
"GET /admin/jsi18n/ HTTP/1.1" 200 9327
"POST /admin/articles/tag/add/ HTTP/1.1" 302 0
"GET /admin/articles/tag/add/ HTTP/1.1" 200 32132
"GET /admin/jsi18n/ HTTP/1.1" 200 9327
"GET /create/ HTTP/1.1" 200 24182
"GET /static/css/light.css HTTP/1.1" 404 1966
"POST /create/ HTTP/1.1" 302 0
"GET /01/ HTTP/1.1" 200 25253
"GET /static/css/light.css HTTP/1.1" 404 1966
"GET /static/js/comments.js HTTP/1.1" 304 0
"GET /media/article_images/IMG_20251120_135531_mChfdJj.jpg HTTP/1.1" 200 653269
"GET / HTTP/1.1" 200 25008
"GET /static/css/light.css HTTP/1.1" 404 1966
"GET /media/article_images/IMG_20251120_135531_mChfdJj.jpg HTTP/1.1" 304 0
"GET /01/ HTTP/1.1" 200 24968
"GET /static/css/light.css HTTP/1.1" 404 1966
"GET /media/article_images/IMG_20251120_135531_mChfdJj.jpg HTTP/1.1" 304 0
"POST /comments/add/1/ HTTP/1.1" 200 304
"GET /static/images/default-avatar.png HTTP/1.1" 404 2002
"GET /__debug__/history_sidebar/?request_id=5bca61a4d1c1435ba6d6d6023417ded0 HTTP/1.1" 200 10582
"POST /comments/like/1/ HTTP/1.1" 200 12
"GET /__debug__/history_sidebar/?request_id=3da2570cda1344c18857eaae1b07622c HTTP/1.1" 200 10584
"POST /comments/like/1/ HTTP/1.1" 200 12
"POST /comments/like/1/ HTTP/1.1" 200 12
"GET /__debug__/history_sidebar/?request_id=96d354273a164678a53bd98b4422aa77 HTTP/1.1" 200 10583
"GET /__debug__/history_sidebar/?request_id=0f6960c4e4c34911b1afdc4e5c343c94 HTTP/1.1" 200 10583
"POST /comments/like/1/ HTTP/1.1" 200 12
"GET /__debug__/history_sidebar/?request_id=b442479103ea4ead92229213d273ff64 HTTP/1.1" 200 10584
"POST /comments/like/1/ HTTP/1.1" 200 12
"POST /comments/like/1/ HTTP/1.1" 200 12
"GET /__debug__/history_sidebar/?request_id=a46b5c4a58bd44a6b740ef246f0ac6e2 HTTP/1.1" 200 10584
"GET /qrcode/01/?t=1766394977344 HTTP/1.1" 200 22699
"GET / HTTP/1.1" 200 25008
"GET /static/css/light.css HTTP/1.1" 404 1966
"GET /media/article_images/IMG_20251120_135531_mChfdJj.jpg HTTP/1.1" 304 0
"GET /users/profile/ HTTP/1.1" 200 22782
"GET /static/css/light.css HTTP/1.1" 404 1966
"GET /static/images/default-avatar.png HTTP/1.1" 404 2002
Internal Server Error: /users/profile/edit/
Traceback (most recent call last):
  File "E:\myblog\.venv\Lib\site-packages\django\core\handlers\exception.py", line 55, in inner
    response = get_response(request)
               ^^^^^^^^^^^^^^^^^^^^^
  File "E:\myblog\.venv\Lib\site-packages\django\core\handlers\base.py", line 197, in _get_response
    response = wrapped_callback(request, *callback_args, **callback_kwargs)
               ^^^^^^^^^^^^^^^^^^^^^^^^^^^^^^^^^^^^^^^^^^^^^^^^^^^^^^^^^^^^
  File "E:\myblog\.venv\Lib\site-packages\django\contrib\auth\decorators.py", line 59, in _view_wrapper
    return view_func(request, *args, **kwargs)
           ^^^^^^^^^^^^^^^^^^^^^^^^^^^^^^^^^^^
  File "E:\myblog\users\views.py", line 131, in edit_profile
    return render(request, 'users/edit_profile.html', {
           ^^^^^^^^^^^^^^^^^^^^^^^^^^^^^^^^^^^^^^^^^^^^
  File "E:\myblog\.venv\Lib\site-packages\django\shortcuts.py", line 25, in render
    content = loader.render_to_string(template_name, context, request, using=using)
              ^^^^^^^^^^^^^^^^^^^^^^^^^^^^^^^^^^^^^^^^^^^^^^^^^^^^^^^^^^^^^^^^^^^^^
  File "E:\myblog\.venv\Lib\site-packages\django\template\loader.py", line 61, in render_to_string
    template = get_template(template_name, using=using)
               ^^^^^^^^^^^^^^^^^^^^^^^^^^^^^^^^^^^^^^^^
  File "E:\myblog\.venv\Lib\site-packages\django\template\loader.py", line 15, in get_template
    return engine.get_template(template_name)
           ^^^^^^^^^^^^^^^^^^^^^^^^^^^^^^^^^^
  File "E:\myblog\.venv\Lib\site-packages\django\template\backends\django.py", line 79, in get_template
    return Template(self.engine.get_template(template_name), self)
                    ^^^^^^^^^^^^^^^^^^^^^^^^^^^^^^^^^^^^^^^
  File "E:\myblog\.venv\Lib\site-packages\django\template\engine.py", line 177, in get_template
    template, origin = self.find_template(template_name)
                       ^^^^^^^^^^^^^^^^^^^^^^^^^^^^^^^^^
  File "E:\myblog\.venv\Lib\site-packages\django\template\engine.py", line 159, in find_template
    template = loader.get_template(name, skip=skip)
               ^^^^^^^^^^^^^^^^^^^^^^^^^^^^^^^^^^^^
  File "E:\myblog\.venv\Lib\site-packages\django\template\loaders\cached.py", line 57, in get_template
    template = super().get_template(template_name, skip)
               ^^^^^^^^^^^^^^^^^^^^^^^^^^^^^^^^^^^^^^^^^
  File "E:\myblog\.venv\Lib\site-packages\django\template\loaders\base.py", line 28, in get_template
    return Template(
           ^^^^^^^^^
  File "E:\myblog\.venv\Lib\site-packages\django\template\base.py", line 155, in __init__
    self.nodelist = self.compile_nodelist()
                    ^^^^^^^^^^^^^^^^^^^^^^^
  File "E:\myblog\.venv\Lib\site-packages\django\template\base.py", line 197, in compile_nodelist
    nodelist = parser.parse()
               ^^^^^^^^^^^^^^
  File "E:\myblog\.venv\Lib\site-packages\django\template\base.py", line 519, in parse
    raise self.error(token, e)
  File "E:\myblog\.venv\Lib\site-packages\django\template\base.py", line 517, in parse
    compiled_result = compile_func(self, token)
                      ^^^^^^^^^^^^^^^^^^^^^^^^^
  File "E:\myblog\.venv\Lib\site-packages\django\template\loader_tags.py", line 299, in do_extends
    nodelist = parser.parse()
               ^^^^^^^^^^^^^^
  File "E:\myblog\.venv\Lib\site-packages\django\template\base.py", line 519, in parse
    raise self.error(token, e)
  File "E:\myblog\.venv\Lib\site-packages\django\template\base.py", line 517, in parse
    compiled_result = compile_func(self, token)
                      ^^^^^^^^^^^^^^^^^^^^^^^^^
  File "E:\myblog\.venv\Lib\site-packages\django\template\loader_tags.py", line 234, in do_block
    nodelist = parser.parse(("endblock",))
               ^^^^^^^^^^^^^^^^^^^^^^^^^^^
  File "E:\myblog\.venv\Lib\site-packages\django\template\base.py", line 519, in parse
    raise self.error(token, e)
  File "E:\myblog\.venv\Lib\site-packages\django\template\base.py", line 517, in parse
    compiled_result = compile_func(self, token)
                      ^^^^^^^^^^^^^^^^^^^^^^^^^
  File "E:\myblog\.venv\Lib\site-packages\django\template\defaulttags.py", line 862, in do_for
    nodelist_loop = parser.parse(
                    ^^^^^^^^^^^^^
  File "E:\myblog\.venv\Lib\site-packages\django\template\base.py", line 490, in parse
    raise self.error(token, e)
  File "E:\myblog\.venv\Lib\site-packages\django\template\base.py", line 488, in parse
    filter_expression = self.compile_filter(token.contents)
                        ^^^^^^^^^^^^^^^^^^^^^^^^^^^^^^^^^^^
  File "E:\myblog\.venv\Lib\site-packages\django\template\base.py", line 610, in compile_filter
    return FilterExpression(token, self)
           ^^^^^^^^^^^^^^^^^^^^^^^^^^^^^
  File "E:\myblog\.venv\Lib\site-packages\django\template\base.py", line 706, in __init__
    filter_func = parser.find_filter(filter_name)
                  ^^^^^^^^^^^^^^^^^^^^^^^^^^^^^^^
  File "E:\myblog\.venv\Lib\site-packages\django\template\base.py", line 616, in find_filter
    raise TemplateSyntaxError("Invalid filter: '%s'" % filter_name)
django.template.exceptions.TemplateSyntaxError: Invalid filter: 'add_class'
"GET /users/profile/edit/ HTTP/1.1" 500 256259
Watching for file changes with StatReloader
"GET / HTTP/1.1" 200 25009
"GET /static/css/light.css HTTP/1.1" 404 1966
"GET /media/article_images/IMG_20251120_135531_mChfdJj.jpg HTTP/1.1" 304 0
"GET /users/profile/ HTTP/1.1" 200 22782
"GET /static/css/light.css HTTP/1.1" 404 1966
"GET /static/images/default-avatar.png HTTP/1.1" 404 2002
Internal Server Error: /users/profile/edit/
Traceback (most recent call last):
  File "E:\myblog\.venv\Lib\site-packages\django\template\defaulttags.py", line 1035, in find_library
    return parser.libraries[name]
           ~~~~~~~~~~~~~~~~^^^^^^
KeyError: 'widget——tweaks'

During handling of the above exception, another exception occurred:

Traceback (most recent call last):
  File "E:\myblog\.venv\Lib\site-packages\django\core\handlers\exception.py", line 55, in inner
    response = get_response(request)
               ^^^^^^^^^^^^^^^^^^^^^
  File "E:\myblog\.venv\Lib\site-packages\django\core\handlers\base.py", line 197, in _get_response
    response = wrapped_callback(request, *callback_args, **callback_kwargs)
               ^^^^^^^^^^^^^^^^^^^^^^^^^^^^^^^^^^^^^^^^^^^^^^^^^^^^^^^^^^^^
  File "E:\myblog\.venv\Lib\site-packages\django\contrib\auth\decorators.py", line 59, in _view_wrapper
    return view_func(request, *args, **kwargs)
           ^^^^^^^^^^^^^^^^^^^^^^^^^^^^^^^^^^^
  File "E:\myblog\users\views.py", line 131, in edit_profile
    return render(request, 'users/edit_profile.html', {
           ^^^^^^^^^^^^^^^^^^^^^^^^^^^^^^^^^^^^^^^^^^^^
  File "E:\myblog\.venv\Lib\site-packages\django\shortcuts.py", line 25, in render
    content = loader.render_to_string(template_name, context, request, using=using)
              ^^^^^^^^^^^^^^^^^^^^^^^^^^^^^^^^^^^^^^^^^^^^^^^^^^^^^^^^^^^^^^^^^^^^^
  File "E:\myblog\.venv\Lib\site-packages\django\template\loader.py", line 61, in render_to_string
    template = get_template(template_name, using=using)
               ^^^^^^^^^^^^^^^^^^^^^^^^^^^^^^^^^^^^^^^^
  File "E:\myblog\.venv\Lib\site-packages\django\template\loader.py", line 15, in get_template
    return engine.get_template(template_name)
           ^^^^^^^^^^^^^^^^^^^^^^^^^^^^^^^^^^
  File "E:\myblog\.venv\Lib\site-packages\django\template\backends\django.py", line 79, in get_template
    return Template(self.engine.get_template(template_name), self)
                    ^^^^^^^^^^^^^^^^^^^^^^^^^^^^^^^^^^^^^^^
  File "E:\myblog\.venv\Lib\site-packages\django\template\engine.py", line 177, in get_template
    template, origin = self.find_template(template_name)
                       ^^^^^^^^^^^^^^^^^^^^^^^^^^^^^^^^^
  File "E:\myblog\.venv\Lib\site-packages\django\template\engine.py", line 159, in find_template
    template = loader.get_template(name, skip=skip)
               ^^^^^^^^^^^^^^^^^^^^^^^^^^^^^^^^^^^^
  File "E:\myblog\.venv\Lib\site-packages\django\template\loaders\cached.py", line 57, in get_template
    template = super().get_template(template_name, skip)
               ^^^^^^^^^^^^^^^^^^^^^^^^^^^^^^^^^^^^^^^^^
  File "E:\myblog\.venv\Lib\site-packages\django\template\loaders\base.py", line 28, in get_template
    return Template(
           ^^^^^^^^^
  File "E:\myblog\.venv\Lib\site-packages\django\template\base.py", line 155, in __init__
    self.nodelist = self.compile_nodelist()
                    ^^^^^^^^^^^^^^^^^^^^^^^
  File "E:\myblog\.venv\Lib\site-packages\django\template\base.py", line 197, in compile_nodelist
    nodelist = parser.parse()
               ^^^^^^^^^^^^^^
  File "E:\myblog\.venv\Lib\site-packages\django\template\base.py", line 519, in parse
    raise self.error(token, e)
  File "E:\myblog\.venv\Lib\site-packages\django\template\base.py", line 517, in parse
    compiled_result = compile_func(self, token)
                      ^^^^^^^^^^^^^^^^^^^^^^^^^
  File "E:\myblog\.venv\Lib\site-packages\django\template\loader_tags.py", line 299, in do_extends
    nodelist = parser.parse()
               ^^^^^^^^^^^^^^
  File "E:\myblog\.venv\Lib\site-packages\django\template\base.py", line 519, in parse
    raise self.error(token, e)
  File "E:\myblog\.venv\Lib\site-packages\django\template\base.py", line 517, in parse
    compiled_result = compile_func(self, token)
                      ^^^^^^^^^^^^^^^^^^^^^^^^^
  File "E:\myblog\.venv\Lib\site-packages\django\template\defaulttags.py", line 1097, in load
    lib = find_library(parser, name)
          ^^^^^^^^^^^^^^^^^^^^^^^^^^
  File "E:\myblog\.venv\Lib\site-packages\django\template\defaulttags.py", line 1037, in find_library
    raise TemplateSyntaxError(
django.template.exceptions.TemplateSyntaxError: 'widget——tweaks' is not a registered tag library. Must be one of:
account
admin_list
admin_modify
admin_urls
allauth
cache
highlight
humanize
i18n
l10n
log
more_like_this
socialaccount
static
tz
widget_tweaks
"GET /users/profile/edit/ HTTP/1.1" 500 219504
"GET /users/profile/edit/ HTTP/1.1" 200 24855
"GET /static/css/light.css HTTP/1.1" 404 1966
"POST /users/profile/edit/ HTTP/1.1" 302 0
"GET /users/profile/ HTTP/1.1" 200 23118
"GET /static/css/light.css HTTP/1.1" 404 1966
"GET /media/blog_backgrounds/IMG_20251221_183445.jpg HTTP/1.1" 200 306516
"GET /media/avatars/IMG_20251120_135531_VadsqBt.jpg HTTP/1.1" 200 653269
"GET / HTTP/1.1" 200 25008
"GET /static/css/light.css HTTP/1.1" 404 1966
"GET / HTTP/1.1" 200 25008
"GET /static/css/light.css HTTP/1.1" 404 1966
"GET / HTTP/1.1" 200 25008
"GET /static/css/light.css HTTP/1.1" 404 1966
"GET / HTTP/1.1" 200 25008
"GET /static/css/light.css HTTP/1.1" 404 1966
Watching for file changes with StatReloader
"GET / HTTP/1.1" 200 24083
"GET /static/css/light.css HTTP/1.1" 404 1966
"GET /static/debug_toolbar/js/toolbar.js HTTP/1.1" 304 0
"GET /static/debug_toolbar/css/toolbar.css HTTP/1.1" 304 0
"GET /static/debug_toolbar/css/print.css HTTP/1.1" 304 0
"GET /static/debug_toolbar/js/utils.js HTTP/1.1" 304 0
"GET /media/article_images/IMG_20251120_135531_mChfdJj.jpg HTTP/1.1" 304 0
Not Found: /favicon.ico
"GET /favicon.ico HTTP/1.1" 404 19696
Watching for file changes with StatReloader
"GET / HTTP/1.1" 200 24083
"GET /static/css/light.css HTTP/1.1" 404 1966
"GET /media/article_images/IMG_20251120_135531_mChfdJj.jpg HTTP/1.1" 304 0
Not Found: /favicon.ico
"GET /favicon.ico HTTP/1.1" 404 19696
"GET / HTTP/1.1" 200 24081
"GET /static/css/light.css HTTP/1.1" 404 1966
Internal Server Error: /01/
Traceback (most recent call last):
  File "E:\myblog\.venv\Lib\site-packages\django\template\base.py", line 892, in _resolve_lookup
    raise TypeError
TypeError

During handling of the above exception, another exception occurred:

Traceback (most recent call last):
  File "E:\myblog\.venv\Lib\site-packages\django\core\handlers\exception.py", line 55, in inner
    response = get_response(request)
               ^^^^^^^^^^^^^^^^^^^^^
  File "E:\myblog\.venv\Lib\site-packages\django\core\handlers\base.py", line 197, in _get_response
    response = wrapped_callback(request, *callback_args, **callback_kwargs)
               ^^^^^^^^^^^^^^^^^^^^^^^^^^^^^^^^^^^^^^^^^^^^^^^^^^^^^^^^^^^^
  File "E:\myblog\articles\views.py", line 92, in article_detail
    return render(request, 'articles/article_detail.html', context)
           ^^^^^^^^^^^^^^^^^^^^^^^^^^^^^^^^^^^^^^^^^^^^^^^^^^^^^^^^
  File "E:\myblog\.venv\Lib\site-packages\django\shortcuts.py", line 25, in render
    content = loader.render_to_string(template_name, context, request, using=using)
              ^^^^^^^^^^^^^^^^^^^^^^^^^^^^^^^^^^^^^^^^^^^^^^^^^^^^^^^^^^^^^^^^^^^^^
  File "E:\myblog\.venv\Lib\site-packages\django\template\loader.py", line 62, in render_to_string
    return template.render(context, request)
           ^^^^^^^^^^^^^^^^^^^^^^^^^^^^^^^^^
  File "E:\myblog\.venv\Lib\site-packages\django\template\backends\django.py", line 107, in render
    return self.template.render(context)
           ^^^^^^^^^^^^^^^^^^^^^^^^^^^^^
  File "E:\myblog\.venv\Lib\site-packages\django\template\base.py", line 172, in render
    return self._render(context)
           ^^^^^^^^^^^^^^^^^^^^^
  File "E:\myblog\.venv\Lib\site-packages\django\test\utils.py", line 114, in instrumented_test_render
    return self.nodelist.render(context)
           ^^^^^^^^^^^^^^^^^^^^^^^^^^^^^
  File "E:\myblog\.venv\Lib\site-packages\django\template\base.py", line 1018, in render
    return SafeString("".join([node.render_annotated(context) for node in self]))
                              ^^^^^^^^^^^^^^^^^^^^^^^^^^^^^^^^^^^^^^^^^^^^^^^^^
  File "E:\myblog\.venv\Lib\site-packages\django\template\base.py", line 1018, in <listcomp>
    return SafeString("".join([node.render_annotated(context) for node in self]))
                               ^^^^^^^^^^^^^^^^^^^^^^^^^^^^^^
  File "E:\myblog\.venv\Lib\site-packages\django\template\base.py", line 979, in render_annotated
    return self.render(context)
           ^^^^^^^^^^^^^^^^^^^^
  File "E:\myblog\.venv\Lib\site-packages\django\template\loader_tags.py", line 159, in render
    return compiled_parent._render(context)
           ^^^^^^^^^^^^^^^^^^^^^^^^^^^^^^^^
  File "E:\myblog\.venv\Lib\site-packages\django\test\utils.py", line 114, in instrumented_test_render
    return self.nodelist.render(context)
           ^^^^^^^^^^^^^^^^^^^^^^^^^^^^^
  File "E:\myblog\.venv\Lib\site-packages\django\template\base.py", line 1018, in render
    return SafeString("".join([node.render_annotated(context) for node in self]))
                              ^^^^^^^^^^^^^^^^^^^^^^^^^^^^^^^^^^^^^^^^^^^^^^^^^
  File "E:\myblog\.venv\Lib\site-packages\django\template\base.py", line 1018, in <listcomp>
    return SafeString("".join([node.render_annotated(context) for node in self]))
                               ^^^^^^^^^^^^^^^^^^^^^^^^^^^^^^
  File "E:\myblog\.venv\Lib\site-packages\django\template\base.py", line 979, in render_annotated
    return self.render(context)
           ^^^^^^^^^^^^^^^^^^^^
  File "E:\myblog\.venv\Lib\site-packages\django\template\loader_tags.py", line 65, in render
    result = block.nodelist.render(context)
             ^^^^^^^^^^^^^^^^^^^^^^^^^^^^^^
  File "E:\myblog\.venv\Lib\site-packages\django\template\base.py", line 1018, in render
    return SafeString("".join([node.render_annotated(context) for node in self]))
                              ^^^^^^^^^^^^^^^^^^^^^^^^^^^^^^^^^^^^^^^^^^^^^^^^^
  File "E:\myblog\.venv\Lib\site-packages\django\template\base.py", line 1018, in <listcomp>
    return SafeString("".join([node.render_annotated(context) for node in self]))
                               ^^^^^^^^^^^^^^^^^^^^^^^^^^^^^^
  File "E:\myblog\.venv\Lib\site-packages\django\template\base.py", line 979, in render_annotated
    return self.render(context)
           ^^^^^^^^^^^^^^^^^^^^
  File "E:\myblog\.venv\Lib\site-packages\django\template\defaulttags.py", line 243, in render
    nodelist.append(node.render_annotated(context))
                    ^^^^^^^^^^^^^^^^^^^^^^^^^^^^^^
  File "E:\myblog\.venv\Lib\site-packages\django\template\base.py", line 979, in render_annotated
    return self.render(context)
           ^^^^^^^^^^^^^^^^^^^^
  File "E:\myblog\.venv\Lib\site-packages\django\template\defaulttags.py", line 327, in render
    return nodelist.render(context)
           ^^^^^^^^^^^^^^^^^^^^^^^^
  File "E:\myblog\.venv\Lib\site-packages\django\template\base.py", line 1018, in render
    return SafeString("".join([node.render_annotated(context) for node in self]))
                              ^^^^^^^^^^^^^^^^^^^^^^^^^^^^^^^^^^^^^^^^^^^^^^^^^
  File "E:\myblog\.venv\Lib\site-packages\django\template\base.py", line 1018, in <listcomp>
    return SafeString("".join([node.render_annotated(context) for node in self]))
                               ^^^^^^^^^^^^^^^^^^^^^^^^^^^^^^
  File "E:\myblog\.venv\Lib\site-packages\django\template\base.py", line 979, in render_annotated
    return self.render(context)
           ^^^^^^^^^^^^^^^^^^^^
  File "E:\myblog\.venv\Lib\site-packages\django\template\base.py", line 1077, in render
    output = self.filter_expression.resolve(context)
             ^^^^^^^^^^^^^^^^^^^^^^^^^^^^^^^^^^^^^^^
  File "E:\myblog\.venv\Lib\site-packages\django\template\base.py", line 723, in resolve
    obj = self.var.resolve(context)
          ^^^^^^^^^^^^^^^^^^^^^^^^^
  File "E:\myblog\.venv\Lib\site-packages\django\template\base.py", line 856, in resolve
    value = self._resolve_lookup(context)
            ^^^^^^^^^^^^^^^^^^^^^^^^^^^^^
  File "E:\myblog\.venv\Lib\site-packages\django\template\base.py", line 903, in _resolve_lookup
    current = getattr(current, bit)
              ^^^^^^^^^^^^^^^^^^^^^
  File "E:\myblog\.venv\Lib\site-packages\django\db\models\fields\files.py", line 69, in url
    self._require_file()
  File "E:\myblog\.venv\Lib\site-packages\django\db\models\fields\files.py", line 44, in _require_file
    raise ValueError(
ValueError: The 'avatar' attribute has no file associated with it.
"GET /01/ HTTP/1.1" 500 238537
"GET / HTTP/1.1" 200 24081
"GET /static/css/light.css HTTP/1.1" 404 1966
Internal Server Error: /01/
Traceback (most recent call last):
  File "E:\myblog\.venv\Lib\site-packages\django\template\base.py", line 892, in _resolve_lookup
    raise TypeError
TypeError

During handling of the above exception, another exception occurred:

Traceback (most recent call last):
  File "E:\myblog\.venv\Lib\site-packages\django\core\handlers\exception.py", line 55, in inner
    response = get_response(request)
               ^^^^^^^^^^^^^^^^^^^^^
  File "E:\myblog\.venv\Lib\site-packages\django\core\handlers\base.py", line 197, in _get_response
    response = wrapped_callback(request, *callback_args, **callback_kwargs)
               ^^^^^^^^^^^^^^^^^^^^^^^^^^^^^^^^^^^^^^^^^^^^^^^^^^^^^^^^^^^^
  File "E:\myblog\articles\views.py", line 92, in article_detail
    return render(request, 'articles/article_detail.html', context)
           ^^^^^^^^^^^^^^^^^^^^^^^^^^^^^^^^^^^^^^^^^^^^^^^^^^^^^^^^
  File "E:\myblog\.venv\Lib\site-packages\django\shortcuts.py", line 25, in render
    content = loader.render_to_string(template_name, context, request, using=using)
              ^^^^^^^^^^^^^^^^^^^^^^^^^^^^^^^^^^^^^^^^^^^^^^^^^^^^^^^^^^^^^^^^^^^^^
  File "E:\myblog\.venv\Lib\site-packages\django\template\loader.py", line 62, in render_to_string
    return template.render(context, request)
           ^^^^^^^^^^^^^^^^^^^^^^^^^^^^^^^^^
  File "E:\myblog\.venv\Lib\site-packages\django\template\backends\django.py", line 107, in render
    return self.template.render(context)
           ^^^^^^^^^^^^^^^^^^^^^^^^^^^^^
  File "E:\myblog\.venv\Lib\site-packages\django\template\base.py", line 172, in render
    return self._render(context)
           ^^^^^^^^^^^^^^^^^^^^^
  File "E:\myblog\.venv\Lib\site-packages\django\test\utils.py", line 114, in instrumented_test_render
    return self.nodelist.render(context)
           ^^^^^^^^^^^^^^^^^^^^^^^^^^^^^
  File "E:\myblog\.venv\Lib\site-packages\django\template\base.py", line 1018, in render
    return SafeString("".join([node.render_annotated(context) for node in self]))
                              ^^^^^^^^^^^^^^^^^^^^^^^^^^^^^^^^^^^^^^^^^^^^^^^^^
  File "E:\myblog\.venv\Lib\site-packages\django\template\base.py", line 1018, in <listcomp>
    return SafeString("".join([node.render_annotated(context) for node in self]))
                               ^^^^^^^^^^^^^^^^^^^^^^^^^^^^^^
  File "E:\myblog\.venv\Lib\site-packages\django\template\base.py", line 979, in render_annotated
    return self.render(context)
           ^^^^^^^^^^^^^^^^^^^^
  File "E:\myblog\.venv\Lib\site-packages\django\template\loader_tags.py", line 159, in render
    return compiled_parent._render(context)
           ^^^^^^^^^^^^^^^^^^^^^^^^^^^^^^^^
  File "E:\myblog\.venv\Lib\site-packages\django\test\utils.py", line 114, in instrumented_test_render
    return self.nodelist.render(context)
           ^^^^^^^^^^^^^^^^^^^^^^^^^^^^^
  File "E:\myblog\.venv\Lib\site-packages\django\template\base.py", line 1018, in render
    return SafeString("".join([node.render_annotated(context) for node in self]))
                              ^^^^^^^^^^^^^^^^^^^^^^^^^^^^^^^^^^^^^^^^^^^^^^^^^
  File "E:\myblog\.venv\Lib\site-packages\django\template\base.py", line 1018, in <listcomp>
    return SafeString("".join([node.render_annotated(context) for node in self]))
                               ^^^^^^^^^^^^^^^^^^^^^^^^^^^^^^
  File "E:\myblog\.venv\Lib\site-packages\django\template\base.py", line 979, in render_annotated
    return self.render(context)
           ^^^^^^^^^^^^^^^^^^^^
  File "E:\myblog\.venv\Lib\site-packages\django\template\loader_tags.py", line 65, in render
    result = block.nodelist.render(context)
             ^^^^^^^^^^^^^^^^^^^^^^^^^^^^^^
  File "E:\myblog\.venv\Lib\site-packages\django\template\base.py", line 1018, in render
    return SafeString("".join([node.render_annotated(context) for node in self]))
                              ^^^^^^^^^^^^^^^^^^^^^^^^^^^^^^^^^^^^^^^^^^^^^^^^^
  File "E:\myblog\.venv\Lib\site-packages\django\template\base.py", line 1018, in <listcomp>
    return SafeString("".join([node.render_annotated(context) for node in self]))
                               ^^^^^^^^^^^^^^^^^^^^^^^^^^^^^^
  File "E:\myblog\.venv\Lib\site-packages\django\template\base.py", line 979, in render_annotated
    return self.render(context)
           ^^^^^^^^^^^^^^^^^^^^
  File "E:\myblog\.venv\Lib\site-packages\django\template\defaulttags.py", line 243, in render
    nodelist.append(node.render_annotated(context))
                    ^^^^^^^^^^^^^^^^^^^^^^^^^^^^^^
  File "E:\myblog\.venv\Lib\site-packages\django\template\base.py", line 979, in render_annotated
    return self.render(context)
           ^^^^^^^^^^^^^^^^^^^^
  File "E:\myblog\.venv\Lib\site-packages\django\template\defaulttags.py", line 327, in render
    return nodelist.render(context)
           ^^^^^^^^^^^^^^^^^^^^^^^^
  File "E:\myblog\.venv\Lib\site-packages\django\template\base.py", line 1018, in render
    return SafeString("".join([node.render_annotated(context) for node in self]))
                              ^^^^^^^^^^^^^^^^^^^^^^^^^^^^^^^^^^^^^^^^^^^^^^^^^
  File "E:\myblog\.venv\Lib\site-packages\django\template\base.py", line 1018, in <listcomp>
    return SafeString("".join([node.render_annotated(context) for node in self]))
                               ^^^^^^^^^^^^^^^^^^^^^^^^^^^^^^
  File "E:\myblog\.venv\Lib\site-packages\django\template\base.py", line 979, in render_annotated
    return self.render(context)
           ^^^^^^^^^^^^^^^^^^^^
  File "E:\myblog\.venv\Lib\site-packages\django\template\base.py", line 1077, in render
    output = self.filter_expression.resolve(context)
             ^^^^^^^^^^^^^^^^^^^^^^^^^^^^^^^^^^^^^^^
  File "E:\myblog\.venv\Lib\site-packages\django\template\base.py", line 723, in resolve
    obj = self.var.resolve(context)
          ^^^^^^^^^^^^^^^^^^^^^^^^^
  File "E:\myblog\.venv\Lib\site-packages\django\template\base.py", line 856, in resolve
    value = self._resolve_lookup(context)
            ^^^^^^^^^^^^^^^^^^^^^^^^^^^^^
  File "E:\myblog\.venv\Lib\site-packages\django\template\base.py", line 903, in _resolve_lookup
    current = getattr(current, bit)
              ^^^^^^^^^^^^^^^^^^^^^
  File "E:\myblog\.venv\Lib\site-packages\django\db\models\fields\files.py", line 69, in url
    self._require_file()
  File "E:\myblog\.venv\Lib\site-packages\django\db\models\fields\files.py", line 44, in _require_file
    raise ValueError(
ValueError: The 'avatar' attribute has no file associated with it.
"GET /01/ HTTP/1.1" 500 238536
Watching for file changes with StatReloader
"GET / HTTP/1.1" 200 24082
"GET /static/css/light.css HTTP/1.1" 404 1966
"GET /01/ HTTP/1.1" 200 23071
"GET /static/css/light.css HTTP/1.1" 404 1966
"GET /static/images/default_avatar.png HTTP/1.1" 404 2002
"GET /static/js/comments.js HTTP/1.1" 304 0
Internal Server Error: /accounts/login/
Traceback (most recent call last):
  File "E:\myblog\.venv\Lib\site-packages\django\core\handlers\exception.py", line 55, in inner
    response = get_response(request)
               ^^^^^^^^^^^^^^^^^^^^^
  File "E:\myblog\.venv\Lib\site-packages\django\core\handlers\base.py", line 220, in _get_response
    response = response.render()
               ^^^^^^^^^^^^^^^^^
  File "E:\myblog\.venv\Lib\site-packages\django\template\response.py", line 114, in render
    self.content = self.rendered_content
                   ^^^^^^^^^^^^^^^^^^^^^
  File "E:\myblog\.venv\Lib\site-packages\django\template\response.py", line 92, in rendered_content
    return template.render(context, self._request)
           ^^^^^^^^^^^^^^^^^^^^^^^^^^^^^^^^^^^^^^^
  File "E:\myblog\.venv\Lib\site-packages\django\template\backends\django.py", line 107, in render
    return self.template.render(context)
           ^^^^^^^^^^^^^^^^^^^^^^^^^^^^^
  File "E:\myblog\.venv\Lib\site-packages\django\template\base.py", line 172, in render
    return self._render(context)
           ^^^^^^^^^^^^^^^^^^^^^
  File "E:\myblog\.venv\Lib\site-packages\django\test\utils.py", line 114, in instrumented_test_render
    return self.nodelist.render(context)
           ^^^^^^^^^^^^^^^^^^^^^^^^^^^^^
  File "E:\myblog\.venv\Lib\site-packages\django\template\base.py", line 1018, in render
    return SafeString("".join([node.render_annotated(context) for node in self]))
                              ^^^^^^^^^^^^^^^^^^^^^^^^^^^^^^^^^^^^^^^^^^^^^^^^^
  File "E:\myblog\.venv\Lib\site-packages\django\template\base.py", line 1018, in <listcomp>
    return SafeString("".join([node.render_annotated(context) for node in self]))
                               ^^^^^^^^^^^^^^^^^^^^^^^^^^^^^^
  File "E:\myblog\.venv\Lib\site-packages\django\template\base.py", line 979, in render_annotated
    return self.render(context)
           ^^^^^^^^^^^^^^^^^^^^
  File "E:\myblog\.venv\Lib\site-packages\django\template\loader_tags.py", line 159, in render
    return compiled_parent._render(context)
           ^^^^^^^^^^^^^^^^^^^^^^^^^^^^^^^^
  File "E:\myblog\.venv\Lib\site-packages\django\test\utils.py", line 114, in instrumented_test_render
    return self.nodelist.render(context)
           ^^^^^^^^^^^^^^^^^^^^^^^^^^^^^
  File "E:\myblog\.venv\Lib\site-packages\django\template\base.py", line 1018, in render
    return SafeString("".join([node.render_annotated(context) for node in self]))
                              ^^^^^^^^^^^^^^^^^^^^^^^^^^^^^^^^^^^^^^^^^^^^^^^^^
  File "E:\myblog\.venv\Lib\site-packages\django\template\base.py", line 1018, in <listcomp>
    return SafeString("".join([node.render_annotated(context) for node in self]))
                               ^^^^^^^^^^^^^^^^^^^^^^^^^^^^^^
  File "E:\myblog\.venv\Lib\site-packages\django\template\base.py", line 979, in render_annotated
    return self.render(context)
           ^^^^^^^^^^^^^^^^^^^^
  File "E:\myblog\.venv\Lib\site-packages\django\template\loader_tags.py", line 65, in render
    result = block.nodelist.render(context)
             ^^^^^^^^^^^^^^^^^^^^^^^^^^^^^^
  File "E:\myblog\.venv\Lib\site-packages\django\template\base.py", line 1018, in render
    return SafeString("".join([node.render_annotated(context) for node in self]))
                              ^^^^^^^^^^^^^^^^^^^^^^^^^^^^^^^^^^^^^^^^^^^^^^^^^
  File "E:\myblog\.venv\Lib\site-packages\django\template\base.py", line 1018, in <listcomp>
    return SafeString("".join([node.render_annotated(context) for node in self]))
                               ^^^^^^^^^^^^^^^^^^^^^^^^^^^^^^
  File "E:\myblog\.venv\Lib\site-packages\django\template\base.py", line 979, in render_annotated
    return self.render(context)
           ^^^^^^^^^^^^^^^^^^^^
  File "E:\myblog\.venv\Lib\site-packages\django\template\defaulttags.py", line 327, in render
    return nodelist.render(context)
           ^^^^^^^^^^^^^^^^^^^^^^^^
  File "E:\myblog\.venv\Lib\site-packages\django\template\base.py", line 1018, in render
    return SafeString("".join([node.render_annotated(context) for node in self]))
                              ^^^^^^^^^^^^^^^^^^^^^^^^^^^^^^^^^^^^^^^^^^^^^^^^^
  File "E:\myblog\.venv\Lib\site-packages\django\template\base.py", line 1018, in <listcomp>
    return SafeString("".join([node.render_annotated(context) for node in self]))
                               ^^^^^^^^^^^^^^^^^^^^^^^^^^^^^^
  File "E:\myblog\.venv\Lib\site-packages\django\template\base.py", line 979, in render_annotated
    return self.render(context)
           ^^^^^^^^^^^^^^^^^^^^
  File "E:\myblog\.venv\Lib\site-packages\django\template\defaulttags.py", line 243, in render
    nodelist.append(node.render_annotated(context))
                    ^^^^^^^^^^^^^^^^^^^^^^^^^^^^^^
  File "E:\myblog\.venv\Lib\site-packages\django\template\base.py", line 979, in render_annotated
    return self.render(context)
           ^^^^^^^^^^^^^^^^^^^^
  File "E:\myblog\.venv\Lib\site-packages\django\template\defaulttags.py", line 327, in render
    return nodelist.render(context)
           ^^^^^^^^^^^^^^^^^^^^^^^^
  File "E:\myblog\.venv\Lib\site-packages\django\template\base.py", line 1018, in render
    return SafeString("".join([node.render_annotated(context) for node in self]))
                              ^^^^^^^^^^^^^^^^^^^^^^^^^^^^^^^^^^^^^^^^^^^^^^^^^
  File "E:\myblog\.venv\Lib\site-packages\django\template\base.py", line 1018, in <listcomp>
    return SafeString("".join([node.render_annotated(context) for node in self]))
                               ^^^^^^^^^^^^^^^^^^^^^^^^^^^^^^
  File "E:\myblog\.venv\Lib\site-packages\django\template\base.py", line 979, in render_annotated
    return self.render(context)
           ^^^^^^^^^^^^^^^^^^^^
  File "E:\myblog\.venv\Lib\site-packages\django\template\library.py", line 324, in render
    output = self.func(*resolved_args, **resolved_kwargs)
             ^^^^^^^^^^^^^^^^^^^^^^^^^^^^^^^^^^^^^^^^^^^^
  File "E:\myblog\.venv\Lib\site-packages\allauth\socialaccount\templatetags\socialaccount.py", line 21, in provider_login_url
    provider = adapter.get_provider(request, provider)
               ^^^^^^^^^^^^^^^^^^^^^^^^^^^^^^^^^^^^^^^
  File "E:\myblog\.venv\Lib\site-packages\allauth\socialaccount\adapter.py", line 212, in get_provider
    app = self.get_app(request, provider=provider, client_id=client_id)
          ^^^^^^^^^^^^^^^^^^^^^^^^^^^^^^^^^^^^^^^^^^^^^^^^^^^^^^^^^^^^^
  File "E:\myblog\.venv\Lib\site-packages\allauth\socialaccount\adapter.py", line 299, in get_app
    raise MultipleObjectsReturned
django.core.exceptions.MultipleObjectsReturned
"GET /accounts/login/ HTTP/1.1" 500 247550
"GET /admin/articles/tag/add/ HTTP/1.1" 302 0
"GET /admin/login/?next=/admin/articles/tag/add/ HTTP/1.1" 200 18442
"GET /static/admin/css/base.css HTTP/1.1" 304 0
"GET /static/admin/css/dark_mode.css HTTP/1.1" 304 0
"GET /static/admin/js/theme.js HTTP/1.1" 304 0
"GET /static/admin/css/nav_sidebar.css HTTP/1.1" 304 0
"GET /static/admin/css/responsive.css HTTP/1.1" 304 0
"GET /static/admin/css/login.css HTTP/1.1" 304 0
"GET /static/admin/js/nav_sidebar.js HTTP/1.1" 304 0
"POST /admin/login/?next=/admin/articles/tag/add/ HTTP/1.1" 200 18602
"POST /admin/login/?next=/admin/articles/tag/add/ HTTP/1.1" 200 18599
"POST /admin/login/?next=/admin/articles/tag/add/ HTTP/1.1" 302 0
"GET /admin/articles/tag/add/ HTTP/1.1" 200 31896
"GET /static/admin/css/forms.css HTTP/1.1" 304 0
"GET /static/admin/js/jquery.init.js HTTP/1.1" 304 0
"GET /static/admin/js/core.js HTTP/1.1" 304 0
"GET /static/admin/js/vendor/jquery/jquery.js HTTP/1.1" 304 0
"GET /static/admin/js/prepopulate.js HTTP/1.1" 304 0
"GET /static/admin/js/urlify.js HTTP/1.1" 304 0
"GET /static/admin/js/admin/RelatedObjectLookups.js HTTP/1.1" 304 0
"GET /static/admin/js/vendor/xregexp/xregexp.js HTTP/1.1" 304 0
"GET /static/admin/css/widgets.css HTTP/1.1" 304 0
"GET /static/admin/js/prepopulate_init.js HTTP/1.1" 304 0
"GET /static/admin/js/actions.js HTTP/1.1" 304 0
"GET /static/admin/js/change_form.js HTTP/1.1" 304 0
"GET /admin/jsi18n/ HTTP/1.1" 200 9327
"GET /static/admin/img/icon-addlink.svg HTTP/1.1" 304 0
"GET /admin/socialaccount/socialapp/ HTTP/1.1" 200 32151
"GET /static/admin/css/changelists.css HTTP/1.1" 304 0
"GET /static/admin/js/filters.js HTTP/1.1" 304 0
"GET /admin/jsi18n/ HTTP/1.1" 200 9327
"GET /static/admin/img/tooltag-add.svg HTTP/1.1" 304 0
"GET /admin/socialaccount/socialapp/?o=1 HTTP/1.1" 200 32461
"GET /admin/jsi18n/ HTTP/1.1" 200 9327
"GET /static/admin/img/sorting-icons.svg HTTP/1.1" 304 0
"GET /admin/socialaccount/socialapp/1/change/?_changelist_filters=o%3D1 HTTP/1.1" 200 37546
"GET /static/admin/js/SelectBox.js HTTP/1.1" 304 0
"GET /static/admin/js/SelectFilter2.js HTTP/1.1" 304 0
"GET /admin/jsi18n/ HTTP/1.1" 200 9327
"GET /static/admin/img/selector-icons.svg HTTP/1.1" 304 0
"GET /static/admin/img/search.svg HTTP/1.1" 304 0
"GET /admin/socialaccount/socialapp/1/delete/?_changelist_filters=o%3D1 HTTP/1.1" 200 30448
"GET /static/admin/js/cancel.js HTTP/1.1" 200 884
"POST /admin/socialaccount/socialapp/1/delete/?_changelist_filters=o%3D1 HTTP/1.1" 302 0
"GET /admin/socialaccount/socialapp/?o=1 HTTP/1.1" 200 32277
"GET /admin/jsi18n/ HTTP/1.1" 200 9327
"GET /static/admin/img/icon-yes.svg HTTP/1.1" 304 0
Watching for file changes with StatReloader
"GET / HTTP/1.1" 200 25009
"GET /static/css/light.css HTTP/1.1" 404 1966
"POST /accounts/logout/ HTTP/1.1" 302 0
"GET / HTTP/1.1" 200 24360
"GET /static/css/light.css HTTP/1.1" 404 1966
Internal Server Error: /accounts/login/
Traceback (most recent call last):
  File "E:\myblog\.venv\Lib\site-packages\django\core\handlers\exception.py", line 55, in inner
    response = get_response(request)
               ^^^^^^^^^^^^^^^^^^^^^
  File "E:\myblog\.venv\Lib\site-packages\django\core\handlers\base.py", line 220, in _get_response
    response = response.render()
               ^^^^^^^^^^^^^^^^^
  File "E:\myblog\.venv\Lib\site-packages\django\template\response.py", line 114, in render
    self.content = self.rendered_content
                   ^^^^^^^^^^^^^^^^^^^^^
  File "E:\myblog\.venv\Lib\site-packages\django\template\response.py", line 92, in rendered_content
    return template.render(context, self._request)
           ^^^^^^^^^^^^^^^^^^^^^^^^^^^^^^^^^^^^^^^
  File "E:\myblog\.venv\Lib\site-packages\django\template\backends\django.py", line 107, in render
    return self.template.render(context)
           ^^^^^^^^^^^^^^^^^^^^^^^^^^^^^
  File "E:\myblog\.venv\Lib\site-packages\django\template\base.py", line 172, in render
    return self._render(context)
           ^^^^^^^^^^^^^^^^^^^^^
  File "E:\myblog\.venv\Lib\site-packages\django\test\utils.py", line 114, in instrumented_test_render
    return self.nodelist.render(context)
           ^^^^^^^^^^^^^^^^^^^^^^^^^^^^^
  File "E:\myblog\.venv\Lib\site-packages\django\template\base.py", line 1018, in render
    return SafeString("".join([node.render_annotated(context) for node in self]))
                              ^^^^^^^^^^^^^^^^^^^^^^^^^^^^^^^^^^^^^^^^^^^^^^^^^
  File "E:\myblog\.venv\Lib\site-packages\django\template\base.py", line 1018, in <listcomp>
    return SafeString("".join([node.render_annotated(context) for node in self]))
                               ^^^^^^^^^^^^^^^^^^^^^^^^^^^^^^
  File "E:\myblog\.venv\Lib\site-packages\django\template\base.py", line 979, in render_annotated
    return self.render(context)
           ^^^^^^^^^^^^^^^^^^^^
  File "E:\myblog\.venv\Lib\site-packages\django\template\loader_tags.py", line 159, in render
    return compiled_parent._render(context)
           ^^^^^^^^^^^^^^^^^^^^^^^^^^^^^^^^
  File "E:\myblog\.venv\Lib\site-packages\django\test\utils.py", line 114, in instrumented_test_render
    return self.nodelist.render(context)
           ^^^^^^^^^^^^^^^^^^^^^^^^^^^^^
  File "E:\myblog\.venv\Lib\site-packages\django\template\base.py", line 1018, in render
    return SafeString("".join([node.render_annotated(context) for node in self]))
                              ^^^^^^^^^^^^^^^^^^^^^^^^^^^^^^^^^^^^^^^^^^^^^^^^^
  File "E:\myblog\.venv\Lib\site-packages\django\template\base.py", line 1018, in <listcomp>
    return SafeString("".join([node.render_annotated(context) for node in self]))
                               ^^^^^^^^^^^^^^^^^^^^^^^^^^^^^^
  File "E:\myblog\.venv\Lib\site-packages\django\template\base.py", line 979, in render_annotated
    return self.render(context)
           ^^^^^^^^^^^^^^^^^^^^
  File "E:\myblog\.venv\Lib\site-packages\django\template\loader_tags.py", line 65, in render
    result = block.nodelist.render(context)
             ^^^^^^^^^^^^^^^^^^^^^^^^^^^^^^
  File "E:\myblog\.venv\Lib\site-packages\django\template\base.py", line 1018, in render
    return SafeString("".join([node.render_annotated(context) for node in self]))
                              ^^^^^^^^^^^^^^^^^^^^^^^^^^^^^^^^^^^^^^^^^^^^^^^^^
  File "E:\myblog\.venv\Lib\site-packages\django\template\base.py", line 1018, in <listcomp>
    return SafeString("".join([node.render_annotated(context) for node in self]))
                               ^^^^^^^^^^^^^^^^^^^^^^^^^^^^^^
  File "E:\myblog\.venv\Lib\site-packages\django\template\base.py", line 979, in render_annotated
    return self.render(context)
           ^^^^^^^^^^^^^^^^^^^^
  File "E:\myblog\.venv\Lib\site-packages\django\template\defaulttags.py", line 327, in render
    return nodelist.render(context)
           ^^^^^^^^^^^^^^^^^^^^^^^^
  File "E:\myblog\.venv\Lib\site-packages\django\template\base.py", line 1018, in render
    return SafeString("".join([node.render_annotated(context) for node in self]))
                              ^^^^^^^^^^^^^^^^^^^^^^^^^^^^^^^^^^^^^^^^^^^^^^^^^
  File "E:\myblog\.venv\Lib\site-packages\django\template\base.py", line 1018, in <listcomp>
    return SafeString("".join([node.render_annotated(context) for node in self]))
                               ^^^^^^^^^^^^^^^^^^^^^^^^^^^^^^
  File "E:\myblog\.venv\Lib\site-packages\django\template\base.py", line 979, in render_annotated
    return self.render(context)
           ^^^^^^^^^^^^^^^^^^^^
  File "E:\myblog\.venv\Lib\site-packages\django\template\defaulttags.py", line 243, in render
    nodelist.append(node.render_annotated(context))
                    ^^^^^^^^^^^^^^^^^^^^^^^^^^^^^^
  File "E:\myblog\.venv\Lib\site-packages\django\template\base.py", line 979, in render_annotated
    return self.render(context)
           ^^^^^^^^^^^^^^^^^^^^
  File "E:\myblog\.venv\Lib\site-packages\django\template\defaulttags.py", line 327, in render
    return nodelist.render(context)
           ^^^^^^^^^^^^^^^^^^^^^^^^
  File "E:\myblog\.venv\Lib\site-packages\django\template\base.py", line 1018, in render
    return SafeString("".join([node.render_annotated(context) for node in self]))
                              ^^^^^^^^^^^^^^^^^^^^^^^^^^^^^^^^^^^^^^^^^^^^^^^^^
  File "E:\myblog\.venv\Lib\site-packages\django\template\base.py", line 1018, in <listcomp>
    return SafeString("".join([node.render_annotated(context) for node in self]))
                               ^^^^^^^^^^^^^^^^^^^^^^^^^^^^^^
  File "E:\myblog\.venv\Lib\site-packages\django\template\base.py", line 979, in render_annotated
    return self.render(context)
           ^^^^^^^^^^^^^^^^^^^^
  File "E:\myblog\.venv\Lib\site-packages\django\template\library.py", line 324, in render
    output = self.func(*resolved_args, **resolved_kwargs)
             ^^^^^^^^^^^^^^^^^^^^^^^^^^^^^^^^^^^^^^^^^^^^
  File "E:\myblog\.venv\Lib\site-packages\allauth\socialaccount\templatetags\socialaccount.py", line 21, in provider_login_url
    provider = adapter.get_provider(request, provider)
               ^^^^^^^^^^^^^^^^^^^^^^^^^^^^^^^^^^^^^^^
  File "E:\myblog\.venv\Lib\site-packages\allauth\socialaccount\adapter.py", line 212, in get_provider
    app = self.get_app(request, provider=provider, client_id=client_id)
          ^^^^^^^^^^^^^^^^^^^^^^^^^^^^^^^^^^^^^^^^^^^^^^^^^^^^^^^^^^^^^
  File "E:\myblog\.venv\Lib\site-packages\allauth\socialaccount\adapter.py", line 299, in get_app
    raise MultipleObjectsReturned
django.core.exceptions.MultipleObjectsReturned
"GET /accounts/login/ HTTP/1.1" 500 247702
"GET /admin/socialaccount/socialapp/2/change/?_changelist_filters=o%3D1 HTTP/1.1" 302 0
"GET /admin/login/?next=/admin/socialaccount/socialapp/2/change/%3F_changelist_filters%3Do%253D1 HTTP/1.1" 200 18580
"POST /admin/login/?next=/admin/socialaccount/socialapp/2/change/%3F_changelist_filters%3Do%253D1 HTTP/1.1" 302 0
"GET /admin/socialaccount/socialapp/2/change/?_changelist_filters=o%3D1 HTTP/1.1" 200 37595
"GET /admin/jsi18n/ HTTP/1.1" 200 9327
"GET /admin/socialaccount/socialapp/2/delete/?_changelist_filters=o%3D1 HTTP/1.1" 200 30449
"POST /admin/socialaccount/socialapp/2/delete/?_changelist_filters=o%3D1 HTTP/1.1" 302 0
"GET /admin/socialaccount/socialapp/?o=1 HTTP/1.1" 200 30555
"GET /admin/jsi18n/ HTTP/1.1" 200 9327
"GET /accounts/login/ HTTP/1.1" 302 0
"GET /users/profile/ HTTP/1.1" 200 22257
"GET /static/css/light.css HTTP/1.1" 404 1966
"GET /static/images/default-avatar.png HTTP/1.1" 404 2002
"POST /accounts/logout/ HTTP/1.1" 302 0
"GET / HTTP/1.1" 200 24360
"GET /static/css/light.css HTTP/1.1" 404 1966
"GET /accounts/login/ HTTP/1.1" 200 19701
"GET /static/css/light.css HTTP/1.1" 404 1966
"GET /accounts/login/ HTTP/1.1" 200 20496
"GET /static/css/light.css HTTP/1.1" 404 1966
"GET /accounts/login/ HTTP/1.1" 200 21096
"GET /static/css/light.css HTTP/1.1" 404 1966
"POST /accounts/login/ HTTP/1.1" 200 21100
"GET /static/css/light.css HTTP/1.1" 404 1966
"POST /accounts/login/ HTTP/1.1" 200 21098
"GET /static/css/light.css HTTP/1.1" 404 1966
"POST /accounts/login/ HTTP/1.1" 200 21099
"GET /static/css/light.css HTTP/1.1" 404 1966
"POST /accounts/login/ HTTP/1.1" 302 0
"GET /accounts/confirm-email/ HTTP/1.1" 200 15531
- Broken pipe from ('127.0.0.1', 56376)
"GET /accounts/confirm-email/Mg:1vY6Rn:zoDUQzFvGLuys1-TwJT7jx3aTuFvB6nM99VL3hRVudM/ HTTP/1.1" 200 15931
"POST /accounts/confirm-email/Mg:1vY6S8:EOH1ScvVov28gEVz89S4OaAIGM6zGw8n2v7LuWjsU6Y/ HTTP/1.1" 302 0
"GET /accounts/login/ HTTP/1.1" 200 21403
"GET /static/css/light.css HTTP/1.1" 404 1966
"POST /accounts/login/ HTTP/1.1" 200 21098
"GET /static/css/light.css HTTP/1.1" 404 1966
"POST /accounts/login/ HTTP/1.1" 200 21099
"GET /static/css/light.css HTTP/1.1" 404 1966
"GET /accounts/github/login/ HTTP/1.1" 200 15610
"POST /accounts/github/login/ HTTP/1.1" 302 0
"GET /accounts/github/login/callback/?code=68e79755afb3bc06a6a2&state=uUQub8WFvwKJbEZJ HTTP/1.1" 302 0
"GET /accounts/confirm-email/ HTTP/1.1" 200 15763
"GET /accounts/password/reset/ HTTP/1.1" 200 18823
"GET /static/css/light.css HTTP/1.1" 404 1966
"POST /accounts/password/reset/ HTTP/1.1" 302 0
"GET /accounts/password/reset/done/ HTTP/1.1" 200 18183
"GET /static/css/light.css HTTP/1.1" 404 1966
"GET /accounts/password/reset/key/1-d1al2n-cf8c2ba330f0e31708abf3b006738557/ HTTP/1.1" 302 0
"GET /accounts/password/reset/key/1-set-password/ HTTP/1.1" 200 16917
"GET / HTTP/1.1" 200 24081
"GET /static/css/light.css HTTP/1.1" 404 1966
"GET /accounts/login/ HTTP/1.1" 200 21096
"GET /static/css/light.css HTTP/1.1" 404 1966
"POST /accounts/login/ HTTP/1.1" 302 0
"GET /accounts/confirm-email/ HTTP/1.1" 200 15531
"GET /accounts/login/ HTTP/1.1" 200 21096
"GET /static/css/light.css HTTP/1.1" 404 1966
"POST /accounts/login/ HTTP/1.1" 200 21098
"GET /static/css/light.css HTTP/1.1" 404 1966
"GET /accounts/signup/ HTTP/1.1" 200 21629
"GET /static/css/light.css HTTP/1.1" 404 1966
"POST /accounts/signup/ HTTP/1.1" 200 21917
"GET /static/css/light.css HTTP/1.1" 404 1966
"GET /accounts/login/ HTTP/1.1" 200 21096
"GET /static/css/light.css HTTP/1.1" 404 1966
"POST /accounts/login/ HTTP/1.1" 200 21099
"GET /static/css/light.css HTTP/1.1" 404 1966
"GET /accounts/password/reset/ HTTP/1.1" 200 18823
"GET /static/css/light.css HTTP/1.1" 404 1966
"POST /accounts/password/reset/ HTTP/1.1" 302 0
"GET /accounts/password/reset/done/ HTTP/1.1" 200 18183
"GET /static/css/light.css HTTP/1.1" 404 1966
"GET /accounts/password/reset/key/1-d1al6f-e81c27aa7b094734836e6eb7ec28608d/ HTTP/1.1" 302 0
"GET /accounts/password/reset/key/1-set-password/ HTTP/1.1" 200 16917
"POST /accounts/password/reset/key/1-set-password/ HTTP/1.1" 302 0
"GET /accounts/password/reset/key/done/ HTTP/1.1" 200 15521
"GET /accounts/login/ HTTP/1.1" 200 21096
"GET /static/css/light.css HTTP/1.1" 404 1966
"POST /accounts/login/ HTTP/1.1" 302 0
"GET /users/profile/ HTTP/1.1" 200 22547
"GET /static/css/light.css HTTP/1.1" 404 1966
"GET /static/images/default-avatar.png HTTP/1.1" 404 2002
"GET /users/profile/edit/ HTTP/1.1" 200 24857
"GET /static/css/light.css HTTP/1.1" 404 1966
"POST /users/profile/edit/ HTTP/1.1" 302 0
"GET /users/profile/ HTTP/1.1" 200 22588
"GET /static/css/card.css HTTP/1.1" 404 1963
"GET /static/images/default-avatar.png HTTP/1.1" 404 2002
"GET /media/blog_backgrounds/IMG_20251221_183514.jpg HTTP/1.1" 200 1297096
"GET / HTTP/1.1" 200 25010
"GET /static/css/light.css HTTP/1.1" 404 1966
"GET / HTTP/1.1" 200 25010
"GET /static/css/light.css HTTP/1.1" 404 1966
"GET /01/ HTTP/1.1" 200 26469
"GET /static/css/light.css HTTP/1.1" 404 1966
"GET /static/images/default_avatar.png HTTP/1.1" 404 2002
"GET /01/ HTTP/1.1" 200 26371
"GET /static/css/light.css HTTP/1.1" 404 1966
"GET /static/images/default_avatar.png HTTP/1.1" 404 2002
"GET /01/ HTTP/1.1" 200 26371
"GET /static/css/light.css HTTP/1.1" 404 1966
"GET /static/images/default_avatar.png HTTP/1.1" 404 2002
Watching for file changes with StatReloader
"GET / HTTP/1.1" 200 25011
"GET /static/css/light.css HTTP/1.1" 404 1966
"GET /01/ HTTP/1.1" 200 26371
"GET /static/images/default_avatar.png HTTP/1.1" 404 2002
"GET /static/css/light.css HTTP/1.1" 404 1966
"GET /01/ HTTP/1.1" 200 26372
"GET /static/css/light.css HTTP/1.1" 404 1966
"GET /static/images/default_avatar.png HTTP/1.1" 404 2002
"GET /create/ HTTP/1.1" 200 24184
"GET /static/css/light.css HTTP/1.1" 404 1966
"GET /create/ HTTP/1.1" 200 24185
"GET /static/css/light.css HTTP/1.1" 404 1966
"GET /create/ HTTP/1.1" 200 24184
"GET /static/css/light.css HTTP/1.1" 404 1966
Watching for file changes with StatReloader
Watching for file changes with StatReloader
"GET / HTTP/1.1" 200 24051
"GET /static/css/light.css HTTP/1.1" 404 1966
"GET /media/article_images/IMG_20251120_135531_mChfdJj.jpg HTTP/1.1" 304 0
Not Found: /favicon.ico
"GET /favicon.ico HTTP/1.1" 404 19697
"GET /?category=travel HTTP/1.1" 200 23125
"GET /static/css/light.css HTTP/1.1" 404 1966
"GET /create/ HTTP/1.1" 302 0
"GET /accounts/login/?next=/create/ HTTP/1.1" 200 21164
"GET /static/css/light.css HTTP/1.1" 404 1966
"POST /accounts/login/ HTTP/1.1" 302 0
"GET /users/profile/ HTTP/1.1" 200 22593
"GET /static/css/card.css HTTP/1.1" 404 1963
"GET /static/images/default-avatar.png HTTP/1.1" 404 2002
"GET /media/blog_backgrounds/IMG_20251221_183514.jpg HTTP/1.1" 304 0
"GET / HTTP/1.1" 200 24979
"GET /static/css/light.css HTTP/1.1" 404 1966
"GET /01/ HTTP/1.1" 200 26373
"GET /static/js/comments.js HTTP/1.1" 304 0
"GET /static/css/light.css HTTP/1.1" 404 1966
"GET /static/images/default_avatar.png HTTP/1.1" 404 2002
"GET /users/profile/ HTTP/1.1" 200 22303
"GET /static/css/card.css HTTP/1.1" 404 1963
"GET /static/images/default-avatar.png HTTP/1.1" 404 2002
"GET /users/profile/edit/ HTTP/1.1" 200 25431
"GET /static/css/light.css HTTP/1.1" 404 1966
"POST /users/profile/edit/ HTTP/1.1" 302 0
"GET /users/profile/ HTTP/1.1" 200 22584
"GET /static/css/card.css HTTP/1.1" 404 1963
"GET /media/avatars/IMG_20251221_183453.jpg HTTP/1.1" 200 448836
"GET / HTTP/1.1" 200 24979
"GET /static/css/light.css HTTP/1.1" 404 1966
"GET /01/ HTTP/1.1" 200 26372
"GET /static/css/light.css HTTP/1.1" 404 1966
"GET /static/images/default_avatar.png HTTP/1.1" 404 2002
"GET /01/ HTTP/1.1" 200 26372
"GET /static/css/light.css HTTP/1.1" 404 1966
"GET /static/images/default_avatar.png HTTP/1.1" 404 2002
Watching for file changes with StatReloader
"GET / HTTP/1.1" 200 24980
"GET /static/css/light.css HTTP/1.1" 404 1966
"GET /static/debug_toolbar/js/toolbar.js HTTP/1.1" 304 0
"GET /static/debug_toolbar/css/toolbar.css HTTP/1.1" 304 0
"GET /static/debug_toolbar/css/print.css HTTP/1.1" 304 0
"GET /static/debug_toolbar/js/utils.js HTTP/1.1" 304 0
"GET /media/article_images/IMG_20251120_135531_mChfdJj.jpg HTTP/1.1" 304 0
"GET /create/ HTTP/1.1" 200 24207
"GET /static/css/light.css HTTP/1.1" 404 1966
"GET / HTTP/1.1" 200 24979
"GET /static/css/light.css HTTP/1.1" 404 1966
"GET / HTTP/1.1" 200 24979
"GET /static/css/light.css HTTP/1.1" 404 1966
- Broken pipe from ('127.0.0.1', 63878)
"GET /01/ HTTP/1.1" 200 26372
"GET /static/js/comments.js HTTP/1.1" 304 0
"GET /static/images/default_avatar.png HTTP/1.1" 404 2002
"GET /static/css/light.css HTTP/1.1" 404 1966
"GET /users/profile/ HTTP/1.1" 200 22299
"GET /static/css/card.css HTTP/1.1" 404 1963
"GET /media/blog_backgrounds/IMG_20251221_183514.jpg HTTP/1.1" 304 0
"GET /media/avatars/IMG_20251221_183453.jpg HTTP/1.1" 304 0
"GET / HTTP/1.1" 200 24979
"GET /static/css/light.css HTTP/1.1" 404 1966
"GET /01/ HTTP/1.1" 200 26372
"GET /static/css/light.css HTTP/1.1" 404 1966
"GET /static/images/default_avatar.png HTTP/1.1" 404 2002
"GET / HTTP/1.1" 200 24979
"GET /static/css/light.css HTTP/1.1" 404 1966
"GET / HTTP/1.1" 200 24979
"GET /static/css/light.css HTTP/1.1" 404 1966
"GET / HTTP/1.1" 200 24979
"GET /static/css/light.css HTTP/1.1" 404 1966
"GET /static/debug_toolbar/css/toolbar.css HTTP/1.1" 200 30101
"GET /static/debug_toolbar/js/toolbar.js HTTP/1.1" 200 14879
"GET /media/article_images/IMG_20251120_135531_mChfdJj.jpg HTTP/1.1" 200 653269
"GET /static/debug_toolbar/css/print.css HTTP/1.1" 200 43
"GET /static/debug_toolbar/js/utils.js HTTP/1.1" 200 4700
Not Found: /favicon.ico
"GET /favicon.ico HTTP/1.1" 404 19697
Internal Server Error: /
Traceback (most recent call last):
  File "E:\myblog\.venv\Lib\site-packages\django\core\handlers\exception.py", line 55, in inner
    response = get_response(request)
               ^^^^^^^^^^^^^^^^^^^^^
  File "E:\myblog\.venv\Lib\site-packages\django\core\handlers\base.py", line 197, in _get_response
    response = wrapped_callback(request, *callback_args, **callback_kwargs)
               ^^^^^^^^^^^^^^^^^^^^^^^^^^^^^^^^^^^^^^^^^^^^^^^^^^^^^^^^^^^^
  File "E:\myblog\articles\views.py", line 70, in article_list
    return render(request, 'articles/article_list.html', context)
           ^^^^^^^^^^^^^^^^^^^^^^^^^^^^^^^^^^^^^^^^^^^^^^^^^^^^^^
  File "E:\myblog\.venv\Lib\site-packages\django\shortcuts.py", line 25, in render
    content = loader.render_to_string(template_name, context, request, using=using)
              ^^^^^^^^^^^^^^^^^^^^^^^^^^^^^^^^^^^^^^^^^^^^^^^^^^^^^^^^^^^^^^^^^^^^^
  File "E:\myblog\.venv\Lib\site-packages\django\template\loader.py", line 62, in render_to_string
    return template.render(context, request)
           ^^^^^^^^^^^^^^^^^^^^^^^^^^^^^^^^^
  File "E:\myblog\.venv\Lib\site-packages\django\template\backends\django.py", line 107, in render
    return self.template.render(context)
           ^^^^^^^^^^^^^^^^^^^^^^^^^^^^^
  File "E:\myblog\.venv\Lib\site-packages\django\template\base.py", line 172, in render
    return self._render(context)
           ^^^^^^^^^^^^^^^^^^^^^
  File "E:\myblog\.venv\Lib\site-packages\django\test\utils.py", line 114, in instrumented_test_render
    return self.nodelist.render(context)
           ^^^^^^^^^^^^^^^^^^^^^^^^^^^^^
  File "E:\myblog\.venv\Lib\site-packages\django\template\base.py", line 1018, in render
    return SafeString("".join([node.render_annotated(context) for node in self]))
                              ^^^^^^^^^^^^^^^^^^^^^^^^^^^^^^^^^^^^^^^^^^^^^^^^^
  File "E:\myblog\.venv\Lib\site-packages\django\template\base.py", line 1018, in <listcomp>
    return SafeString("".join([node.render_annotated(context) for node in self]))
                               ^^^^^^^^^^^^^^^^^^^^^^^^^^^^^^
  File "E:\myblog\.venv\Lib\site-packages\django\template\base.py", line 979, in render_annotated
    return self.render(context)
           ^^^^^^^^^^^^^^^^^^^^
  File "E:\myblog\.venv\Lib\site-packages\django\template\loader_tags.py", line 159, in render
    return compiled_parent._render(context)
           ^^^^^^^^^^^^^^^^^^^^^^^^^^^^^^^^
  File "E:\myblog\.venv\Lib\site-packages\django\test\utils.py", line 114, in instrumented_test_render
    return self.nodelist.render(context)
           ^^^^^^^^^^^^^^^^^^^^^^^^^^^^^
  File "E:\myblog\.venv\Lib\site-packages\django\template\base.py", line 1018, in render
    return SafeString("".join([node.render_annotated(context) for node in self]))
                              ^^^^^^^^^^^^^^^^^^^^^^^^^^^^^^^^^^^^^^^^^^^^^^^^^
  File "E:\myblog\.venv\Lib\site-packages\django\template\base.py", line 1018, in <listcomp>
    return SafeString("".join([node.render_annotated(context) for node in self]))
                               ^^^^^^^^^^^^^^^^^^^^^^^^^^^^^^
  File "E:\myblog\.venv\Lib\site-packages\django\template\base.py", line 979, in render_annotated
    return self.render(context)
           ^^^^^^^^^^^^^^^^^^^^
  File "E:\myblog\.venv\Lib\site-packages\django\template\defaulttags.py", line 480, in render
    url = reverse(view_name, args=args, kwargs=kwargs, current_app=current_app)
          ^^^^^^^^^^^^^^^^^^^^^^^^^^^^^^^^^^^^^^^^^^^^^^^^^^^^^^^^^^^^^^^^^^^^^
  File "E:\myblog\.venv\Lib\site-packages\django\urls\base.py", line 98, in reverse
    resolved_url = resolver._reverse_with_prefix(view, prefix, *args, **kwargs)
                   ^^^^^^^^^^^^^^^^^^^^^^^^^^^^^^^^^^^^^^^^^^^^^^^^^^^^^^^^^^^^
  File "E:\myblog\.venv\Lib\site-packages\django\urls\resolvers.py", line 831, in _reverse_with_prefix
    raise NoReverseMatch(msg)
django.urls.exceptions.NoReverseMatch: Reverse for 'home' not found. 'home' is not a valid view function or pattern name.
"GET / HTTP/1.1" 500 183780
Internal Server Error: /
Traceback (most recent call last):
  File "E:\myblog\.venv\Lib\site-packages\django\core\handlers\exception.py", line 55, in inner
    response = get_response(request)
               ^^^^^^^^^^^^^^^^^^^^^
  File "E:\myblog\.venv\Lib\site-packages\django\core\handlers\base.py", line 197, in _get_response
    response = wrapped_callback(request, *callback_args, **callback_kwargs)
               ^^^^^^^^^^^^^^^^^^^^^^^^^^^^^^^^^^^^^^^^^^^^^^^^^^^^^^^^^^^^
  File "E:\myblog\articles\views.py", line 70, in article_list
    return render(request, 'articles/article_list.html', context)
           ^^^^^^^^^^^^^^^^^^^^^^^^^^^^^^^^^^^^^^^^^^^^^^^^^^^^^^
  File "E:\myblog\.venv\Lib\site-packages\django\shortcuts.py", line 25, in render
    content = loader.render_to_string(template_name, context, request, using=using)
              ^^^^^^^^^^^^^^^^^^^^^^^^^^^^^^^^^^^^^^^^^^^^^^^^^^^^^^^^^^^^^^^^^^^^^
  File "E:\myblog\.venv\Lib\site-packages\django\template\loader.py", line 62, in render_to_string
    return template.render(context, request)
           ^^^^^^^^^^^^^^^^^^^^^^^^^^^^^^^^^
  File "E:\myblog\.venv\Lib\site-packages\django\template\backends\django.py", line 107, in render
    return self.template.render(context)
           ^^^^^^^^^^^^^^^^^^^^^^^^^^^^^
  File "E:\myblog\.venv\Lib\site-packages\django\template\base.py", line 172, in render
    return self._render(context)
           ^^^^^^^^^^^^^^^^^^^^^
  File "E:\myblog\.venv\Lib\site-packages\django\test\utils.py", line 114, in instrumented_test_render
    return self.nodelist.render(context)
           ^^^^^^^^^^^^^^^^^^^^^^^^^^^^^
  File "E:\myblog\.venv\Lib\site-packages\django\template\base.py", line 1018, in render
    return SafeString("".join([node.render_annotated(context) for node in self]))
                              ^^^^^^^^^^^^^^^^^^^^^^^^^^^^^^^^^^^^^^^^^^^^^^^^^
  File "E:\myblog\.venv\Lib\site-packages\django\template\base.py", line 1018, in <listcomp>
    return SafeString("".join([node.render_annotated(context) for node in self]))
                               ^^^^^^^^^^^^^^^^^^^^^^^^^^^^^^
  File "E:\myblog\.venv\Lib\site-packages\django\template\base.py", line 979, in render_annotated
    return self.render(context)
           ^^^^^^^^^^^^^^^^^^^^
  File "E:\myblog\.venv\Lib\site-packages\django\template\loader_tags.py", line 159, in render
    return compiled_parent._render(context)
           ^^^^^^^^^^^^^^^^^^^^^^^^^^^^^^^^
  File "E:\myblog\.venv\Lib\site-packages\django\test\utils.py", line 114, in instrumented_test_render
    return self.nodelist.render(context)
           ^^^^^^^^^^^^^^^^^^^^^^^^^^^^^
  File "E:\myblog\.venv\Lib\site-packages\django\template\base.py", line 1018, in render
    return SafeString("".join([node.render_annotated(context) for node in self]))
                              ^^^^^^^^^^^^^^^^^^^^^^^^^^^^^^^^^^^^^^^^^^^^^^^^^
  File "E:\myblog\.venv\Lib\site-packages\django\template\base.py", line 1018, in <listcomp>
    return SafeString("".join([node.render_annotated(context) for node in self]))
                               ^^^^^^^^^^^^^^^^^^^^^^^^^^^^^^
  File "E:\myblog\.venv\Lib\site-packages\django\template\base.py", line 979, in render_annotated
    return self.render(context)
           ^^^^^^^^^^^^^^^^^^^^
  File "E:\myblog\.venv\Lib\site-packages\django\template\defaulttags.py", line 480, in render
    url = reverse(view_name, args=args, kwargs=kwargs, current_app=current_app)
          ^^^^^^^^^^^^^^^^^^^^^^^^^^^^^^^^^^^^^^^^^^^^^^^^^^^^^^^^^^^^^^^^^^^^^
  File "E:\myblog\.venv\Lib\site-packages\django\urls\base.py", line 98, in reverse
    resolved_url = resolver._reverse_with_prefix(view, prefix, *args, **kwargs)
                   ^^^^^^^^^^^^^^^^^^^^^^^^^^^^^^^^^^^^^^^^^^^^^^^^^^^^^^^^^^^^
  File "E:\myblog\.venv\Lib\site-packages\django\urls\resolvers.py", line 831, in _reverse_with_prefix
    raise NoReverseMatch(msg)
django.urls.exceptions.NoReverseMatch: Reverse for 'home' not found. 'home' is not a valid view function or pattern name.
"GET / HTTP/1.1" 500 183916
Internal Server Error: /
Traceback (most recent call last):
  File "E:\myblog\.venv\Lib\site-packages\django\core\handlers\exception.py", line 55, in inner
    response = get_response(request)
               ^^^^^^^^^^^^^^^^^^^^^
  File "E:\myblog\.venv\Lib\site-packages\django\core\handlers\base.py", line 197, in _get_response
    response = wrapped_callback(request, *callback_args, **callback_kwargs)
               ^^^^^^^^^^^^^^^^^^^^^^^^^^^^^^^^^^^^^^^^^^^^^^^^^^^^^^^^^^^^
  File "E:\myblog\articles\views.py", line 70, in article_list
    return render(request, 'articles/article_list.html', context)
           ^^^^^^^^^^^^^^^^^^^^^^^^^^^^^^^^^^^^^^^^^^^^^^^^^^^^^^
  File "E:\myblog\.venv\Lib\site-packages\django\shortcuts.py", line 25, in render
    content = loader.render_to_string(template_name, context, request, using=using)
              ^^^^^^^^^^^^^^^^^^^^^^^^^^^^^^^^^^^^^^^^^^^^^^^^^^^^^^^^^^^^^^^^^^^^^
  File "E:\myblog\.venv\Lib\site-packages\django\template\loader.py", line 62, in render_to_string
    return template.render(context, request)
           ^^^^^^^^^^^^^^^^^^^^^^^^^^^^^^^^^
  File "E:\myblog\.venv\Lib\site-packages\django\template\backends\django.py", line 107, in render
    return self.template.render(context)
           ^^^^^^^^^^^^^^^^^^^^^^^^^^^^^
  File "E:\myblog\.venv\Lib\site-packages\django\template\base.py", line 172, in render
    return self._render(context)
           ^^^^^^^^^^^^^^^^^^^^^
  File "E:\myblog\.venv\Lib\site-packages\django\test\utils.py", line 114, in instrumented_test_render
    return self.nodelist.render(context)
           ^^^^^^^^^^^^^^^^^^^^^^^^^^^^^
  File "E:\myblog\.venv\Lib\site-packages\django\template\base.py", line 1018, in render
    return SafeString("".join([node.render_annotated(context) for node in self]))
                              ^^^^^^^^^^^^^^^^^^^^^^^^^^^^^^^^^^^^^^^^^^^^^^^^^
  File "E:\myblog\.venv\Lib\site-packages\django\template\base.py", line 1018, in <listcomp>
    return SafeString("".join([node.render_annotated(context) for node in self]))
                               ^^^^^^^^^^^^^^^^^^^^^^^^^^^^^^
  File "E:\myblog\.venv\Lib\site-packages\django\template\base.py", line 979, in render_annotated
    return self.render(context)
           ^^^^^^^^^^^^^^^^^^^^
  File "E:\myblog\.venv\Lib\site-packages\django\template\loader_tags.py", line 159, in render
    return compiled_parent._render(context)
           ^^^^^^^^^^^^^^^^^^^^^^^^^^^^^^^^
  File "E:\myblog\.venv\Lib\site-packages\django\test\utils.py", line 114, in instrumented_test_render
    return self.nodelist.render(context)
           ^^^^^^^^^^^^^^^^^^^^^^^^^^^^^
  File "E:\myblog\.venv\Lib\site-packages\django\template\base.py", line 1018, in render
    return SafeString("".join([node.render_annotated(context) for node in self]))
                              ^^^^^^^^^^^^^^^^^^^^^^^^^^^^^^^^^^^^^^^^^^^^^^^^^
  File "E:\myblog\.venv\Lib\site-packages\django\template\base.py", line 1018, in <listcomp>
    return SafeString("".join([node.render_annotated(context) for node in self]))
                               ^^^^^^^^^^^^^^^^^^^^^^^^^^^^^^
  File "E:\myblog\.venv\Lib\site-packages\django\template\base.py", line 979, in render_annotated
    return self.render(context)
           ^^^^^^^^^^^^^^^^^^^^
  File "E:\myblog\.venv\Lib\site-packages\django\template\defaulttags.py", line 480, in render
    url = reverse(view_name, args=args, kwargs=kwargs, current_app=current_app)
          ^^^^^^^^^^^^^^^^^^^^^^^^^^^^^^^^^^^^^^^^^^^^^^^^^^^^^^^^^^^^^^^^^^^^^
  File "E:\myblog\.venv\Lib\site-packages\django\urls\base.py", line 98, in reverse
    resolved_url = resolver._reverse_with_prefix(view, prefix, *args, **kwargs)
                   ^^^^^^^^^^^^^^^^^^^^^^^^^^^^^^^^^^^^^^^^^^^^^^^^^^^^^^^^^^^^
  File "E:\myblog\.venv\Lib\site-packages\django\urls\resolvers.py", line 831, in _reverse_with_prefix
    raise NoReverseMatch(msg)
django.urls.exceptions.NoReverseMatch: Reverse for 'home' not found. 'home' is not a valid view function or pattern name.
"GET / HTTP/1.1" 500 183916
Internal Server Error: /
Traceback (most recent call last):
  File "E:\myblog\.venv\Lib\site-packages\django\core\handlers\exception.py", line 55, in inner
    response = get_response(request)
               ^^^^^^^^^^^^^^^^^^^^^
  File "E:\myblog\.venv\Lib\site-packages\django\core\handlers\base.py", line 197, in _get_response
    response = wrapped_callback(request, *callback_args, **callback_kwargs)
               ^^^^^^^^^^^^^^^^^^^^^^^^^^^^^^^^^^^^^^^^^^^^^^^^^^^^^^^^^^^^
  File "E:\myblog\articles\views.py", line 70, in article_list
    return render(request, 'articles/article_list.html', context)
           ^^^^^^^^^^^^^^^^^^^^^^^^^^^^^^^^^^^^^^^^^^^^^^^^^^^^^^
  File "E:\myblog\.venv\Lib\site-packages\django\shortcuts.py", line 25, in render
    content = loader.render_to_string(template_name, context, request, using=using)
              ^^^^^^^^^^^^^^^^^^^^^^^^^^^^^^^^^^^^^^^^^^^^^^^^^^^^^^^^^^^^^^^^^^^^^
  File "E:\myblog\.venv\Lib\site-packages\django\template\loader.py", line 62, in render_to_string
    return template.render(context, request)
           ^^^^^^^^^^^^^^^^^^^^^^^^^^^^^^^^^
  File "E:\myblog\.venv\Lib\site-packages\django\template\backends\django.py", line 107, in render
    return self.template.render(context)
           ^^^^^^^^^^^^^^^^^^^^^^^^^^^^^
  File "E:\myblog\.venv\Lib\site-packages\django\template\base.py", line 172, in render
    return self._render(context)
           ^^^^^^^^^^^^^^^^^^^^^
  File "E:\myblog\.venv\Lib\site-packages\django\test\utils.py", line 114, in instrumented_test_render
    return self.nodelist.render(context)
           ^^^^^^^^^^^^^^^^^^^^^^^^^^^^^
  File "E:\myblog\.venv\Lib\site-packages\django\template\base.py", line 1018, in render
    return SafeString("".join([node.render_annotated(context) for node in self]))
                              ^^^^^^^^^^^^^^^^^^^^^^^^^^^^^^^^^^^^^^^^^^^^^^^^^
  File "E:\myblog\.venv\Lib\site-packages\django\template\base.py", line 1018, in <listcomp>
    return SafeString("".join([node.render_annotated(context) for node in self]))
                               ^^^^^^^^^^^^^^^^^^^^^^^^^^^^^^
  File "E:\myblog\.venv\Lib\site-packages\django\template\base.py", line 979, in render_annotated
    return self.render(context)
           ^^^^^^^^^^^^^^^^^^^^
  File "E:\myblog\.venv\Lib\site-packages\django\template\loader_tags.py", line 134, in render
    compiled_parent = self.get_parent(context)
                      ^^^^^^^^^^^^^^^^^^^^^^^^
  File "E:\myblog\.venv\Lib\site-packages\django\template\loader_tags.py", line 131, in get_parent
    return self.find_template(parent, context)
           ^^^^^^^^^^^^^^^^^^^^^^^^^^^^^^^^^^^
  File "E:\myblog\.venv\Lib\site-packages\django\template\loader_tags.py", line 109, in find_template
    template, origin = context.template.engine.find_template(
                       ^^^^^^^^^^^^^^^^^^^^^^^^^^^^^^^^^^^^^^
  File "E:\myblog\.venv\Lib\site-packages\django\template\engine.py", line 159, in find_template
    template = loader.get_template(name, skip=skip)
               ^^^^^^^^^^^^^^^^^^^^^^^^^^^^^^^^^^^^
  File "E:\myblog\.venv\Lib\site-packages\django\template\loaders\cached.py", line 57, in get_template
    template = super().get_template(template_name, skip)
               ^^^^^^^^^^^^^^^^^^^^^^^^^^^^^^^^^^^^^^^^^
  File "E:\myblog\.venv\Lib\site-packages\django\template\loaders\base.py", line 28, in get_template
    return Template(
           ^^^^^^^^^
  File "E:\myblog\.venv\Lib\site-packages\django\template\base.py", line 155, in __init__
    self.nodelist = self.compile_nodelist()
                    ^^^^^^^^^^^^^^^^^^^^^^^
  File "E:\myblog\.venv\Lib\site-packages\django\template\base.py", line 197, in compile_nodelist
    nodelist = parser.parse()
               ^^^^^^^^^^^^^^
  File "E:\myblog\.venv\Lib\site-packages\django\template\base.py", line 519, in parse
    raise self.error(token, e)
  File "E:\myblog\.venv\Lib\site-packages\django\template\base.py", line 517, in parse
    compiled_result = compile_func(self, token)
                      ^^^^^^^^^^^^^^^^^^^^^^^^^
  File "E:\myblog\.venv\Lib\site-packages\django\template\defaulttags.py", line 1421, in url
    viewname = parser.compile_filter(bits[1])
               ^^^^^^^^^^^^^^^^^^^^^^^^^^^^^^
  File "E:\myblog\.venv\Lib\site-packages\django\template\base.py", line 610, in compile_filter
    return FilterExpression(token, self)
           ^^^^^^^^^^^^^^^^^^^^^^^^^^^^^
  File "E:\myblog\.venv\Lib\site-packages\django\template\base.py", line 711, in __init__
    raise TemplateSyntaxError(
django.template.exceptions.TemplateSyntaxError: Could not parse the remainder: ''articles:article_list' from ''articles:article_list'
"GET / HTTP/1.1" 500 229724
"GET / HTTP/1.1" 200 24979
"GET /static/css/light.css HTTP/1.1" 404 1966
Internal Server Error: /
Traceback (most recent call last):
  File "E:\myblog\.venv\Lib\site-packages\django\template\backends\django.py", line 107, in render
    return self.template.render(context)
           ^^^^^^^^^^^^^^^^^^^^^^^^^^^^^
  File "E:\myblog\.venv\Lib\site-packages\django\template\base.py", line 172, in render
    return self._render(context)
           ^^^^^^^^^^^^^^^^^^^^^
  File "E:\myblog\.venv\Lib\site-packages\django\test\utils.py", line 114, in instrumented_test_render
    return self.nodelist.render(context)
           ^^^^^^^^^^^^^^^^^^^^^^^^^^^^^
  File "E:\myblog\.venv\Lib\site-packages\django\template\base.py", line 1018, in render
    return SafeString("".join([node.render_annotated(context) for node in self]))
                              ^^^^^^^^^^^^^^^^^^^^^^^^^^^^^^^^^^^^^^^^^^^^^^^^^
  File "E:\myblog\.venv\Lib\site-packages\django\template\base.py", line 1018, in <listcomp>
    return SafeString("".join([node.render_annotated(context) for node in self]))
                               ^^^^^^^^^^^^^^^^^^^^^^^^^^^^^^
  File "E:\myblog\.venv\Lib\site-packages\django\template\base.py", line 979, in render_annotated
    return self.render(context)
           ^^^^^^^^^^^^^^^^^^^^
  File "E:\myblog\.venv\Lib\site-packages\django\template\loader_tags.py", line 159, in render
    return compiled_parent._render(context)
           ^^^^^^^^^^^^^^^^^^^^^^^^^^^^^^^^
  File "E:\myblog\.venv\Lib\site-packages\django\test\utils.py", line 114, in instrumented_test_render
    return self.nodelist.render(context)
           ^^^^^^^^^^^^^^^^^^^^^^^^^^^^^
  File "E:\myblog\.venv\Lib\site-packages\django\template\base.py", line 1018, in render
    return SafeString("".join([node.render_annotated(context) for node in self]))
                              ^^^^^^^^^^^^^^^^^^^^^^^^^^^^^^^^^^^^^^^^^^^^^^^^^
  File "E:\myblog\.venv\Lib\site-packages\django\template\base.py", line 1018, in <listcomp>
    return SafeString("".join([node.render_annotated(context) for node in self]))
                               ^^^^^^^^^^^^^^^^^^^^^^^^^^^^^^
  File "E:\myblog\.venv\Lib\site-packages\django\template\base.py", line 979, in render_annotated
    return self.render(context)
           ^^^^^^^^^^^^^^^^^^^^
  File "E:\myblog\.venv\Lib\site-packages\django\template\loader_tags.py", line 134, in render
    compiled_parent = self.get_parent(context)
                      ^^^^^^^^^^^^^^^^^^^^^^^^
  File "E:\myblog\.venv\Lib\site-packages\django\template\loader_tags.py", line 131, in get_parent
    return self.find_template(parent, context)
           ^^^^^^^^^^^^^^^^^^^^^^^^^^^^^^^^^^^
  File "E:\myblog\.venv\Lib\site-packages\django\template\loader_tags.py", line 109, in find_template
    template, origin = context.template.engine.find_template(
                       ^^^^^^^^^^^^^^^^^^^^^^^^^^^^^^^^^^^^^^
  File "E:\myblog\.venv\Lib\site-packages\django\template\engine.py", line 163, in find_template
    raise TemplateDoesNotExist(name, tried=tried)
django.template.exceptions.TemplateDoesNotExist: base.html

The above exception was the direct cause of the following exception:

Traceback (most recent call last):
  File "E:\myblog\.venv\Lib\site-packages\django\core\handlers\exception.py", line 55, in inner
    response = get_response(request)
               ^^^^^^^^^^^^^^^^^^^^^
  File "E:\myblog\.venv\Lib\site-packages\django\core\handlers\base.py", line 197, in _get_response
    response = wrapped_callback(request, *callback_args, **callback_kwargs)
               ^^^^^^^^^^^^^^^^^^^^^^^^^^^^^^^^^^^^^^^^^^^^^^^^^^^^^^^^^^^^
  File "E:\myblog\articles\views.py", line 70, in article_list
    return render(request, 'articles/article_list.html', context)
           ^^^^^^^^^^^^^^^^^^^^^^^^^^^^^^^^^^^^^^^^^^^^^^^^^^^^^^
  File "E:\myblog\.venv\Lib\site-packages\django\shortcuts.py", line 25, in render
    content = loader.render_to_string(template_name, context, request, using=using)
              ^^^^^^^^^^^^^^^^^^^^^^^^^^^^^^^^^^^^^^^^^^^^^^^^^^^^^^^^^^^^^^^^^^^^^
  File "E:\myblog\.venv\Lib\site-packages\django\template\loader.py", line 62, in render_to_string
    return template.render(context, request)
           ^^^^^^^^^^^^^^^^^^^^^^^^^^^^^^^^^
  File "E:\myblog\.venv\Lib\site-packages\django\template\backends\django.py", line 109, in render
    reraise(exc, self.backend)
  File "E:\myblog\.venv\Lib\site-packages\django\template\backends\django.py", line 130, in reraise
    raise new from exc
django.template.exceptions.TemplateDoesNotExist: base.html
"GET / HTTP/1.1" 500 198312
Internal Server Error: /
Traceback (most recent call last):
  File "E:\myblog\.venv\Lib\site-packages\django\template\backends\django.py", line 107, in render
    return self.template.render(context)
           ^^^^^^^^^^^^^^^^^^^^^^^^^^^^^
  File "E:\myblog\.venv\Lib\site-packages\django\template\base.py", line 172, in render
    return self._render(context)
           ^^^^^^^^^^^^^^^^^^^^^
  File "E:\myblog\.venv\Lib\site-packages\django\test\utils.py", line 114, in instrumented_test_render
    return self.nodelist.render(context)
           ^^^^^^^^^^^^^^^^^^^^^^^^^^^^^
  File "E:\myblog\.venv\Lib\site-packages\django\template\base.py", line 1018, in render
    return SafeString("".join([node.render_annotated(context) for node in self]))
                              ^^^^^^^^^^^^^^^^^^^^^^^^^^^^^^^^^^^^^^^^^^^^^^^^^
  File "E:\myblog\.venv\Lib\site-packages\django\template\base.py", line 1018, in <listcomp>
    return SafeString("".join([node.render_annotated(context) for node in self]))
                               ^^^^^^^^^^^^^^^^^^^^^^^^^^^^^^
  File "E:\myblog\.venv\Lib\site-packages\django\template\base.py", line 979, in render_annotated
    return self.render(context)
           ^^^^^^^^^^^^^^^^^^^^
  File "E:\myblog\.venv\Lib\site-packages\django\template\loader_tags.py", line 159, in render
    return compiled_parent._render(context)
           ^^^^^^^^^^^^^^^^^^^^^^^^^^^^^^^^
  File "E:\myblog\.venv\Lib\site-packages\django\test\utils.py", line 114, in instrumented_test_render
    return self.nodelist.render(context)
           ^^^^^^^^^^^^^^^^^^^^^^^^^^^^^
  File "E:\myblog\.venv\Lib\site-packages\django\template\base.py", line 1018, in render
    return SafeString("".join([node.render_annotated(context) for node in self]))
                              ^^^^^^^^^^^^^^^^^^^^^^^^^^^^^^^^^^^^^^^^^^^^^^^^^
  File "E:\myblog\.venv\Lib\site-packages\django\template\base.py", line 1018, in <listcomp>
    return SafeString("".join([node.render_annotated(context) for node in self]))
                               ^^^^^^^^^^^^^^^^^^^^^^^^^^^^^^
  File "E:\myblog\.venv\Lib\site-packages\django\template\base.py", line 979, in render_annotated
    return self.render(context)
           ^^^^^^^^^^^^^^^^^^^^
  File "E:\myblog\.venv\Lib\site-packages\django\template\defaulttags.py", line 327, in render
    return nodelist.render(context)
           ^^^^^^^^^^^^^^^^^^^^^^^^
  File "E:\myblog\.venv\Lib\site-packages\django\template\base.py", line 1018, in render
    return SafeString("".join([node.render_annotated(context) for node in self]))
                              ^^^^^^^^^^^^^^^^^^^^^^^^^^^^^^^^^^^^^^^^^^^^^^^^^
  File "E:\myblog\.venv\Lib\site-packages\django\template\base.py", line 1018, in <listcomp>
    return SafeString("".join([node.render_annotated(context) for node in self]))
                               ^^^^^^^^^^^^^^^^^^^^^^^^^^^^^^
  File "E:\myblog\.venv\Lib\site-packages\django\template\base.py", line 979, in render_annotated
    return self.render(context)
           ^^^^^^^^^^^^^^^^^^^^
  File "E:\myblog\.venv\Lib\site-packages\django\template\loader_tags.py", line 199, in render
    template = context.template.engine.select_template(template_name)
               ^^^^^^^^^^^^^^^^^^^^^^^^^^^^^^^^^^^^^^^^^^^^^^^^^^^^^^
  File "E:\myblog\.venv\Lib\site-packages\django\template\engine.py", line 214, in select_template
    raise TemplateDoesNotExist(", ".join(not_found))
django.template.exceptions.TemplateDoesNotExist: notifications/notification_panel.html

The above exception was the direct cause of the following exception:

Traceback (most recent call last):
  File "E:\myblog\.venv\Lib\site-packages\django\core\handlers\exception.py", line 55, in inner
    response = get_response(request)
               ^^^^^^^^^^^^^^^^^^^^^
  File "E:\myblog\.venv\Lib\site-packages\django\core\handlers\base.py", line 197, in _get_response
    response = wrapped_callback(request, *callback_args, **callback_kwargs)
               ^^^^^^^^^^^^^^^^^^^^^^^^^^^^^^^^^^^^^^^^^^^^^^^^^^^^^^^^^^^^
  File "E:\myblog\articles\views.py", line 70, in article_list
    return render(request, 'articles/article_list.html', context)
           ^^^^^^^^^^^^^^^^^^^^^^^^^^^^^^^^^^^^^^^^^^^^^^^^^^^^^^
  File "E:\myblog\.venv\Lib\site-packages\django\shortcuts.py", line 25, in render
    content = loader.render_to_string(template_name, context, request, using=using)
              ^^^^^^^^^^^^^^^^^^^^^^^^^^^^^^^^^^^^^^^^^^^^^^^^^^^^^^^^^^^^^^^^^^^^^
  File "E:\myblog\.venv\Lib\site-packages\django\template\loader.py", line 62, in render_to_string
    return template.render(context, request)
           ^^^^^^^^^^^^^^^^^^^^^^^^^^^^^^^^^
  File "E:\myblog\.venv\Lib\site-packages\django\template\backends\django.py", line 109, in render
    reraise(exc, self.backend)
  File "E:\myblog\.venv\Lib\site-packages\django\template\backends\django.py", line 130, in reraise
    raise new from exc
django.template.exceptions.TemplateDoesNotExist: notifications/notification_panel.html
"GET / HTTP/1.1" 500 210197
Internal Server Error: /
Traceback (most recent call last):
  File "E:\myblog\.venv\Lib\site-packages\django\template\backends\django.py", line 107, in render
    return self.template.render(context)
           ^^^^^^^^^^^^^^^^^^^^^^^^^^^^^
  File "E:\myblog\.venv\Lib\site-packages\django\template\base.py", line 172, in render
    return self._render(context)
           ^^^^^^^^^^^^^^^^^^^^^
  File "E:\myblog\.venv\Lib\site-packages\django\test\utils.py", line 114, in instrumented_test_render
    return self.nodelist.render(context)
           ^^^^^^^^^^^^^^^^^^^^^^^^^^^^^
  File "E:\myblog\.venv\Lib\site-packages\django\template\base.py", line 1018, in render
    return SafeString("".join([node.render_annotated(context) for node in self]))
                              ^^^^^^^^^^^^^^^^^^^^^^^^^^^^^^^^^^^^^^^^^^^^^^^^^
  File "E:\myblog\.venv\Lib\site-packages\django\template\base.py", line 1018, in <listcomp>
    return SafeString("".join([node.render_annotated(context) for node in self]))
                               ^^^^^^^^^^^^^^^^^^^^^^^^^^^^^^
  File "E:\myblog\.venv\Lib\site-packages\django\template\base.py", line 979, in render_annotated
    return self.render(context)
           ^^^^^^^^^^^^^^^^^^^^
  File "E:\myblog\.venv\Lib\site-packages\django\template\loader_tags.py", line 159, in render
    return compiled_parent._render(context)
           ^^^^^^^^^^^^^^^^^^^^^^^^^^^^^^^^
  File "E:\myblog\.venv\Lib\site-packages\django\test\utils.py", line 114, in instrumented_test_render
    return self.nodelist.render(context)
           ^^^^^^^^^^^^^^^^^^^^^^^^^^^^^
  File "E:\myblog\.venv\Lib\site-packages\django\template\base.py", line 1018, in render
    return SafeString("".join([node.render_annotated(context) for node in self]))
                              ^^^^^^^^^^^^^^^^^^^^^^^^^^^^^^^^^^^^^^^^^^^^^^^^^
  File "E:\myblog\.venv\Lib\site-packages\django\template\base.py", line 1018, in <listcomp>
    return SafeString("".join([node.render_annotated(context) for node in self]))
                               ^^^^^^^^^^^^^^^^^^^^^^^^^^^^^^
  File "E:\myblog\.venv\Lib\site-packages\django\template\base.py", line 979, in render_annotated
    return self.render(context)
           ^^^^^^^^^^^^^^^^^^^^
  File "E:\myblog\.venv\Lib\site-packages\django\template\defaulttags.py", line 327, in render
    return nodelist.render(context)
           ^^^^^^^^^^^^^^^^^^^^^^^^
  File "E:\myblog\.venv\Lib\site-packages\django\template\base.py", line 1018, in render
    return SafeString("".join([node.render_annotated(context) for node in self]))
                              ^^^^^^^^^^^^^^^^^^^^^^^^^^^^^^^^^^^^^^^^^^^^^^^^^
  File "E:\myblog\.venv\Lib\site-packages\django\template\base.py", line 1018, in <listcomp>
    return SafeString("".join([node.render_annotated(context) for node in self]))
                               ^^^^^^^^^^^^^^^^^^^^^^^^^^^^^^
  File "E:\myblog\.venv\Lib\site-packages\django\template\base.py", line 979, in render_annotated
    return self.render(context)
           ^^^^^^^^^^^^^^^^^^^^
  File "E:\myblog\.venv\Lib\site-packages\django\template\loader_tags.py", line 199, in render
    template = context.template.engine.select_template(template_name)
               ^^^^^^^^^^^^^^^^^^^^^^^^^^^^^^^^^^^^^^^^^^^^^^^^^^^^^^
  File "E:\myblog\.venv\Lib\site-packages\django\template\engine.py", line 214, in select_template
    raise TemplateDoesNotExist(", ".join(not_found))
django.template.exceptions.TemplateDoesNotExist: notifications/notification_panel.html

The above exception was the direct cause of the following exception:

Traceback (most recent call last):
  File "E:\myblog\.venv\Lib\site-packages\django\core\handlers\exception.py", line 55, in inner
    response = get_response(request)
               ^^^^^^^^^^^^^^^^^^^^^
  File "E:\myblog\.venv\Lib\site-packages\django\core\handlers\base.py", line 197, in _get_response
    response = wrapped_callback(request, *callback_args, **callback_kwargs)
               ^^^^^^^^^^^^^^^^^^^^^^^^^^^^^^^^^^^^^^^^^^^^^^^^^^^^^^^^^^^^
  File "E:\myblog\articles\views.py", line 70, in article_list
    return render(request, 'articles/article_list.html', context)
           ^^^^^^^^^^^^^^^^^^^^^^^^^^^^^^^^^^^^^^^^^^^^^^^^^^^^^^
  File "E:\myblog\.venv\Lib\site-packages\django\shortcuts.py", line 25, in render
    content = loader.render_to_string(template_name, context, request, using=using)
              ^^^^^^^^^^^^^^^^^^^^^^^^^^^^^^^^^^^^^^^^^^^^^^^^^^^^^^^^^^^^^^^^^^^^^
  File "E:\myblog\.venv\Lib\site-packages\django\template\loader.py", line 62, in render_to_string
    return template.render(context, request)
           ^^^^^^^^^^^^^^^^^^^^^^^^^^^^^^^^^
  File "E:\myblog\.venv\Lib\site-packages\django\template\backends\django.py", line 109, in render
    reraise(exc, self.backend)
  File "E:\myblog\.venv\Lib\site-packages\django\template\backends\django.py", line 130, in reraise
    raise new from exc
django.template.exceptions.TemplateDoesNotExist: notifications/notification_panel.html
"GET / HTTP/1.1" 500 210199
Internal Server Error: /
Traceback (most recent call last):
  File "E:\myblog\.venv\Lib\site-packages\django\core\handlers\exception.py", line 55, in inner
    response = get_response(request)
               ^^^^^^^^^^^^^^^^^^^^^
  File "E:\myblog\.venv\Lib\site-packages\django\core\handlers\base.py", line 197, in _get_response
    response = wrapped_callback(request, *callback_args, **callback_kwargs)
               ^^^^^^^^^^^^^^^^^^^^^^^^^^^^^^^^^^^^^^^^^^^^^^^^^^^^^^^^^^^^
  File "E:\myblog\articles\views.py", line 70, in article_list
    return render(request, 'articles/article_list.html', context)
           ^^^^^^^^^^^^^^^^^^^^^^^^^^^^^^^^^^^^^^^^^^^^^^^^^^^^^^
  File "E:\myblog\.venv\Lib\site-packages\django\shortcuts.py", line 25, in render
    content = loader.render_to_string(template_name, context, request, using=using)
              ^^^^^^^^^^^^^^^^^^^^^^^^^^^^^^^^^^^^^^^^^^^^^^^^^^^^^^^^^^^^^^^^^^^^^
  File "E:\myblog\.venv\Lib\site-packages\django\template\loader.py", line 62, in render_to_string
    return template.render(context, request)
           ^^^^^^^^^^^^^^^^^^^^^^^^^^^^^^^^^
  File "E:\myblog\.venv\Lib\site-packages\django\template\backends\django.py", line 107, in render
    return self.template.render(context)
           ^^^^^^^^^^^^^^^^^^^^^^^^^^^^^
  File "E:\myblog\.venv\Lib\site-packages\django\template\base.py", line 172, in render
    return self._render(context)
           ^^^^^^^^^^^^^^^^^^^^^
  File "E:\myblog\.venv\Lib\site-packages\django\test\utils.py", line 114, in instrumented_test_render
    return self.nodelist.render(context)
           ^^^^^^^^^^^^^^^^^^^^^^^^^^^^^
  File "E:\myblog\.venv\Lib\site-packages\django\template\base.py", line 1018, in render
    return SafeString("".join([node.render_annotated(context) for node in self]))
                              ^^^^^^^^^^^^^^^^^^^^^^^^^^^^^^^^^^^^^^^^^^^^^^^^^
  File "E:\myblog\.venv\Lib\site-packages\django\template\base.py", line 1018, in <listcomp>
    return SafeString("".join([node.render_annotated(context) for node in self]))
                               ^^^^^^^^^^^^^^^^^^^^^^^^^^^^^^
  File "E:\myblog\.venv\Lib\site-packages\django\template\base.py", line 979, in render_annotated
    return self.render(context)
           ^^^^^^^^^^^^^^^^^^^^
  File "E:\myblog\.venv\Lib\site-packages\django\template\loader_tags.py", line 159, in render
    return compiled_parent._render(context)
           ^^^^^^^^^^^^^^^^^^^^^^^^^^^^^^^^
  File "E:\myblog\.venv\Lib\site-packages\django\test\utils.py", line 114, in instrumented_test_render
    return self.nodelist.render(context)
           ^^^^^^^^^^^^^^^^^^^^^^^^^^^^^
  File "E:\myblog\.venv\Lib\site-packages\django\template\base.py", line 1018, in render
    return SafeString("".join([node.render_annotated(context) for node in self]))
                              ^^^^^^^^^^^^^^^^^^^^^^^^^^^^^^^^^^^^^^^^^^^^^^^^^
  File "E:\myblog\.venv\Lib\site-packages\django\template\base.py", line 1018, in <listcomp>
    return SafeString("".join([node.render_annotated(context) for node in self]))
                               ^^^^^^^^^^^^^^^^^^^^^^^^^^^^^^
  File "E:\myblog\.venv\Lib\site-packages\django\template\base.py", line 979, in render_annotated
    return self.render(context)
           ^^^^^^^^^^^^^^^^^^^^
  File "E:\myblog\.venv\Lib\site-packages\django\template\defaulttags.py", line 327, in render
    return nodelist.render(context)
           ^^^^^^^^^^^^^^^^^^^^^^^^
  File "E:\myblog\.venv\Lib\site-packages\django\template\base.py", line 1018, in render
    return SafeString("".join([node.render_annotated(context) for node in self]))
                              ^^^^^^^^^^^^^^^^^^^^^^^^^^^^^^^^^^^^^^^^^^^^^^^^^
  File "E:\myblog\.venv\Lib\site-packages\django\template\base.py", line 1018, in <listcomp>
    return SafeString("".join([node.render_annotated(context) for node in self]))
                               ^^^^^^^^^^^^^^^^^^^^^^^^^^^^^^
  File "E:\myblog\.venv\Lib\site-packages\django\template\base.py", line 979, in render_annotated
    return self.render(context)
           ^^^^^^^^^^^^^^^^^^^^
  File "E:\myblog\.venv\Lib\site-packages\django\template\loader_tags.py", line 199, in render
    template = context.template.engine.select_template(template_name)
               ^^^^^^^^^^^^^^^^^^^^^^^^^^^^^^^^^^^^^^^^^^^^^^^^^^^^^^
  File "E:\myblog\.venv\Lib\site-packages\django\template\engine.py", line 208, in select_template
    return self.get_template(template_name)
           ^^^^^^^^^^^^^^^^^^^^^^^^^^^^^^^^
  File "E:\myblog\.venv\Lib\site-packages\django\template\engine.py", line 177, in get_template
    template, origin = self.find_template(template_name)
                       ^^^^^^^^^^^^^^^^^^^^^^^^^^^^^^^^^
  File "E:\myblog\.venv\Lib\site-packages\django\template\engine.py", line 159, in find_template
    template = loader.get_template(name, skip=skip)
               ^^^^^^^^^^^^^^^^^^^^^^^^^^^^^^^^^^^^
  File "E:\myblog\.venv\Lib\site-packages\django\template\loaders\cached.py", line 57, in get_template
    template = super().get_template(template_name, skip)
               ^^^^^^^^^^^^^^^^^^^^^^^^^^^^^^^^^^^^^^^^^
  File "E:\myblog\.venv\Lib\site-packages\django\template\loaders\base.py", line 28, in get_template
    return Template(
           ^^^^^^^^^
  File "E:\myblog\.venv\Lib\site-packages\django\template\base.py", line 155, in __init__
    self.nodelist = self.compile_nodelist()
                    ^^^^^^^^^^^^^^^^^^^^^^^
  File "E:\myblog\.venv\Lib\site-packages\django\template\base.py", line 197, in compile_nodelist
    nodelist = parser.parse()
               ^^^^^^^^^^^^^^
  File "E:\myblog\.venv\Lib\site-packages\django\template\base.py", line 519, in parse
    raise self.error(token, e)
  File "E:\myblog\.venv\Lib\site-packages\django\template\base.py", line 517, in parse
    compiled_result = compile_func(self, token)
                      ^^^^^^^^^^^^^^^^^^^^^^^^^
  File "E:\myblog\.venv\Lib\site-packages\django\template\defaulttags.py", line 962, in do_if
    nodelist = parser.parse(("elif", "else", "endif"))
               ^^^^^^^^^^^^^^^^^^^^^^^^^^^^^^^^^^^^^^^
  File "E:\myblog\.venv\Lib\site-packages\django\template\base.py", line 519, in parse
    raise self.error(token, e)
  File "E:\myblog\.venv\Lib\site-packages\django\template\base.py", line 517, in parse
    compiled_result = compile_func(self, token)
                      ^^^^^^^^^^^^^^^^^^^^^^^^^
  File "E:\myblog\.venv\Lib\site-packages\django\template\defaulttags.py", line 862, in do_for
    nodelist_loop = parser.parse(
                    ^^^^^^^^^^^^^
  File "E:\myblog\.venv\Lib\site-packages\django\template\base.py", line 490, in parse
    raise self.error(token, e)
  File "E:\myblog\.venv\Lib\site-packages\django\template\base.py", line 488, in parse
    filter_expression = self.compile_filter(token.contents)
                        ^^^^^^^^^^^^^^^^^^^^^^^^^^^^^^^^^^^
  File "E:\myblog\.venv\Lib\site-packages\django\template\base.py", line 610, in compile_filter
    return FilterExpression(token, self)
           ^^^^^^^^^^^^^^^^^^^^^^^^^^^^^
  File "E:\myblog\.venv\Lib\site-packages\django\template\base.py", line 706, in __init__
    filter_func = parser.find_filter(filter_name)
                  ^^^^^^^^^^^^^^^^^^^^^^^^^^^^^^^
  File "E:\myblog\.venv\Lib\site-packages\django\template\base.py", line 616, in find_filter
    raise TemplateSyntaxError("Invalid filter: '%s'" % filter_name)
django.template.exceptions.TemplateSyntaxError: Invalid filter: 'naturaltime'
"GET / HTTP/1.1" 500 309654
"GET / HTTP/1.1" 200 27038
"GET /static/css/light.css HTTP/1.1" 404 1966
"GET /01/ HTTP/1.1" 200 28416
"GET /static/css/light.css HTTP/1.1" 404 1966
"GET /static/images/default_avatar.png HTTP/1.1" 404 2002
E:\myblog\core\models.py changed, reloading.
Watching for file changes with StatReloader
E:\myblog\comments\signals.py changed, reloading.
Watching for file changes with StatReloader
E:\myblog\comments\forms.py changed, reloading.
Watching for file changes with StatReloader
E:\myblog\comments\views.py changed, reloading.
Watching for file changes with StatReloader
E:\myblog\comments\urls.py changed, reloading.
Watching for file changes with StatReloader
E:\myblog\core\models.py changed, reloading.
Watching for file changes with StatReloader
Watching for file changes with StatReloader
"GET / HTTP/1.1" 200 27358
"GET /static/css/notification.css HTTP/1.1" 200 2161
"GET /static/css/light.css HTTP/1.1" 404 1966
"GET /static/js/notifications.js HTTP/1.1" 200 5747
"GET /comments/notifications/json/ HTTP/1.1" 200 40
"GET /01/ HTTP/1.1" 200 28735
"GET /static/css/light.css HTTP/1.1" 404 1966
"GET /static/images/default_avatar.png HTTP/1.1" 404 2002
"GET /comments/notifications/json/ HTTP/1.1" 200 40
Internal Server Error: /comments/add/1/
Traceback (most recent call last):
  File "E:\myblog\.venv\Lib\site-packages\django\core\handlers\exception.py", line 55, in inner
    response = get_response(request)
               ^^^^^^^^^^^^^^^^^^^^^
  File "E:\myblog\.venv\Lib\site-packages\django\core\handlers\base.py", line 197, in _get_response
    response = wrapped_callback(request, *callback_args, **callback_kwargs)
               ^^^^^^^^^^^^^^^^^^^^^^^^^^^^^^^^^^^^^^^^^^^^^^^^^^^^^^^^^^^^
  File "E:\myblog\.venv\Lib\site-packages\django\contrib\auth\decorators.py", line 59, in _view_wrapper
    return view_func(request, *args, **kwargs)
           ^^^^^^^^^^^^^^^^^^^^^^^^^^^^^^^^^^^
  File "E:\myblog\comments\views.py", line 44, in add_comment
    comment.save()
  File "E:\myblog\.venv\Lib\site-packages\django\db\models\base.py", line 902, in save
    self.save_base(
  File "E:\myblog\.venv\Lib\site-packages\django\db\models\base.py", line 1023, in save_base
    post_save.send(
  File "E:\myblog\.venv\Lib\site-packages\django\dispatch\dispatcher.py", line 189, in send
    response = receiver(signal=self, sender=sender, **named)
               ^^^^^^^^^^^^^^^^^^^^^^^^^^^^^^^^^^^^^^^^^^^^^
  File "E:\myblog\comments\signals.py", line 45, in send_comment_notification
    send_mail(subject, '', 'noreply@example.com', [article_author.email], html_message=html_message)
  File "E:\myblog\.venv\Lib\site-packages\django\core\mail\__init__.py", line 92, in send_mail
    return mail.send()
           ^^^^^^^^^^^
  File "E:\myblog\.venv\Lib\site-packages\django\core\mail\message.py", line 307, in send
    return self.get_connection(fail_silently).send_messages([self])
           ^^^^^^^^^^^^^^^^^^^^^^^^^^^^^^^^^^^^^^^^^^^^^^^^^^^^^^^^
  File "E:\myblog\.venv\Lib\site-packages\django\core\mail\backends\smtp.py", line 136, in send_messages
    sent = self._send(message)
           ^^^^^^^^^^^^^^^^^^^
  File "E:\myblog\.venv\Lib\site-packages\django\core\mail\backends\smtp.py", line 155, in _send
    self.connection.sendmail(
  File "C:\Program Files\WindowsApps\PythonSoftwareFoundation.Python.3.11_3.11.2544.0_x64__qbz5n2kfra8p0\Lib\smtplib.py", line 887, in sendmail
    raise SMTPSenderRefused(code, resp, from_addr)
smtplib.SMTPSenderRefused: (501, b'Mail from address must be same as authorization user.', 'noreply@example.com')
"POST /comments/add/1/ HTTP/1.1" 500 143214
Internal Server Error: /comments/add/1/
Traceback (most recent call last):
  File "E:\myblog\.venv\Lib\site-packages\django\core\handlers\exception.py", line 55, in inner
    response = get_response(request)
               ^^^^^^^^^^^^^^^^^^^^^
  File "E:\myblog\.venv\Lib\site-packages\django\core\handlers\base.py", line 197, in _get_response
    response = wrapped_callback(request, *callback_args, **callback_kwargs)
               ^^^^^^^^^^^^^^^^^^^^^^^^^^^^^^^^^^^^^^^^^^^^^^^^^^^^^^^^^^^^
  File "E:\myblog\.venv\Lib\site-packages\django\contrib\auth\decorators.py", line 59, in _view_wrapper
    return view_func(request, *args, **kwargs)
           ^^^^^^^^^^^^^^^^^^^^^^^^^^^^^^^^^^^
  File "E:\myblog\comments\views.py", line 44, in add_comment
    comment.save()
  File "E:\myblog\.venv\Lib\site-packages\django\db\models\base.py", line 902, in save
    self.save_base(
  File "E:\myblog\.venv\Lib\site-packages\django\db\models\base.py", line 1023, in save_base
    post_save.send(
  File "E:\myblog\.venv\Lib\site-packages\django\dispatch\dispatcher.py", line 189, in send
    response = receiver(signal=self, sender=sender, **named)
               ^^^^^^^^^^^^^^^^^^^^^^^^^^^^^^^^^^^^^^^^^^^^^
  File "E:\myblog\comments\signals.py", line 45, in send_comment_notification
    send_mail(subject, '', 'noreply@example.com', [article_author.email], html_message=html_message)
  File "E:\myblog\.venv\Lib\site-packages\django\core\mail\__init__.py", line 92, in send_mail
    return mail.send()
           ^^^^^^^^^^^
  File "E:\myblog\.venv\Lib\site-packages\django\core\mail\message.py", line 307, in send
    return self.get_connection(fail_silently).send_messages([self])
           ^^^^^^^^^^^^^^^^^^^^^^^^^^^^^^^^^^^^^^^^^^^^^^^^^^^^^^^^
  File "E:\myblog\.venv\Lib\site-packages\django\core\mail\backends\smtp.py", line 136, in send_messages
    sent = self._send(message)
           ^^^^^^^^^^^^^^^^^^^
  File "E:\myblog\.venv\Lib\site-packages\django\core\mail\backends\smtp.py", line 155, in _send
    self.connection.sendmail(
  File "C:\Program Files\WindowsApps\PythonSoftwareFoundation.Python.3.11_3.11.2544.0_x64__qbz5n2kfra8p0\Lib\smtplib.py", line 887, in sendmail
    raise SMTPSenderRefused(code, resp, from_addr)
smtplib.SMTPSenderRefused: (501, b'Mail from address must be same as authorization user.', 'noreply@example.com')
"POST /comments/add/1/ HTTP/1.1" 500 143215
Internal Server Error: /comments/add/1/
Traceback (most recent call last):
  File "E:\myblog\.venv\Lib\site-packages\django\core\handlers\exception.py", line 55, in inner
    response = get_response(request)
               ^^^^^^^^^^^^^^^^^^^^^
  File "E:\myblog\.venv\Lib\site-packages\django\core\handlers\base.py", line 197, in _get_response
    response = wrapped_callback(request, *callback_args, **callback_kwargs)
               ^^^^^^^^^^^^^^^^^^^^^^^^^^^^^^^^^^^^^^^^^^^^^^^^^^^^^^^^^^^^
  File "E:\myblog\.venv\Lib\site-packages\django\contrib\auth\decorators.py", line 59, in _view_wrapper
    return view_func(request, *args, **kwargs)
           ^^^^^^^^^^^^^^^^^^^^^^^^^^^^^^^^^^^
  File "E:\myblog\comments\views.py", line 44, in add_comment
    comment.save()
  File "E:\myblog\.venv\Lib\site-packages\django\db\models\base.py", line 902, in save
    self.save_base(
  File "E:\myblog\.venv\Lib\site-packages\django\db\models\base.py", line 1023, in save_base
    post_save.send(
  File "E:\myblog\.venv\Lib\site-packages\django\dispatch\dispatcher.py", line 189, in send
    response = receiver(signal=self, sender=sender, **named)
               ^^^^^^^^^^^^^^^^^^^^^^^^^^^^^^^^^^^^^^^^^^^^^
  File "E:\myblog\comments\signals.py", line 45, in send_comment_notification
    send_mail(subject, '', 'noreply@example.com', [article_author.email], html_message=html_message)
  File "E:\myblog\.venv\Lib\site-packages\django\core\mail\__init__.py", line 92, in send_mail
    return mail.send()
           ^^^^^^^^^^^
  File "E:\myblog\.venv\Lib\site-packages\django\core\mail\message.py", line 307, in send
    return self.get_connection(fail_silently).send_messages([self])
           ^^^^^^^^^^^^^^^^^^^^^^^^^^^^^^^^^^^^^^^^^^^^^^^^^^^^^^^^
  File "E:\myblog\.venv\Lib\site-packages\django\core\mail\backends\smtp.py", line 136, in send_messages
    sent = self._send(message)
           ^^^^^^^^^^^^^^^^^^^
  File "E:\myblog\.venv\Lib\site-packages\django\core\mail\backends\smtp.py", line 155, in _send
    self.connection.sendmail(
  File "C:\Program Files\WindowsApps\PythonSoftwareFoundation.Python.3.11_3.11.2544.0_x64__qbz5n2kfra8p0\Lib\smtplib.py", line 887, in sendmail
    raise SMTPSenderRefused(code, resp, from_addr)
smtplib.SMTPSenderRefused: (501, b'Mail from address must be same as authorization user.', 'noreply@example.com')
"POST /comments/add/1/ HTTP/1.1" 500 143215
"GET /__debug__/history_sidebar/?request_id=c8d2a2b1ea954085b71fef5413ef8229 HTTP/1.1" 200 10634
"GET /__debug__/history_sidebar/?request_id=6e892edb39e54be18643f2d7f27070d5 HTTP/1.1" 200 10634
"GET /__debug__/history_sidebar/?request_id=6538031af0774555bde6ff61de2d199c HTTP/1.1" 200 10634
Internal Server Error: /comments/add/1/
Traceback (most recent call last):
  File "E:\myblog\.venv\Lib\site-packages\django\core\handlers\exception.py", line 55, in inner
    response = get_response(request)
               ^^^^^^^^^^^^^^^^^^^^^
  File "E:\myblog\.venv\Lib\site-packages\django\core\handlers\base.py", line 197, in _get_response
    response = wrapped_callback(request, *callback_args, **callback_kwargs)
               ^^^^^^^^^^^^^^^^^^^^^^^^^^^^^^^^^^^^^^^^^^^^^^^^^^^^^^^^^^^^
  File "E:\myblog\.venv\Lib\site-packages\django\contrib\auth\decorators.py", line 59, in _view_wrapper
    return view_func(request, *args, **kwargs)
           ^^^^^^^^^^^^^^^^^^^^^^^^^^^^^^^^^^^
  File "E:\myblog\comments\views.py", line 44, in add_comment
    comment.save()
  File "E:\myblog\.venv\Lib\site-packages\django\db\models\base.py", line 902, in save
    self.save_base(
  File "E:\myblog\.venv\Lib\site-packages\django\db\models\base.py", line 1023, in save_base
    post_save.send(
  File "E:\myblog\.venv\Lib\site-packages\django\dispatch\dispatcher.py", line 189, in send
    response = receiver(signal=self, sender=sender, **named)
               ^^^^^^^^^^^^^^^^^^^^^^^^^^^^^^^^^^^^^^^^^^^^^
  File "E:\myblog\comments\signals.py", line 45, in send_comment_notification
    send_mail(subject, '', 'noreply@example.com', [article_author.email], html_message=html_message)
  File "E:\myblog\.venv\Lib\site-packages\django\core\mail\__init__.py", line 92, in send_mail
    return mail.send()
           ^^^^^^^^^^^
  File "E:\myblog\.venv\Lib\site-packages\django\core\mail\message.py", line 307, in send
    return self.get_connection(fail_silently).send_messages([self])
           ^^^^^^^^^^^^^^^^^^^^^^^^^^^^^^^^^^^^^^^^^^^^^^^^^^^^^^^^
  File "E:\myblog\.venv\Lib\site-packages\django\core\mail\backends\smtp.py", line 136, in send_messages
    sent = self._send(message)
           ^^^^^^^^^^^^^^^^^^^
  File "E:\myblog\.venv\Lib\site-packages\django\core\mail\backends\smtp.py", line 155, in _send
    self.connection.sendmail(
  File "C:\Program Files\WindowsApps\PythonSoftwareFoundation.Python.3.11_3.11.2544.0_x64__qbz5n2kfra8p0\Lib\smtplib.py", line 887, in sendmail
    raise SMTPSenderRefused(code, resp, from_addr)
smtplib.SMTPSenderRefused: (501, b'Mail from address must be same as authorization user.', 'noreply@example.com')
"POST /comments/add/1/ HTTP/1.1" 500 143217
Internal Server Error: /comments/add/1/
Traceback (most recent call last):
  File "E:\myblog\.venv\Lib\site-packages\django\core\handlers\exception.py", line 55, in inner
    response = get_response(request)
               ^^^^^^^^^^^^^^^^^^^^^
  File "E:\myblog\.venv\Lib\site-packages\django\core\handlers\base.py", line 197, in _get_response
    response = wrapped_callback(request, *callback_args, **callback_kwargs)
               ^^^^^^^^^^^^^^^^^^^^^^^^^^^^^^^^^^^^^^^^^^^^^^^^^^^^^^^^^^^^
  File "E:\myblog\.venv\Lib\site-packages\django\contrib\auth\decorators.py", line 59, in _view_wrapper
    return view_func(request, *args, **kwargs)
           ^^^^^^^^^^^^^^^^^^^^^^^^^^^^^^^^^^^
  File "E:\myblog\comments\views.py", line 44, in add_comment
    comment.save()
  File "E:\myblog\.venv\Lib\site-packages\django\db\models\base.py", line 902, in save
    self.save_base(
  File "E:\myblog\.venv\Lib\site-packages\django\db\models\base.py", line 1023, in save_base
    post_save.send(
  File "E:\myblog\.venv\Lib\site-packages\django\dispatch\dispatcher.py", line 189, in send
    response = receiver(signal=self, sender=sender, **named)
               ^^^^^^^^^^^^^^^^^^^^^^^^^^^^^^^^^^^^^^^^^^^^^
  File "E:\myblog\comments\signals.py", line 45, in send_comment_notification
    send_mail(subject, '', 'noreply@example.com', [article_author.email], html_message=html_message)
  File "E:\myblog\.venv\Lib\site-packages\django\core\mail\__init__.py", line 92, in send_mail
    return mail.send()
           ^^^^^^^^^^^
  File "E:\myblog\.venv\Lib\site-packages\django\core\mail\message.py", line 307, in send
    return self.get_connection(fail_silently).send_messages([self])
           ^^^^^^^^^^^^^^^^^^^^^^^^^^^^^^^^^^^^^^^^^^^^^^^^^^^^^^^^
  File "E:\myblog\.venv\Lib\site-packages\django\core\mail\backends\smtp.py", line 136, in send_messages
    sent = self._send(message)
           ^^^^^^^^^^^^^^^^^^^
  File "E:\myblog\.venv\Lib\site-packages\django\core\mail\backends\smtp.py", line 155, in _send
    self.connection.sendmail(
  File "C:\Program Files\WindowsApps\PythonSoftwareFoundation.Python.3.11_3.11.2544.0_x64__qbz5n2kfra8p0\Lib\smtplib.py", line 887, in sendmail
    raise SMTPSenderRefused(code, resp, from_addr)
smtplib.SMTPSenderRefused: (501, b'Mail from address must be same as authorization user.', 'noreply@example.com')
"POST /comments/add/1/ HTTP/1.1" 500 143215
Internal Server Error: /comments/add/1/
Traceback (most recent call last):
  File "E:\myblog\.venv\Lib\site-packages\django\core\handlers\exception.py", line 55, in inner
    response = get_response(request)
               ^^^^^^^^^^^^^^^^^^^^^
  File "E:\myblog\.venv\Lib\site-packages\django\core\handlers\base.py", line 197, in _get_response
    response = wrapped_callback(request, *callback_args, **callback_kwargs)
               ^^^^^^^^^^^^^^^^^^^^^^^^^^^^^^^^^^^^^^^^^^^^^^^^^^^^^^^^^^^^
  File "E:\myblog\.venv\Lib\site-packages\django\contrib\auth\decorators.py", line 59, in _view_wrapper
    return view_func(request, *args, **kwargs)
           ^^^^^^^^^^^^^^^^^^^^^^^^^^^^^^^^^^^
  File "E:\myblog\comments\views.py", line 44, in add_comment
    comment.save()
  File "E:\myblog\.venv\Lib\site-packages\django\db\models\base.py", line 902, in save
    self.save_base(
  File "E:\myblog\.venv\Lib\site-packages\django\db\models\base.py", line 1023, in save_base
    post_save.send(
  File "E:\myblog\.venv\Lib\site-packages\django\dispatch\dispatcher.py", line 189, in send
    response = receiver(signal=self, sender=sender, **named)
               ^^^^^^^^^^^^^^^^^^^^^^^^^^^^^^^^^^^^^^^^^^^^^
  File "E:\myblog\comments\signals.py", line 45, in send_comment_notification
    send_mail(subject, '', 'noreply@example.com', [article_author.email], html_message=html_message)
  File "E:\myblog\.venv\Lib\site-packages\django\core\mail\__init__.py", line 92, in send_mail
    return mail.send()
           ^^^^^^^^^^^
  File "E:\myblog\.venv\Lib\site-packages\django\core\mail\message.py", line 307, in send
    return self.get_connection(fail_silently).send_messages([self])
           ^^^^^^^^^^^^^^^^^^^^^^^^^^^^^^^^^^^^^^^^^^^^^^^^^^^^^^^^
  File "E:\myblog\.venv\Lib\site-packages\django\core\mail\backends\smtp.py", line 136, in send_messages
    sent = self._send(message)
           ^^^^^^^^^^^^^^^^^^^
  File "E:\myblog\.venv\Lib\site-packages\django\core\mail\backends\smtp.py", line 155, in _send
    self.connection.sendmail(
  File "C:\Program Files\WindowsApps\PythonSoftwareFoundation.Python.3.11_3.11.2544.0_x64__qbz5n2kfra8p0\Lib\smtplib.py", line 887, in sendmail
    raise SMTPSenderRefused(code, resp, from_addr)
smtplib.SMTPSenderRefused: (501, b'Mail from address must be same as authorization user.', 'noreply@example.com')
"POST /comments/add/1/ HTTP/1.1" 500 143214
"GET /comments/notifications/json/ HTTP/1.1" 200 40
Internal Server Error: /comments/add/1/
Traceback (most recent call last):
  File "E:\myblog\.venv\Lib\site-packages\django\core\handlers\exception.py", line 55, in inner
    response = get_response(request)
               ^^^^^^^^^^^^^^^^^^^^^
  File "E:\myblog\.venv\Lib\site-packages\django\core\handlers\base.py", line 197, in _get_response
    response = wrapped_callback(request, *callback_args, **callback_kwargs)
               ^^^^^^^^^^^^^^^^^^^^^^^^^^^^^^^^^^^^^^^^^^^^^^^^^^^^^^^^^^^^
  File "E:\myblog\.venv\Lib\site-packages\django\contrib\auth\decorators.py", line 59, in _view_wrapper
    return view_func(request, *args, **kwargs)
           ^^^^^^^^^^^^^^^^^^^^^^^^^^^^^^^^^^^
  File "E:\myblog\comments\views.py", line 44, in add_comment
    comment.save()
  File "E:\myblog\.venv\Lib\site-packages\django\db\models\base.py", line 902, in save
    self.save_base(
  File "E:\myblog\.venv\Lib\site-packages\django\db\models\base.py", line 1023, in save_base
    post_save.send(
  File "E:\myblog\.venv\Lib\site-packages\django\dispatch\dispatcher.py", line 189, in send
    response = receiver(signal=self, sender=sender, **named)
               ^^^^^^^^^^^^^^^^^^^^^^^^^^^^^^^^^^^^^^^^^^^^^
  File "E:\myblog\comments\signals.py", line 45, in send_comment_notification
    send_mail(subject, '', 'noreply@example.com', [article_author.email], html_message=html_message)
  File "E:\myblog\.venv\Lib\site-packages\django\core\mail\__init__.py", line 92, in send_mail
    return mail.send()
           ^^^^^^^^^^^
  File "E:\myblog\.venv\Lib\site-packages\django\core\mail\message.py", line 307, in send
    return self.get_connection(fail_silently).send_messages([self])
           ^^^^^^^^^^^^^^^^^^^^^^^^^^^^^^^^^^^^^^^^^^^^^^^^^^^^^^^^
  File "E:\myblog\.venv\Lib\site-packages\django\core\mail\backends\smtp.py", line 128, in send_messages
    new_conn_created = self.open()
                       ^^^^^^^^^^^
  File "E:\myblog\.venv\Lib\site-packages\django\core\mail\backends\smtp.py", line 86, in open
    self.connection = self.connection_class(
                      ^^^^^^^^^^^^^^^^^^^^^^
  File "C:\Program Files\WindowsApps\PythonSoftwareFoundation.Python.3.11_3.11.2544.0_x64__qbz5n2kfra8p0\Lib\smtplib.py", line 1050, in __init__
    SMTP.__init__(self, host, port, local_hostname, timeout,
  File "C:\Program Files\WindowsApps\PythonSoftwareFoundation.Python.3.11_3.11.2544.0_x64__qbz5n2kfra8p0\Lib\smtplib.py", line 255, in __init__
    (code, msg) = self.connect(host, port)
                  ^^^^^^^^^^^^^^^^^^^^^^^^
  File "C:\Program Files\WindowsApps\PythonSoftwareFoundation.Python.3.11_3.11.2544.0_x64__qbz5n2kfra8p0\Lib\smtplib.py", line 341, in connect
    self.sock = self._get_socket(host, port, self.timeout)
                ^^^^^^^^^^^^^^^^^^^^^^^^^^^^^^^^^^^^^^^^^^
  File "C:\Program Files\WindowsApps\PythonSoftwareFoundation.Python.3.11_3.11.2544.0_x64__qbz5n2kfra8p0\Lib\smtplib.py", line 1056, in _get_socket
    new_socket = super()._get_socket(host, port, timeout)
                 ^^^^^^^^^^^^^^^^^^^^^^^^^^^^^^^^^^^^^^^^
  File "C:\Program Files\WindowsApps\PythonSoftwareFoundation.Python.3.11_3.11.2544.0_x64__qbz5n2kfra8p0\Lib\smtplib.py", line 312, in _get_socket
    return socket.create_connection((host, port), timeout,
           ^^^^^^^^^^^^^^^^^^^^^^^^^^^^^^^^^^^^^^^^^^^^^^^
  File "C:\Program Files\WindowsApps\PythonSoftwareFoundation.Python.3.11_3.11.2544.0_x64__qbz5n2kfra8p0\Lib\socket.py", line 851, in create_connection
    raise exceptions[0]
  File "C:\Program Files\WindowsApps\PythonSoftwareFoundation.Python.3.11_3.11.2544.0_x64__qbz5n2kfra8p0\Lib\socket.py", line 836, in create_connection
    sock.connect(sa)
TimeoutError: [WinError 10060] 由于连接方在一段时间后没有正确答复或连接的主机没有反应，连接尝试失败。
Internal Server Error: /comments/add/1/
Traceback (most recent call last):
  File "E:\myblog\.venv\Lib\site-packages\django\core\handlers\exception.py", line 55, in inner
    response = get_response(request)
               ^^^^^^^^^^^^^^^^^^^^^
  File "E:\myblog\.venv\Lib\site-packages\django\core\handlers\base.py", line 197, in _get_response
    response = wrapped_callback(request, *callback_args, **callback_kwargs)
               ^^^^^^^^^^^^^^^^^^^^^^^^^^^^^^^^^^^^^^^^^^^^^^^^^^^^^^^^^^^^
  File "E:\myblog\.venv\Lib\site-packages\django\contrib\auth\decorators.py", line 59, in _view_wrapper
    return view_func(request, *args, **kwargs)
           ^^^^^^^^^^^^^^^^^^^^^^^^^^^^^^^^^^^
  File "E:\myblog\comments\views.py", line 44, in add_comment
    comment.save()
  File "E:\myblog\.venv\Lib\site-packages\django\db\models\base.py", line 902, in save
    self.save_base(
  File "E:\myblog\.venv\Lib\site-packages\django\db\models\base.py", line 1023, in save_base
    post_save.send(
  File "E:\myblog\.venv\Lib\site-packages\django\dispatch\dispatcher.py", line 189, in send
    response = receiver(signal=self, sender=sender, **named)
               ^^^^^^^^^^^^^^^^^^^^^^^^^^^^^^^^^^^^^^^^^^^^^
  File "E:\myblog\comments\signals.py", line 45, in send_comment_notification
    send_mail(subject, '', 'noreply@example.com', [article_author.email], html_message=html_message)
  File "E:\myblog\.venv\Lib\site-packages\django\core\mail\__init__.py", line 92, in send_mail
    return mail.send()
           ^^^^^^^^^^^
  File "E:\myblog\.venv\Lib\site-packages\django\core\mail\message.py", line 307, in send
    return self.get_connection(fail_silently).send_messages([self])
           ^^^^^^^^^^^^^^^^^^^^^^^^^^^^^^^^^^^^^^^^^^^^^^^^^^^^^^^^
  File "E:\myblog\.venv\Lib\site-packages\django\core\mail\backends\smtp.py", line 128, in send_messages
    new_conn_created = self.open()
                       ^^^^^^^^^^^
  File "E:\myblog\.venv\Lib\site-packages\django\core\mail\backends\smtp.py", line 86, in open
    self.connection = self.connection_class(
                      ^^^^^^^^^^^^^^^^^^^^^^
  File "C:\Program Files\WindowsApps\PythonSoftwareFoundation.Python.3.11_3.11.2544.0_x64__qbz5n2kfra8p0\Lib\smtplib.py", line 1050, in __init__
    SMTP.__init__(self, host, port, local_hostname, timeout,
  File "C:\Program Files\WindowsApps\PythonSoftwareFoundation.Python.3.11_3.11.2544.0_x64__qbz5n2kfra8p0\Lib\smtplib.py", line 255, in __init__
    (code, msg) = self.connect(host, port)
                  ^^^^^^^^^^^^^^^^^^^^^^^^
  File "C:\Program Files\WindowsApps\PythonSoftwareFoundation.Python.3.11_3.11.2544.0_x64__qbz5n2kfra8p0\Lib\smtplib.py", line 341, in connect
    self.sock = self._get_socket(host, port, self.timeout)
                ^^^^^^^^^^^^^^^^^^^^^^^^^^^^^^^^^^^^^^^^^^
  File "C:\Program Files\WindowsApps\PythonSoftwareFoundation.Python.3.11_3.11.2544.0_x64__qbz5n2kfra8p0\Lib\smtplib.py", line 1056, in _get_socket
    new_socket = super()._get_socket(host, port, timeout)
                 ^^^^^^^^^^^^^^^^^^^^^^^^^^^^^^^^^^^^^^^^
  File "C:\Program Files\WindowsApps\PythonSoftwareFoundation.Python.3.11_3.11.2544.0_x64__qbz5n2kfra8p0\Lib\smtplib.py", line 312, in _get_socket
    return socket.create_connection((host, port), timeout,
           ^^^^^^^^^^^^^^^^^^^^^^^^^^^^^^^^^^^^^^^^^^^^^^^
  File "C:\Program Files\WindowsApps\PythonSoftwareFoundation.Python.3.11_3.11.2544.0_x64__qbz5n2kfra8p0\Lib\socket.py", line 851, in create_connection
    raise exceptions[0]
  File "C:\Program Files\WindowsApps\PythonSoftwareFoundation.Python.3.11_3.11.2544.0_x64__qbz5n2kfra8p0\Lib\socket.py", line 836, in create_connection
    sock.connect(sa)
TimeoutError: [WinError 10060] 由于连接方在一段时间后没有正确答复或连接的主机没有反应，连接尝试失败。
"POST /comments/add/1/ HTTP/1.1" 500 171582
"POST /comments/add/1/ HTTP/1.1" 500 171582
Internal Server Error: /comments/add/1/
Traceback (most recent call last):
  File "E:\myblog\.venv\Lib\site-packages\django\core\handlers\exception.py", line 55, in inner
    response = get_response(request)
               ^^^^^^^^^^^^^^^^^^^^^
  File "E:\myblog\.venv\Lib\site-packages\django\core\handlers\base.py", line 197, in _get_response
    response = wrapped_callback(request, *callback_args, **callback_kwargs)
               ^^^^^^^^^^^^^^^^^^^^^^^^^^^^^^^^^^^^^^^^^^^^^^^^^^^^^^^^^^^^
  File "E:\myblog\.venv\Lib\site-packages\django\contrib\auth\decorators.py", line 59, in _view_wrapper
    return view_func(request, *args, **kwargs)
           ^^^^^^^^^^^^^^^^^^^^^^^^^^^^^^^^^^^
  File "E:\myblog\comments\views.py", line 44, in add_comment
    comment.save()
  File "E:\myblog\.venv\Lib\site-packages\django\db\models\base.py", line 902, in save
    self.save_base(
  File "E:\myblog\.venv\Lib\site-packages\django\db\models\base.py", line 1023, in save_base
    post_save.send(
  File "E:\myblog\.venv\Lib\site-packages\django\dispatch\dispatcher.py", line 189, in send
    response = receiver(signal=self, sender=sender, **named)
               ^^^^^^^^^^^^^^^^^^^^^^^^^^^^^^^^^^^^^^^^^^^^^
  File "E:\myblog\comments\signals.py", line 45, in send_comment_notification
    send_mail(subject, '', 'noreply@example.com', [article_author.email], html_message=html_message)
  File "E:\myblog\.venv\Lib\site-packages\django\core\mail\__init__.py", line 92, in send_mail
    return mail.send()
           ^^^^^^^^^^^
  File "E:\myblog\.venv\Lib\site-packages\django\core\mail\message.py", line 307, in send
    return self.get_connection(fail_silently).send_messages([self])
           ^^^^^^^^^^^^^^^^^^^^^^^^^^^^^^^^^^^^^^^^^^^^^^^^^^^^^^^^
  File "E:\myblog\.venv\Lib\site-packages\django\core\mail\backends\smtp.py", line 128, in send_messages
    new_conn_created = self.open()
                       ^^^^^^^^^^^
  File "E:\myblog\.venv\Lib\site-packages\django\core\mail\backends\smtp.py", line 86, in open
    self.connection = self.connection_class(
                      ^^^^^^^^^^^^^^^^^^^^^^
  File "C:\Program Files\WindowsApps\PythonSoftwareFoundation.Python.3.11_3.11.2544.0_x64__qbz5n2kfra8p0\Lib\smtplib.py", line 1050, in __init__
    SMTP.__init__(self, host, port, local_hostname, timeout,
  File "C:\Program Files\WindowsApps\PythonSoftwareFoundation.Python.3.11_3.11.2544.0_x64__qbz5n2kfra8p0\Lib\smtplib.py", line 255, in __init__
    (code, msg) = self.connect(host, port)
                  ^^^^^^^^^^^^^^^^^^^^^^^^
  File "C:\Program Files\WindowsApps\PythonSoftwareFoundation.Python.3.11_3.11.2544.0_x64__qbz5n2kfra8p0\Lib\smtplib.py", line 341, in connect
    self.sock = self._get_socket(host, port, self.timeout)
                ^^^^^^^^^^^^^^^^^^^^^^^^^^^^^^^^^^^^^^^^^^
  File "C:\Program Files\WindowsApps\PythonSoftwareFoundation.Python.3.11_3.11.2544.0_x64__qbz5n2kfra8p0\Lib\smtplib.py", line 1056, in _get_socket
    new_socket = super()._get_socket(host, port, timeout)
                 ^^^^^^^^^^^^^^^^^^^^^^^^^^^^^^^^^^^^^^^^
  File "C:\Program Files\WindowsApps\PythonSoftwareFoundation.Python.3.11_3.11.2544.0_x64__qbz5n2kfra8p0\Lib\smtplib.py", line 312, in _get_socket
    return socket.create_connection((host, port), timeout,
           ^^^^^^^^^^^^^^^^^^^^^^^^^^^^^^^^^^^^^^^^^^^^^^^
  File "C:\Program Files\WindowsApps\PythonSoftwareFoundation.Python.3.11_3.11.2544.0_x64__qbz5n2kfra8p0\Lib\socket.py", line 851, in create_connection
    raise exceptions[0]
  File "C:\Program Files\WindowsApps\PythonSoftwareFoundation.Python.3.11_3.11.2544.0_x64__qbz5n2kfra8p0\Lib\socket.py", line 836, in create_connection
    sock.connect(sa)
TimeoutError: [WinError 10060] 由于连接方在一段时间后没有正确答复或连接的主机没有反应，连接尝试失败。
Internal Server Error: /comments/add/1/
Traceback (most recent call last):
  File "E:\myblog\.venv\Lib\site-packages\django\core\handlers\exception.py", line 55, in inner
    response = get_response(request)
               ^^^^^^^^^^^^^^^^^^^^^
  File "E:\myblog\.venv\Lib\site-packages\django\core\handlers\base.py", line 197, in _get_response
    response = wrapped_callback(request, *callback_args, **callback_kwargs)
               ^^^^^^^^^^^^^^^^^^^^^^^^^^^^^^^^^^^^^^^^^^^^^^^^^^^^^^^^^^^^
  File "E:\myblog\.venv\Lib\site-packages\django\contrib\auth\decorators.py", line 59, in _view_wrapper
    return view_func(request, *args, **kwargs)
           ^^^^^^^^^^^^^^^^^^^^^^^^^^^^^^^^^^^
  File "E:\myblog\comments\views.py", line 44, in add_comment
    comment.save()
  File "E:\myblog\.venv\Lib\site-packages\django\db\models\base.py", line 902, in save
    self.save_base(
  File "E:\myblog\.venv\Lib\site-packages\django\db\models\base.py", line 1023, in save_base
    post_save.send(
  File "E:\myblog\.venv\Lib\site-packages\django\dispatch\dispatcher.py", line 189, in send
    response = receiver(signal=self, sender=sender, **named)
               ^^^^^^^^^^^^^^^^^^^^^^^^^^^^^^^^^^^^^^^^^^^^^
  File "E:\myblog\comments\signals.py", line 45, in send_comment_notification
    send_mail(subject, '', 'noreply@example.com', [article_author.email], html_message=html_message)
  File "E:\myblog\.venv\Lib\site-packages\django\core\mail\__init__.py", line 92, in send_mail
    return mail.send()
           ^^^^^^^^^^^
  File "E:\myblog\.venv\Lib\site-packages\django\core\mail\message.py", line 307, in send
    return self.get_connection(fail_silently).send_messages([self])
           ^^^^^^^^^^^^^^^^^^^^^^^^^^^^^^^^^^^^^^^^^^^^^^^^^^^^^^^^
  File "E:\myblog\.venv\Lib\site-packages\django\core\mail\backends\smtp.py", line 128, in send_messages
    new_conn_created = self.open()
                       ^^^^^^^^^^^
  File "E:\myblog\.venv\Lib\site-packages\django\core\mail\backends\smtp.py", line 86, in open
    self.connection = self.connection_class(
                      ^^^^^^^^^^^^^^^^^^^^^^
  File "C:\Program Files\WindowsApps\PythonSoftwareFoundation.Python.3.11_3.11.2544.0_x64__qbz5n2kfra8p0\Lib\smtplib.py", line 1050, in __init__
    SMTP.__init__(self, host, port, local_hostname, timeout,
  File "C:\Program Files\WindowsApps\PythonSoftwareFoundation.Python.3.11_3.11.2544.0_x64__qbz5n2kfra8p0\Lib\smtplib.py", line 255, in __init__
    (code, msg) = self.connect(host, port)
                  ^^^^^^^^^^^^^^^^^^^^^^^^
  File "C:\Program Files\WindowsApps\PythonSoftwareFoundation.Python.3.11_3.11.2544.0_x64__qbz5n2kfra8p0\Lib\smtplib.py", line 341, in connect
    self.sock = self._get_socket(host, port, self.timeout)
                ^^^^^^^^^^^^^^^^^^^^^^^^^^^^^^^^^^^^^^^^^^
  File "C:\Program Files\WindowsApps\PythonSoftwareFoundation.Python.3.11_3.11.2544.0_x64__qbz5n2kfra8p0\Lib\smtplib.py", line 1056, in _get_socket
    new_socket = super()._get_socket(host, port, timeout)
                 ^^^^^^^^^^^^^^^^^^^^^^^^^^^^^^^^^^^^^^^^
  File "C:\Program Files\WindowsApps\PythonSoftwareFoundation.Python.3.11_3.11.2544.0_x64__qbz5n2kfra8p0\Lib\smtplib.py", line 312, in _get_socket
    return socket.create_connection((host, port), timeout,
           ^^^^^^^^^^^^^^^^^^^^^^^^^^^^^^^^^^^^^^^^^^^^^^^
  File "C:\Program Files\WindowsApps\PythonSoftwareFoundation.Python.3.11_3.11.2544.0_x64__qbz5n2kfra8p0\Lib\socket.py", line 851, in create_connection
    raise exceptions[0]
  File "C:\Program Files\WindowsApps\PythonSoftwareFoundation.Python.3.11_3.11.2544.0_x64__qbz5n2kfra8p0\Lib\socket.py", line 836, in create_connection
    sock.connect(sa)
TimeoutError: [WinError 10060] 由于连接方在一段时间后没有正确答复或连接的主机没有反应，连接尝试失败。
"POST /comments/add/1/ HTTP/1.1" 500 171582
"POST /comments/add/1/ HTTP/1.1" 500 171582
Internal Server Error: /comments/add/1/
Traceback (most recent call last):
  File "E:\myblog\.venv\Lib\site-packages\django\core\handlers\exception.py", line 55, in inner
    response = get_response(request)
               ^^^^^^^^^^^^^^^^^^^^^
  File "E:\myblog\.venv\Lib\site-packages\django\core\handlers\base.py", line 197, in _get_response
    response = wrapped_callback(request, *callback_args, **callback_kwargs)
               ^^^^^^^^^^^^^^^^^^^^^^^^^^^^^^^^^^^^^^^^^^^^^^^^^^^^^^^^^^^^
  File "E:\myblog\.venv\Lib\site-packages\django\contrib\auth\decorators.py", line 59, in _view_wrapper
    return view_func(request, *args, **kwargs)
           ^^^^^^^^^^^^^^^^^^^^^^^^^^^^^^^^^^^
  File "E:\myblog\comments\views.py", line 44, in add_comment
    comment.save()
  File "E:\myblog\.venv\Lib\site-packages\django\db\models\base.py", line 902, in save
    self.save_base(
  File "E:\myblog\.venv\Lib\site-packages\django\db\models\base.py", line 1023, in save_base
    post_save.send(
  File "E:\myblog\.venv\Lib\site-packages\django\dispatch\dispatcher.py", line 189, in send
    response = receiver(signal=self, sender=sender, **named)
               ^^^^^^^^^^^^^^^^^^^^^^^^^^^^^^^^^^^^^^^^^^^^^
  File "E:\myblog\comments\signals.py", line 45, in send_comment_notification
    send_mail(subject, '', 'noreply@example.com', [article_author.email], html_message=html_message)
  File "E:\myblog\.venv\Lib\site-packages\django\core\mail\__init__.py", line 92, in send_mail
    return mail.send()
           ^^^^^^^^^^^
  File "E:\myblog\.venv\Lib\site-packages\django\core\mail\message.py", line 307, in send
    return self.get_connection(fail_silently).send_messages([self])
           ^^^^^^^^^^^^^^^^^^^^^^^^^^^^^^^^^^^^^^^^^^^^^^^^^^^^^^^^
  File "E:\myblog\.venv\Lib\site-packages\django\core\mail\backends\smtp.py", line 128, in send_messages
    new_conn_created = self.open()
                       ^^^^^^^^^^^
  File "E:\myblog\.venv\Lib\site-packages\django\core\mail\backends\smtp.py", line 86, in open
    self.connection = self.connection_class(
                      ^^^^^^^^^^^^^^^^^^^^^^
  File "C:\Program Files\WindowsApps\PythonSoftwareFoundation.Python.3.11_3.11.2544.0_x64__qbz5n2kfra8p0\Lib\smtplib.py", line 1050, in __init__
    SMTP.__init__(self, host, port, local_hostname, timeout,
  File "C:\Program Files\WindowsApps\PythonSoftwareFoundation.Python.3.11_3.11.2544.0_x64__qbz5n2kfra8p0\Lib\smtplib.py", line 255, in __init__
    (code, msg) = self.connect(host, port)
                  ^^^^^^^^^^^^^^^^^^^^^^^^
  File "C:\Program Files\WindowsApps\PythonSoftwareFoundation.Python.3.11_3.11.2544.0_x64__qbz5n2kfra8p0\Lib\smtplib.py", line 341, in connect
    self.sock = self._get_socket(host, port, self.timeout)
                ^^^^^^^^^^^^^^^^^^^^^^^^^^^^^^^^^^^^^^^^^^
  File "C:\Program Files\WindowsApps\PythonSoftwareFoundation.Python.3.11_3.11.2544.0_x64__qbz5n2kfra8p0\Lib\smtplib.py", line 1056, in _get_socket
    new_socket = super()._get_socket(host, port, timeout)
                 ^^^^^^^^^^^^^^^^^^^^^^^^^^^^^^^^^^^^^^^^
  File "C:\Program Files\WindowsApps\PythonSoftwareFoundation.Python.3.11_3.11.2544.0_x64__qbz5n2kfra8p0\Lib\smtplib.py", line 312, in _get_socket
    return socket.create_connection((host, port), timeout,
           ^^^^^^^^^^^^^^^^^^^^^^^^^^^^^^^^^^^^^^^^^^^^^^^
  File "C:\Program Files\WindowsApps\PythonSoftwareFoundation.Python.3.11_3.11.2544.0_x64__qbz5n2kfra8p0\Lib\socket.py", line 851, in create_connection
    raise exceptions[0]
  File "C:\Program Files\WindowsApps\PythonSoftwareFoundation.Python.3.11_3.11.2544.0_x64__qbz5n2kfra8p0\Lib\socket.py", line 836, in create_connection
    sock.connect(sa)
TimeoutError: [WinError 10060] 由于连接方在一段时间后没有正确答复或连接的主机没有反应，连接尝试失败。
"POST /comments/add/1/ HTTP/1.1" 500 171580
E:\myblog\comments\signals.py changed, reloading.
Watching for file changes with StatReloader
E:\myblog\comments\signals.py changed, reloading.
Watching for file changes with StatReloader
Watching for file changes with StatReloader
"GET /__debug__/history_sidebar/?request_id=f3c3529eb5d8451e81a08c15b5d92577 HTTP/1.1" 200 2
"GET /__debug__/history_sidebar/?request_id=f160d4b0bbb14836b2a47eff862c9a0d HTTP/1.1" 200 2
"GET /comments/notifications/json/ HTTP/1.1" 200 40
"GET / HTTP/1.1" 200 27358
"GET /static/css/notification.css HTTP/1.1" 304 0
"GET /static/css/light.css HTTP/1.1" 404 1966
"GET /static/js/notifications.js HTTP/1.1" 304 0
"GET /__debug__/history_sidebar/?request_id=43e8ebe8bdd64c4798b6b9e50790e729 HTTP/1.1" 200 10603
"GET /comments/notifications/json/ HTTP/1.1" 200 40
"GET /01/ HTTP/1.1" 200 52062
"GET /static/css/light.css HTTP/1.1" 404 1966
"GET /static/images/default_avatar.png HTTP/1.1" 404 2002
"GET /comments/notifications/json/ HTTP/1.1" 200 40
"POST /comments/add/1/ HTTP/1.1" 200 295
"POST /comments/add/1/ HTTP/1.1" 200 295
"GET /01/ HTTP/1.1" 200 64817
- Broken pipe from ('127.0.0.1', 57738)
- Broken pipe from ('127.0.0.1', 64600)
- Broken pipe from ('127.0.0.1', 57232)
- Broken pipe from ('127.0.0.1', 65371)
"GET /static/css/light.css HTTP/1.1" 404 1966
"GET /static/images/default_avatar.png HTTP/1.1" 404 2002
"GET /comments/notifications/json/ HTTP/1.1" 200 40
- Broken pipe from ('127.0.0.1', 55594)
- Broken pipe from ('127.0.0.1', 52695)
- Broken pipe from ('127.0.0.1', 53950)
- Broken pipe from ('127.0.0.1', 57134)
- Broken pipe from ('127.0.0.1', 51158)
"GET /comments/notifications/json/ HTTP/1.1" 200 40
"GET /__debug__/history_sidebar/?request_id=add6e263850c4ea9a8de61d0fd343074 HTTP/1.1" 200 10601
"GET /comments/notifications/json/ HTTP/1.1" 200 40
"GET /__debug__/history_sidebar/?request_id=d5e6e1b1a134414aacbb40dceef131b7 HTTP/1.1" 200 10601
"GET /comments/notifications/json/ HTTP/1.1" 200 40
"GET /__debug__/history_sidebar/?request_id=75e9631617d24807a3f10b2937d39e62 HTTP/1.1" 200 10601
"GET /comments/notifications/json/ HTTP/1.1" 200 40
"GET /__debug__/history_sidebar/?request_id=93ddea138cfd4c80b793bbe38ee34a47 HTTP/1.1" 200 10600
"GET /comments/notifications/json/ HTTP/1.1" 200 40
"GET /__debug__/history_sidebar/?request_id=80d380def024450a88c0f84cf5ec9231 HTTP/1.1" 200 10601
"GET /comments/notifications/json/ HTTP/1.1" 200 40
"GET /__debug__/history_sidebar/?request_id=0979985c2e8b4c5a9f215d28ff609545 HTTP/1.1" 200 10601
"GET /comments/notifications/json/ HTTP/1.1" 200 40
"GET /__debug__/history_sidebar/?request_id=dec05f620417451d9b831c79effa53ce HTTP/1.1" 200 10601
"GET /comments/notifications/json/ HTTP/1.1" 200 40
"GET /__debug__/history_sidebar/?request_id=ed1e908080fb459f906150fdc5734a1f HTTP/1.1" 200 10601
"GET /comments/notifications/json/ HTTP/1.1" 200 40
"GET /__debug__/history_sidebar/?request_id=48feaa88b3ef4ccf852749a406e239b1 HTTP/1.1" 200 10600
Watching for file changes with StatReloader
"GET /comments/notifications/json/ HTTP/1.1" 200 40
"GET / HTTP/1.1" 200 27358
"GET /static/css/notification.css HTTP/1.1" 304 0
"GET /static/css/light.css HTTP/1.1" 404 1966
"GET /static/js/notifications.js HTTP/1.1" 304 0
"GET /__debug__/history_sidebar/?request_id=136834cd571e443c889d98f95979ba3a HTTP/1.1" 200 10603
"GET /comments/notifications/json/ HTTP/1.1" 200 40
"GET /01/ HTTP/1.1" 200 73328
"GET /static/css/light.css HTTP/1.1" 404 1966
"GET /static/images/default_avatar.png HTTP/1.1" 404 2002
"GET /comments/notifications/json/ HTTP/1.1" 200 40
"GET /comments/delete/1/ HTTP/1.1" 302 0
"POST /comments/add/1/ HTTP/1.1" 200 294
- Broken pipe from ('127.0.0.1', 49831)
"GET /static/images/default-avatar.png HTTP/1.1" 404 2002
"GET /__debug__/history_sidebar/?request_id=510822f78f954f1b954214288eeaeee2 HTTP/1.1" 200 10634
"GET /comments/delete/2/ HTTP/1.1" 302 0
- Broken pipe from ('127.0.0.1', 62986)
Not Found: /comments/delete/1/
"GET /comments/delete/1/ HTTP/1.1" 404 19372
"GET /comments/notifications/json/ HTTP/1.1" 200 40
"GET /__debug__/history_sidebar/?request_id=fb7830398a254294a5b30d9f4595d68e HTTP/1.1" 200 10601
"GET /comments/notifications/json/ HTTP/1.1" 200 40
"GET /__debug__/history_sidebar/?request_id=6311077a2b884a08bec469053e8eaabf HTTP/1.1" 200 10601
"GET /comments/notifications/json/ HTTP/1.1" 200 40
"GET /__debug__/history_sidebar/?request_id=a137edf95e5946b58e132744777c39d4 HTTP/1.1" 200 10601
"GET /comments/notifications/json/ HTTP/1.1" 200 40
"GET /__debug__/history_sidebar/?request_id=21e936ecf75c4dcabca3f8d770453c38 HTTP/1.1" 200 10601
"GET /comments/notifications/json/ HTTP/1.1" 200 40
"GET /__debug__/history_sidebar/?request_id=31f72d573cf34202a20f3a3d948e8d79 HTTP/1.1" 200 10601
"GET /comments/notifications/json/ HTTP/1.1" 200 40
"GET /__debug__/history_sidebar/?request_id=278d03a697264ac5ab80096467e3c5cb HTTP/1.1" 200 10601
"GET /comments/notifications/json/ HTTP/1.1" 200 40
"GET /__debug__/history_sidebar/?request_id=8266318533f843bbbdb743dee01921cf HTTP/1.1" 200 10600
"GET /comments/notifications/json/ HTTP/1.1" 200 40
"GET /__debug__/history_sidebar/?request_id=f88cae8561884c23a9c0d9dd39638cd6 HTTP/1.1" 200 10601
"GET /comments/notifications/json/ HTTP/1.1" 200 40
"GET /__debug__/history_sidebar/?request_id=9f5a84084e3c4c489a2f2cae2e6049b7 HTTP/1.1" 200 10601
"GET /comments/notifications/json/ HTTP/1.1" 200 40
"GET /__debug__/history_sidebar/?request_id=2707fba04bd84181a506c7ac3bf19b59 HTTP/1.1" 200 10601
"GET /comments/notifications/json/ HTTP/1.1" 200 40
"GET /__debug__/history_sidebar/?request_id=b644c42c9587410a946af4be348febae HTTP/1.1" 200 10601
"GET /comments/notifications/json/ HTTP/1.1" 200 40
"GET /__debug__/history_sidebar/?request_id=584bee393ee24f568881cef616d15e6f HTTP/1.1" 200 10601
"GET /comments/notifications/json/ HTTP/1.1" 200 40
"GET /__debug__/history_sidebar/?request_id=17ffa05ef1de46098a253ac738a81168 HTTP/1.1" 200 10601
"GET /comments/notifications/json/ HTTP/1.1" 200 40
"GET /__debug__/history_sidebar/?request_id=229175c792f04165bd74411f2462c17b HTTP/1.1" 200 10601
"GET /comments/notifications/json/ HTTP/1.1" 200 40
"GET /__debug__/history_sidebar/?request_id=936d61b090384d6c83de04d629ebd1f0 HTTP/1.1" 200 10601
"GET /comments/notifications/json/ HTTP/1.1" 200 40
"GET /__debug__/history_sidebar/?request_id=61de5fbd632b4912a0c100d8e61c499b HTTP/1.1" 200 10601
"GET /comments/notifications/json/ HTTP/1.1" 200 40
"GET /__debug__/history_sidebar/?request_id=ebbc284fe0224312a89e80d16d33497d HTTP/1.1" 200 10601
"GET /comments/notifications/json/ HTTP/1.1" 200 40
"GET /__debug__/history_sidebar/?request_id=3fbe418b62c149f7bb782cab7684f0f0 HTTP/1.1" 200 10601
"GET /comments/notifications/json/ HTTP/1.1" 200 40
"GET /__debug__/history_sidebar/?request_id=664d72b9ea06423e91fa824b2bf5d1a9 HTTP/1.1" 200 10601
"GET /comments/notifications/json/ HTTP/1.1" 200 40
"GET /__debug__/history_sidebar/?request_id=00b0b1fd77784d7abc1c19f771135467 HTTP/1.1" 200 10601
"GET /comments/notifications/json/ HTTP/1.1" 200 40
"GET /__debug__/history_sidebar/?request_id=5d9e6993051b48408316583345fff1d4 HTTP/1.1" 200 10601
"GET /comments/notifications/json/ HTTP/1.1" 200 40
"GET /__debug__/history_sidebar/?request_id=3ad907803f504b739aca4d8e3be22e93 HTTP/1.1" 200 10601
E:\myblog\comments\views.py changed, reloading.
Watching for file changes with StatReloader
"GET /comments/notifications/json/ HTTP/1.1" 200 40
"GET /__debug__/history_sidebar/?request_id=18c48d31c8594889a2012660fd5c350a HTTP/1.1" 200 10601
"GET /comments/notifications/json/ HTTP/1.1" 200 40
"GET /__debug__/history_sidebar/?request_id=dcdf8e3cee304a7aacbb62a8378e18f1 HTTP/1.1" 200 10601
"GET /comments/notifications/json/ HTTP/1.1" 200 40
"GET /__debug__/history_sidebar/?request_id=7e4f76ca710a4dc9a0e399cda86f7145 HTTP/1.1" 200 10601
"GET /comments/notifications/json/ HTTP/1.1" 200 40
"GET /__debug__/history_sidebar/?request_id=fb5bad4f8caf457fbd59c1abcccd0bc8 HTTP/1.1" 200 10601
"GET /comments/notifications/json/ HTTP/1.1" 200 40
"GET /__debug__/history_sidebar/?request_id=dcbda801850c4449994f940b6f95a13b HTTP/1.1" 200 10601
"GET /comments/notifications/json/ HTTP/1.1" 200 40
"GET /__debug__/history_sidebar/?request_id=877d2166f9ad47e4a2a40d07c610da35 HTTP/1.1" 200 10601
"GET /comments/notifications/json/ HTTP/1.1" 200 40
"GET /__debug__/history_sidebar/?request_id=74336c226a814e74b3143ed420b4ced8 HTTP/1.1" 200 10601
E:\myblog\comments\views.py changed, reloading.
Watching for file changes with StatReloader
Watching for file changes with StatReloader
"GET / HTTP/1.1" 200 27906
"GET /static/css/notification.css HTTP/1.1" 304 0
"GET /static/css/light.css HTTP/1.1" 404 1966
"GET /static/js/notifications.js HTTP/1.1" 304 0
"GET /comments/notifications/json/ HTTP/1.1" 200 40
"GET /01/ HTTP/1.1" 200 79241
"GET /static/css/light.css HTTP/1.1" 404 1966
"GET /static/images/default_avatar.png HTTP/1.1" 404 2002
"GET /comments/notifications/json/ HTTP/1.1" 200 40
"GET /comments/delete/23/ HTTP/1.1" 200 35
"GET /__debug__/history_sidebar/?request_id=758d7c3e8e1044658d5dd7caaa0f3556 HTTP/1.1" 200 10588
"GET /comments/delete/22/ HTTP/1.1" 200 35
"GET /__debug__/history_sidebar/?request_id=7b095f5fdc2e4e6b83419d157d4750b0 HTTP/1.1" 200 10588
"GET /comments/delete/18/ HTTP/1.1" 200 35
"GET /__debug__/history_sidebar/?request_id=5095b5555e6f47af8fafce99dcd7c6d2 HTTP/1.1" 200 10588
"GET /comments/notifications/json/ HTTP/1.1" 200 40
- Broken pipe from ('127.0.0.1', 55995)
"GET /__debug__/history_sidebar/?request_id=41bcf1cd5e95478d98384db7e78f628d HTTP/1.1" 200 10653
"GET /01/ HTTP/1.1" 200 86986
"GET /static/css/light.css HTTP/1.1" 404 1966
"GET /static/images/default_avatar.png HTTP/1.1" 404 2002
"GET /static/images/default_avatar.png HTTP/1.1" 404 2002
"GET /comments/notifications/json/ HTTP/1.1" 200 40
"POST /comments/add/1/ HTTP/1.1" 200 327
- Broken pipe from ('127.0.0.1', 49256)
- Broken pipe from ('127.0.0.1', 60580)
- Broken pipe from ('127.0.0.1', 55515)
- Broken pipe from ('127.0.0.1', 57517)
- Broken pipe from ('127.0.0.1', 60859)
- Broken pipe from ('127.0.0.1', 50897)
"POST /comments/add/1/ HTTP/1.1" 200 327
"POST /comments/add/1/ HTTP/1.1" 200 327
- Broken pipe from ('127.0.0.1', 63867)
"POST /comments/add/1/ HTTP/1.1" 200 327
"POST /comments/add/1/ HTTP/1.1" 200 327
"GET /__debug__/history_sidebar/?request_id=1931ec3f51104cb5a69b4c1b724d0602 HTTP/1.1" 200 10634
"GET /__debug__/history_sidebar/?request_id=ef3d8db6357a4ebc81325c982e4546ab HTTP/1.1" 200 10635
"POST /comments/add/1/ HTTP/1.1" 200 327
"GET /__debug__/history_sidebar/?request_id=4f63496b28a5412a8f4ea6307f0cc12a HTTP/1.1" 200 10635
"GET /comments/notifications/json/ HTTP/1.1" 200 40
Not Found: /01/undefined
"GET /01/undefined HTTP/1.1" 404 19701
"POST /comments/add/1/ HTTP/1.1" 200 327
"GET /__debug__/history_sidebar/?request_id=a4f42b1ec1404713bed46fc946b1c94b HTTP/1.1" 200 10636
"GET /static/images/default_avatar.png HTTP/1.1" 404 2002
"GET /comments/notifications/json/ HTTP/1.1" 200 40
"GET /__debug__/history_sidebar/?request_id=1dc78b54dfe74d7786bc0ea346a56dbb HTTP/1.1" 200 10601
"POST /comments/add/1/ HTTP/1.1" 200 327
"GET /static/images/default_avatar.png HTTP/1.1" 404 2002
"GET /__debug__/history_sidebar/?request_id=5a20cfa456fd4532b0576cd51546fa81 HTTP/1.1" 200 10635
"POST /comments/add/1/ HTTP/1.1" 200 327
Not Found: /01/undefined
"GET /01/undefined HTTP/1.1" 404 19701
"GET /__debug__/history_sidebar/?request_id=68bde6ca5fba4894bb3cd6494c7edd6a HTTP/1.1" 200 10635
"GET /comments/notifications/json/ HTTP/1.1" 200 40
"POST /comments/add/1/ HTTP/1.1" 200 327
"GET /static/images/default_avatar.png HTTP/1.1" 404 2002
"GET /__debug__/history_sidebar/?request_id=13e21f960a324b0dbb1cad74ae0f5e53 HTTP/1.1" 200 10635
"GET /comments/notifications/json/ HTTP/1.1" 200 40
"GET /__debug__/history_sidebar/?request_id=c8933777a4c447948e249a7aed19807f HTTP/1.1" 200 10601
"GET /comments/notifications/json/ HTTP/1.1" 200 40
"GET /__debug__/history_sidebar/?request_id=cbe66ac91aa44ae989c4b9c17dfee094 HTTP/1.1" 200 10600
"GET /comments/notifications/json/ HTTP/1.1" 200 40
"GET /__debug__/history_sidebar/?request_id=533c5f3d61894ca4b82e0c9ad782c8e6 HTTP/1.1" 200 10601
"GET /comments/notifications/json/ HTTP/1.1" 200 40
"GET /__debug__/history_sidebar/?request_id=b6bfa237576e43df8a71485b4e82c781 HTTP/1.1" 200 10601
"GET /comments/notifications/json/ HTTP/1.1" 200 40
"GET /__debug__/history_sidebar/?request_id=73cdddbdfbb54231a9ee77f35949afe6 HTTP/1.1" 200 10601
"GET /comments/notifications/json/ HTTP/1.1" 200 40
"GET /__debug__/history_sidebar/?request_id=9ba848c971744cf8abec46529170379b HTTP/1.1" 200 10600
"GET /comments/notifications/json/ HTTP/1.1" 200 40
"GET /__debug__/history_sidebar/?request_id=44d2b7de66ba48128e477c8400e4468d HTTP/1.1" 200 10601
"GET /comments/notifications/json/ HTTP/1.1" 200 40
"GET /__debug__/history_sidebar/?request_id=b9f976906983498d86bb4b2286c5ade6 HTTP/1.1" 200 10600
E:\myblog\comments\signals.py changed, reloading.
Watching for file changes with StatReloader
"GET /comments/notifications/json/ HTTP/1.1" 200 40
"GET /__debug__/history_sidebar/?request_id=fb2d774a046b458dba5831098b248848 HTTP/1.1" 200 10601
"GET /comments/notifications/json/ HTTP/1.1" 200 40
"GET /__debug__/history_sidebar/?request_id=d4fac07d1c4c4e218d4758434080bf34 HTTP/1.1" 200 10601
"GET /comments/notifications/json/ HTTP/1.1" 200 40
"GET /__debug__/history_sidebar/?request_id=0ac77da7c0fa4c149aeac232e5e7b891 HTTP/1.1" 200 10601
E:\myblog\comments\signals.py changed, reloading.
Watching for file changes with StatReloader
"GET /comments/notifications/json/ HTTP/1.1" 200 40
"GET /__debug__/history_sidebar/?request_id=7529a04f8d204b2d8c94494a431eb5bc HTTP/1.1" 200 10602
"GET /comments/notifications/json/ HTTP/1.1" 200 40
"GET /__debug__/history_sidebar/?request_id=0941072e1d0e4ab39fefe8b2cffe152c HTTP/1.1" 200 10601
"GET /comments/notifications/json/ HTTP/1.1" 200 40
"GET /__debug__/history_sidebar/?request_id=ef24123e190f4988ab80f00cce09c772 HTTP/1.1" 200 10601
"GET /comments/notifications/json/ HTTP/1.1" 200 40
"GET /__debug__/history_sidebar/?request_id=ca63bd21f57049dd8e43aa65ece45e90 HTTP/1.1" 200 10601
"GET /comments/notifications/json/ HTTP/1.1" 200 40
"GET /__debug__/history_sidebar/?request_id=837b8349229440ffb3f7d10e741f5019 HTTP/1.1" 200 10600
"GET /comments/notifications/json/ HTTP/1.1" 200 40
"GET /__debug__/history_sidebar/?request_id=fbb95fd828d34549a6c2a0683e13128b HTTP/1.1" 200 10601
"GET /comments/notifications/json/ HTTP/1.1" 200 40
"GET /__debug__/history_sidebar/?request_id=e3fc35cc596a455f8f294fc307fd9605 HTTP/1.1" 200 10601
"GET /comments/notifications/json/ HTTP/1.1" 200 40
"GET /__debug__/history_sidebar/?request_id=c62a7fd87daf4d089bd2614c7169aac2 HTTP/1.1" 200 10601
"GET /comments/notifications/json/ HTTP/1.1" 200 40
"GET /__debug__/history_sidebar/?request_id=678d27afb5eb47349e065b756f6336ba HTTP/1.1" 200 10601
"GET /comments/notifications/json/ HTTP/1.1" 200 40
"GET /__debug__/history_sidebar/?request_id=af3292cda4544f02a8cd9b384182351f HTTP/1.1" 200 10601
"GET /comments/notifications/json/ HTTP/1.1" 200 40
"GET /__debug__/history_sidebar/?request_id=0a9a086dcc3e4fb1a85f15bbaf0fc06c HTTP/1.1" 200 10601
"GET /comments/notifications/json/ HTTP/1.1" 200 40
"GET /__debug__/history_sidebar/?request_id=5ae2c5d4f53f44fd9a26236e1a1f003d HTTP/1.1" 200 10601
E:\myblog\comments\views.py changed, reloading.
Watching for file changes with StatReloader
E:\myblog\comments\urls.py changed, reloading.
Watching for file changes with StatReloader
"GET /comments/notifications/json/ HTTP/1.1" 200 40
"GET /__debug__/history_sidebar/?request_id=411d67b2a3614766bd1ae6c63c2a39c0 HTTP/1.1" 200 10601
"GET /comments/notifications/json/ HTTP/1.1" 200 40
"GET /__debug__/history_sidebar/?request_id=3f60368458534ca7bcb427492d8a5119 HTTP/1.1" 200 10601
"GET /comments/notifications/json/ HTTP/1.1" 200 40
"GET /__debug__/history_sidebar/?request_id=259dbb88ee604df4b13d80b93eb160e5 HTTP/1.1" 200 10601
"GET /comments/notifications/json/ HTTP/1.1" 200 40
"GET /__debug__/history_sidebar/?request_id=3ff38b9daf8d4848ad8cd6409be4c823 HTTP/1.1" 200 10601
E:\myblog\comments\views.py changed, reloading.
Watching for file changes with StatReloader
"GET /comments/notifications/json/ HTTP/1.1" 200 40
"GET /__debug__/history_sidebar/?request_id=de01964f8ee44970b8fffa94d2de8e01 HTTP/1.1" 200 10601
"GET /comments/notifications/json/ HTTP/1.1" 200 40
"GET /__debug__/history_sidebar/?request_id=c8333992b44f4cdd8279819bebac3740 HTTP/1.1" 200 10601
"GET /comments/notifications/json/ HTTP/1.1" 200 40
"GET /__debug__/history_sidebar/?request_id=559c761477464ca6b17195817066473f HTTP/1.1" 200 10601
"GET /comments/notifications/json/ HTTP/1.1" 200 40
"GET /__debug__/history_sidebar/?request_id=7d2e1164b2c14e218f9c8d9580bf84e4 HTTP/1.1" 200 10601
E:\myblog\comments\views.py changed, reloading.
Watching for file changes with StatReloader
"GET /comments/notifications/json/ HTTP/1.1" 200 40
"GET /__debug__/history_sidebar/?request_id=292763df0b624f648c83cc1148520059 HTTP/1.1" 200 10602
"GET /comments/notifications/json/ HTTP/1.1" 200 40
"GET /__debug__/history_sidebar/?request_id=797c6c4d8b3f4c9f9dbf4d3c0a58d93d HTTP/1.1" 200 10601
E:\myblog\comments\views.py changed, reloading.
Watching for file changes with StatReloader
"GET /comments/notifications/json/ HTTP/1.1" 200 40
"GET /__debug__/history_sidebar/?request_id=e844b78b41a84b659792d24972d278a3 HTTP/1.1" 200 10601
"GET /comments/notifications/json/ HTTP/1.1" 200 40
"GET /__debug__/history_sidebar/?request_id=4d381d8a3be1468fad118b23fa11ff3c HTTP/1.1" 200 10601
E:\myblog\comments\views.py changed, reloading.
Watching for file changes with StatReloader
"GET /comments/notifications/json/ HTTP/1.1" 200 40
"GET /__debug__/history_sidebar/?request_id=56fca5bc6cfd4b2d84df1cf9c606d7fb HTTP/1.1" 200 10601
"GET /comments/notifications/json/ HTTP/1.1" 200 40
"GET /__debug__/history_sidebar/?request_id=42d39925b7e746e3b13bf854781d4fb8 HTTP/1.1" 200 10601
"GET /comments/notifications/json/ HTTP/1.1" 200 40
"GET /__debug__/history_sidebar/?request_id=6c45b48e96794dc199c63f4d2a3b519d HTTP/1.1" 200 10601
E:\myblog\comments\views.py changed, reloading.
Watching for file changes with StatReloader
"GET /comments/notifications/json/ HTTP/1.1" 200 40
"GET /__debug__/history_sidebar/?request_id=2ae5de51de90418a8a2f58ba7388f005 HTTP/1.1" 200 10601
"GET /comments/notifications/json/ HTTP/1.1" 200 40
"GET /__debug__/history_sidebar/?request_id=d6e9df09f6ce491ab7c2cd6a4583f90d HTTP/1.1" 200 10600
"GET /comments/notifications/json/ HTTP/1.1" 200 40
"GET /__debug__/history_sidebar/?request_id=7be2dfbec1a54d319198231ba8b9b8e0 HTTP/1.1" 200 10601
"GET /comments/notifications/json/ HTTP/1.1" 200 40
"GET /__debug__/history_sidebar/?request_id=ca74e0b30b1b4096ae15865e9500adf7 HTTP/1.1" 200 10600
"GET /comments/notifications/json/ HTTP/1.1" 200 40
"GET /__debug__/history_sidebar/?request_id=096e0fe572714926ab1de6589f5b1b1d HTTP/1.1" 200 10601
"GET /comments/notifications/json/ HTTP/1.1" 200 40
"GET /__debug__/history_sidebar/?request_id=0e56e3554bb343f780a95fd8c3987a13 HTTP/1.1" 200 10601
"GET /comments/notifications/json/ HTTP/1.1" 200 40
"GET /__debug__/history_sidebar/?request_id=739969cdae9e48c0a706744855732fd2 HTTP/1.1" 200 10601
"GET /comments/notifications/json/ HTTP/1.1" 200 40
"GET /__debug__/history_sidebar/?request_id=9357f93b6d824adc99cc078a279addf2 HTTP/1.1" 200 10600
"GET /comments/notifications/json/ HTTP/1.1" 200 40
"GET /__debug__/history_sidebar/?request_id=5c42b23d64304de49f501fca00c3927b HTTP/1.1" 200 10601
"GET /comments/notifications/json/ HTTP/1.1" 200 40
"GET /__debug__/history_sidebar/?request_id=af8d1543dc7c4f7f839e4e538db534b6 HTTP/1.1" 200 10600
"GET /comments/notifications/json/ HTTP/1.1" 200 40
"GET /__debug__/history_sidebar/?request_id=a696506e04a04ea9a63799ad16aa5c56 HTTP/1.1" 200 10601
"GET /comments/notifications/json/ HTTP/1.1" 200 40
"GET /__debug__/history_sidebar/?request_id=9d7c4d0eb2c941cb8cb7bcae3dc81702 HTTP/1.1" 200 10601
"GET /comments/notifications/json/ HTTP/1.1" 200 40
"GET /__debug__/history_sidebar/?request_id=37d780f97d314c83915d6a4289085940 HTTP/1.1" 200 10601
"GET / HTTP/1.1" 200 27357
"GET /static/css/notification.css HTTP/1.1" 304 0
"GET /static/js/notifications.js HTTP/1.1" 200 6521
"GET /static/css/light.css HTTP/1.1" 404 1966
"GET /comments/notifications/json/ HTTP/1.1" 200 40
"GET /comments/notifications/json/ HTTP/1.1" 200 40
"GET /__debug__/history_sidebar/?request_id=c7868b53ab41407d85a6e1ff6f2d7500 HTTP/1.1" 200 10601
Watching for file changes with StatReloader
"GET /comments/notifications/json/ HTTP/1.1" 200 40
"GET / HTTP/1.1" 200 27358
"GET /static/css/light.css HTTP/1.1" 404 1966
"GET /comments/notifications/json/ HTTP/1.1" 200 40
"GET / HTTP/1.1" 200 27357
"GET /static/css/light.css HTTP/1.1" 404 1966
"GET /comments/notifications/json/ HTTP/1.1" 200 40
"GET /01/ HTTP/1.1" 200 114375
"GET /static/css/light.css HTTP/1.1" 404 1966
"GET /static/images/default_avatar.png HTTP/1.1" 404 2002
"GET /comments/notifications/json/ HTTP/1.1" 200 40
"POST /comments/add/1/ HTTP/1.1" 200 331
"POST /comments/add/1/ HTTP/1.1" 200 331
"GET /static/images/default_avatar.png HTTP/1.1" 404 2002
Not Found: /01/undefined
"GET /01/undefined HTTP/1.1" 404 19701
"GET /__debug__/history_sidebar/?request_id=e13a23a4f9a54dc6b9ab0a39f87d9164 HTTP/1.1" 200 10582
Not Found: /comments/like/undefined/
"POST /comments/like/undefined/ HTTP/1.1" 404 21345
"GET /__debug__/history_sidebar/?request_id=0fe1c8a3ae4744bebda161b42cbbf76b HTTP/1.1" 200 10596
Not Found: /comments/like/undefined/
"POST /comments/like/undefined/ HTTP/1.1" 404 21345
Not Found: /comments/like/undefined/
"POST /comments/like/undefined/ HTTP/1.1" 404 21345
"GET /__debug__/history_sidebar/?request_id=9a14defb0607492ab22fd2da1f82f78c HTTP/1.1" 200 10596
Not Found: /comments/like/undefined/
"POST /comments/like/undefined/ HTTP/1.1" 404 21345
"GET /__debug__/history_sidebar/?request_id=abb89ef710c0418eb61a08c01ebc20f8 HTTP/1.1" 200 10596
Not Found: /comments/like/undefined/
"POST /comments/like/undefined/ HTTP/1.1" 404 21345
Not Found: /comments/like/undefined/
"POST /comments/like/undefined/ HTTP/1.1" 404 21345
Not Found: /comments/like/undefined/
"POST /comments/like/undefined/ HTTP/1.1" 404 21345
"GET /__debug__/history_sidebar/?request_id=4accc419c68e4e2fafcee01d4f713330 HTTP/1.1" 200 10596
"GET /01/ HTTP/1.1" 200 118361
"GET /static/css/light.css HTTP/1.1" 404 1966
"GET /static/images/default_avatar.png HTTP/1.1" 404 2002
"GET /comments/notifications/json/ HTTP/1.1" 200 40
"POST /comments/add/1/ HTTP/1.1" 200 331
"POST /comments/add/1/ HTTP/1.1" 200 331
"GET /static/images/default_avatar.png HTTP/1.1" 404 2002
Not Found: /01/undefined
"GET /01/undefined HTTP/1.1" 404 19701
"GET /__debug__/history_sidebar/?request_id=7089421b415349aca08277677a51df6a HTTP/1.1" 200 10582
"GET /comments/notifications/json/ HTTP/1.1" 200 40
"GET /__debug__/history_sidebar/?request_id=e7b43a82da2c4f44bb8aeea585193402 HTTP/1.1" 200 10601
Not Found: /comments/add/undefined/
"POST /comments/add/undefined/ HTTP/1.1" 404 21341
"GET /__debug__/history_sidebar/?request_id=4c106a70dace4f6cad4eba7f301fa5a5 HTTP/1.1" 200 10595
"GET /comments/notifications/json/ HTTP/1.1" 200 40
"GET /__debug__/history_sidebar/?request_id=63bfc5cf302d4945acb36b1047fbe37c HTTP/1.1" 200 10601
"GET /?category=language HTTP/1.1" 200 26440
"GET /static/css/light.css HTTP/1.1" 404 1966
"GET /comments/notifications/json/ HTTP/1.1" 200 40
"GET /?category=bangdream HTTP/1.1" 200 27433
"GET /static/css/light.css HTTP/1.1" 404 1966
"GET /comments/notifications/json/ HTTP/1.1" 200 40
"GET / HTTP/1.1" 200 27357
"GET /static/css/light.css HTTP/1.1" 404 1966
"GET /comments/notifications/json/ HTTP/1.1" 200 40
"GET /comments/notifications/json/ HTTP/1.1" 200 40
"GET /__debug__/history_sidebar/?request_id=ca2e51a98d4d4f9ba9c1039c1fe8843b HTTP/1.1" 200 10600
"GET /comments/notifications/json/ HTTP/1.1" 200 40
"GET /__debug__/history_sidebar/?request_id=fff9e715627c45e09265a9f5f3a24834 HTTP/1.1" 200 10600
"GET /comments/notifications/json/ HTTP/1.1" 200 40
"GET /__debug__/history_sidebar/?request_id=e2f2147d8b404a389d8586b5b11ec2c7 HTTP/1.1" 200 10600
"GET /comments/notifications/json/ HTTP/1.1" 200 40
"GET /__debug__/history_sidebar/?request_id=fe7d550b11ba48e08d677b2aa675d741 HTTP/1.1" 200 10601
"GET /comments/notifications/json/ HTTP/1.1" 200 40
"GET /__debug__/history_sidebar/?request_id=9fe23881ae6140c1b3876446e6f131b1 HTTP/1.1" 200 10601
"GET /comments/notifications/json/ HTTP/1.1" 200 40
"GET /__debug__/history_sidebar/?request_id=ddd21178abea487b9300eb0e6b6b6d21 HTTP/1.1" 200 10600
"GET /comments/notifications/json/ HTTP/1.1" 200 40
"GET /__debug__/history_sidebar/?request_id=c6762716b13c4537b12596bcee766d31 HTTP/1.1" 200 10601
"GET /comments/notifications/json/ HTTP/1.1" 200 40
"GET /__debug__/history_sidebar/?request_id=a3490aaf98f143518543722034cd754a HTTP/1.1" 200 10600
"GET /comments/notifications/json/ HTTP/1.1" 200 40
"GET /__debug__/history_sidebar/?request_id=d518e7743edc428d82cc8f7974319e69 HTTP/1.1" 200 10601
"GET /comments/notifications/json/ HTTP/1.1" 200 40
"GET /__debug__/history_sidebar/?request_id=eda1169dc4224ea789c2eb453c63cb1b HTTP/1.1" 200 10601
"GET /comments/notifications/json/ HTTP/1.1" 200 40
"GET /__debug__/history_sidebar/?request_id=9493aa0513b442d5b106984a31ddb5c9 HTTP/1.1" 200 10601
"GET /comments/notifications/json/ HTTP/1.1" 200 40
"GET /__debug__/history_sidebar/?request_id=2690d8216df24d688ff81415b58ced08 HTTP/1.1" 200 10601
"GET /comments/notifications/json/ HTTP/1.1" 200 40
"GET /__debug__/history_sidebar/?request_id=b51d051bee104a46b852a457551e0f1a HTTP/1.1" 200 10601
"GET /comments/notifications/json/ HTTP/1.1" 200 40
"GET /__debug__/history_sidebar/?request_id=28d59cf6f6884a76b18975d8a64468f0 HTTP/1.1" 200 10601
"GET /comments/notifications/json/ HTTP/1.1" 200 40
"GET /__debug__/history_sidebar/?request_id=a664dae9fd4a4af88ea8805037527221 HTTP/1.1" 200 10601
"GET /comments/notifications/json/ HTTP/1.1" 200 40
"GET /__debug__/history_sidebar/?request_id=52108b4e68f64ad1a52f8629c85b7db5 HTTP/1.1" 200 10601
"GET /comments/notifications/json/ HTTP/1.1" 200 40
"GET /__debug__/history_sidebar/?request_id=72c424bc58184926bcdf724554e07161 HTTP/1.1" 200 10601
"GET /comments/notifications/json/ HTTP/1.1" 200 40
"GET /__debug__/history_sidebar/?request_id=14d09bb72b554a7a9aaa767993608010 HTTP/1.1" 200 10600
E:\myblog\comments\views.py changed, reloading.
Watching for file changes with StatReloader
"GET /comments/notifications/json/ HTTP/1.1" 200 40
"GET /__debug__/history_sidebar/?request_id=7e91e98ce8fa432c9dc342c74aaffeb0 HTTP/1.1" 200 10602
"GET /comments/notifications/json/ HTTP/1.1" 200 40
"GET /__debug__/history_sidebar/?request_id=63ebdb74c2de4885b7dd4ef9ebc120b4 HTTP/1.1" 200 10601
"GET /comments/notifications/json/ HTTP/1.1" 200 40
"GET /__debug__/history_sidebar/?request_id=a0766099d4d545339083c82472063ac5 HTTP/1.1" 200 10601
"GET /comments/notifications/json/ HTTP/1.1" 200 40
"GET /__debug__/history_sidebar/?request_id=f93e471596454490b9e4f8eae18657ba HTTP/1.1" 200 10601
E:\myblog\comments\views.py changed, reloading.
Watching for file changes with StatReloader
"GET /comments/notifications/json/ HTTP/1.1" 200 40
"GET / HTTP/1.1" 200 27358
"GET /static/css/notification.css HTTP/1.1" 304 0
"GET /static/css/light.css HTTP/1.1" 404 1966
"GET /static/js/notifications.js HTTP/1.1" 304 0
"GET /comments/notifications/json/ HTTP/1.1" 200 40
"GET /__debug__/history_sidebar/?request_id=63da6d65a7754ec59d457ffa7b6ad998 HTTP/1.1" 200 10602
"GET /01/ HTTP/1.1" 200 122347
"GET /static/css/light.css HTTP/1.1" 404 1966
"GET /static/images/default_avatar.png HTTP/1.1" 404 2002
"GET /comments/notifications/json/ HTTP/1.1" 200 40
"POST /comments/add/1/ HTTP/1.1" 200 333
"POST /comments/add/1/ HTTP/1.1" 200 333
"GET /static/images/default_avatar.png HTTP/1.1" 404 2002
Not Found: /01/undefined
"GET /01/undefined HTTP/1.1" 404 19701
"GET /__debug__/history_sidebar/?request_id=57c625bacf9442b9adc6ea5cbcc0dd2e HTTP/1.1" 200 10582
Not Found: /comments/like/undefined/
"POST /comments/like/undefined/ HTTP/1.1" 404 21345
"GET /__debug__/history_sidebar/?request_id=885089f454fe4985a196f6791fa12fed HTTP/1.1" 200 10596
"GET /comments/notifications/json/ HTTP/1.1" 200 40
"GET /__debug__/history_sidebar/?request_id=75790ff96ffa4cf8a39e2d64926080be HTTP/1.1" 200 10601
"GET /comments/notifications/json/ HTTP/1.1" 200 40
"GET /__debug__/history_sidebar/?request_id=b61f60fb03174d19a770810a6affe5c5 HTTP/1.1" 200 10601
"GET /comments/notifications/json/ HTTP/1.1" 200 40
"GET /__debug__/history_sidebar/?request_id=8124a27928414336b426901f3de94d23 HTTP/1.1" 200 10601
"GET /comments/notifications/json/ HTTP/1.1" 200 40
"GET /__debug__/history_sidebar/?request_id=92f8810607a3460083def699adc487ea HTTP/1.1" 200 10601
"GET /comments/notifications/json/ HTTP/1.1" 200 40
"GET /__debug__/history_sidebar/?request_id=3a153a2a91d94eaeac2bef99e175db26 HTTP/1.1" 200 10601
"GET /comments/notifications/json/ HTTP/1.1" 200 40
"GET /__debug__/history_sidebar/?request_id=812f43ff524c4062a7e9633a5170b06a HTTP/1.1" 200 10601
"GET /comments/notifications/json/ HTTP/1.1" 200 40
"GET /__debug__/history_sidebar/?request_id=7a65e2356a7145ed922ee81827d23197 HTTP/1.1" 200 10601
"GET /comments/notifications/json/ HTTP/1.1" 200 40
"GET /__debug__/history_sidebar/?request_id=e7ffd5b1268546fb94935470a3b2bda2 HTTP/1.1" 200 10601
"GET /comments/notifications/json/ HTTP/1.1" 200 40
"GET /__debug__/history_sidebar/?request_id=96a0933eb26649858be7808b8bec46bf HTTP/1.1" 200 10601
"GET /comments/notifications/json/ HTTP/1.1" 200 40
"GET /comments/notifications/json/ HTTP/1.1" 200 40
"GET /__debug__/history_sidebar/?request_id=00d0f8f37e1a4ddca6642e2fff41cd99 HTTP/1.1" 200 10601
"GET /__debug__/history_sidebar/?request_id=cb38dfb58b184485b9bbc5dde4b6c9fa HTTP/1.1" 200 10601
Watching for file changes with StatReloader
"GET / HTTP/1.1" 200 25133
"GET /static/css/light.css HTTP/1.1" 404 1966
Not Found: /favicon.ico
"GET /favicon.ico HTTP/1.1" 404 19697
"GET /accounts/login/ HTTP/1.1" 200 22162
"GET /static/css/light.css HTTP/1.1" 404 1966
"POST /accounts/login/ HTTP/1.1" 302 0
"GET /users/profile/ HTTP/1.1" 200 24905
"GET /static/css/card.css HTTP/1.1" 404 1963
"GET /media/avatars/IMG_20251221_183453.jpg HTTP/1.1" 304 0
"GET /comments/notifications/json/ HTTP/1.1" 200 40
"GET / HTTP/1.1" 200 27357
"GET /static/css/light.css HTTP/1.1" 404 1966
"GET /comments/notifications/json/ HTTP/1.1" 200 40
"GET /01/ HTTP/1.1" 200 126335
"GET /static/css/light.css HTTP/1.1" 404 1966
"GET /static/images/default_avatar.png HTTP/1.1" 404 2002
"GET /comments/notifications/json/ HTTP/1.1" 200 40
"POST /comments/add/1/ HTTP/1.1" 200 345
"POST /comments/add/1/ HTTP/1.1" 200 345
"GET /static/images/default_avatar.png HTTP/1.1" 404 2002
Not Found: /01/undefined
"GET /01/undefined HTTP/1.1" 404 19701
"GET /__debug__/history_sidebar/?request_id=c72a70bc11f14f23ad1a95c3108af31d HTTP/1.1" 200 10583
Not Found: /comments/like/undefined/
"POST /comments/like/undefined/ HTTP/1.1" 404 21345
"GET /__debug__/history_sidebar/?request_id=475d8905b528402788e590a19627b73f HTTP/1.1" 200 10596
"POST /comments/add/1/ HTTP/1.1" 200 349
"POST /comments/add/1/ HTTP/1.1" 200 349
"GET /static/images/default_avatar.png HTTP/1.1" 404 2002
Not Found: /01/undefined
"GET /01/undefined HTTP/1.1" 404 19701
"GET /__debug__/history_sidebar/?request_id=da32f079f69945f297d6acbc9802244a HTTP/1.1" 200 10582
"GET /comments/notifications/json/ HTTP/1.1" 200 40
"GET /__debug__/history_sidebar/?request_id=5cc5126138944e808a035168f6cf4c0c HTTP/1.1" 200 10601
"GET /comments/notifications/json/ HTTP/1.1" 200 40
"GET /__debug__/history_sidebar/?request_id=56af13cbf51f419d85cf0b5b6c50deea HTTP/1.1" 200 10601
"GET /comments/notifications/json/ HTTP/1.1" 200 40
"GET /__debug__/history_sidebar/?request_id=00dc7e204d3542c1b3be11dfbb623019 HTTP/1.1" 200 10601
"GET /comments/notifications/json/ HTTP/1.1" 200 40
"GET /__debug__/history_sidebar/?request_id=0656750fbe2647a7b611a35e6b50b146 HTTP/1.1" 200 10601
"GET /comments/notifications/json/ HTTP/1.1" 200 40
"GET /__debug__/history_sidebar/?request_id=11dfd668d859437daaea57d4ef6c9754 HTTP/1.1" 200 10601
"GET /comments/notifications/json/ HTTP/1.1" 200 40
"GET /__debug__/history_sidebar/?request_id=2b9319fad841486faa9a136a4589495f HTTP/1.1" 200 10600
"GET /comments/notifications/json/ HTTP/1.1" 200 40
"GET /__debug__/history_sidebar/?request_id=70ad2896316741c790b794d71afa3efc HTTP/1.1" 200 10601
"GET /comments/notifications/json/ HTTP/1.1" 200 40
"GET /__debug__/history_sidebar/?request_id=bc598d7797664c9dafa686d8035e6a0b HTTP/1.1" 200 10601
"GET /comments/notifications/json/ HTTP/1.1" 200 40
"GET /__debug__/history_sidebar/?request_id=72d9432b55b7404db3bce0b91cbd38b5 HTTP/1.1" 200 10602
E:\myblog\comments\views.py changed, reloading.
Watching for file changes with StatReloader
"GET /comments/notifications/json/ HTTP/1.1" 200 40
"GET /__debug__/history_sidebar/?request_id=0ac3ce9b899740fdb6c363763dfc9b00 HTTP/1.1" 200 10601
"GET /comments/notifications/json/ HTTP/1.1" 200 40
"GET /__debug__/history_sidebar/?request_id=9ac99352d05e4468bb8fcd3b796c686f HTTP/1.1" 200 10601
"GET /comments/notifications/json/ HTTP/1.1" 200 40
"GET /__debug__/history_sidebar/?request_id=9d9fa124fddf43e4843d351f133f9dc4 HTTP/1.1" 200 10601
"GET /comments/notifications/json/ HTTP/1.1" 200 40
"GET /__debug__/history_sidebar/?request_id=a223f007a9944ff585d220395b165307 HTTP/1.1" 200 10601
E:\myblog\comments\views.py changed, reloading.
Watching for file changes with StatReloader
"GET / HTTP/1.1" 200 27358
"GET /static/js/notifications.js HTTP/1.1" 304 0
"GET /static/css/light.css HTTP/1.1" 404 1966
"GET /comments/notifications/json/ HTTP/1.1" 200 40
"GET /01/ HTTP/1.1" 200 134326
"GET /static/css/light.css HTTP/1.1" 404 1966
"GET /static/css/notification.css HTTP/1.1" 304 0
"GET /static/images/default_avatar.jpg HTTP/1.1" 200 653269
"GET /comments/notifications/json/ HTTP/1.1" 200 40
"GET /comments/notifications/json/ HTTP/1.1" 200 40
"GET /__debug__/history_sidebar/?request_id=04afe97f52114a2295eac7d02bd76632 HTTP/1.1" 200 10600
"GET /comments/notifications/json/ HTTP/1.1" 200 40
"GET /__debug__/history_sidebar/?request_id=5b9b6c3bdb94469db295450274b68fba HTTP/1.1" 200 10600
"GET /comments/notifications/json/ HTTP/1.1" 200 40
"GET /__debug__/history_sidebar/?request_id=47a39608954b4db78bc7e1534eee7c50 HTTP/1.1" 200 10600
"GET /comments/notifications/json/ HTTP/1.1" 200 40
"GET /__debug__/history_sidebar/?request_id=6b7412fc5add4c70b85cb0033da89124 HTTP/1.1" 200 10601
"GET /comments/notifications/json/ HTTP/1.1" 200 40
"GET /__debug__/history_sidebar/?request_id=1a04cc3c8483456fa80a18d4e0cefa84 HTTP/1.1" 200 10600
"GET /comments/notifications/json/ HTTP/1.1" 200 40
"GET /__debug__/history_sidebar/?request_id=d6f84c5825d24770b7ca5ff40c95a679 HTTP/1.1" 200 10601
"GET /comments/notifications/json/ HTTP/1.1" 200 40
"GET /__debug__/history_sidebar/?request_id=6975049575ee4259b9f1c2380ab3da9c HTTP/1.1" 200 10601
"GET /comments/notifications/json/ HTTP/1.1" 200 40
"GET /__debug__/history_sidebar/?request_id=59e08b22dd3b463eb00b3d68155337f7 HTTP/1.1" 200 10601
"GET /comments/notifications/json/ HTTP/1.1" 200 40
"GET /__debug__/history_sidebar/?request_id=a237bdb0bd8845899eb98eeed682e5bc HTTP/1.1" 200 10601
"GET /comments/notifications/json/ HTTP/1.1" 200 40
"GET /__debug__/history_sidebar/?request_id=2b9a815d5ba6487c9face56fb51bb43f HTTP/1.1" 200 10601
"GET / HTTP/1.1" 200 27357
"GET /static/css/light.css HTTP/1.1" 404 1966
"GET /comments/notifications/json/ HTTP/1.1" 200 40
"GET / HTTP/1.1" 200 27357
"GET /static/css/light.css HTTP/1.1" 404 1966
"GET /comments/notifications/json/ HTTP/1.1" 200 40
"GET /01/ HTTP/1.1" 200 134326
"GET /static/css/light.css HTTP/1.1" 404 1966
"GET /comments/notifications/json/ HTTP/1.1" 200 40
"GET / HTTP/1.1" 200 27357
"GET /static/css/light.css HTTP/1.1" 404 1966
"GET /comments/notifications/json/ HTTP/1.1" 200 40
"GET /users/profile/ HTTP/1.1" 200 24615
"GET /static/css/card.css HTTP/1.1" 404 1963
"GET /comments/notifications/json/ HTTP/1.1" 200 40
"GET /01/ HTTP/1.1" 200 134326
- Broken pipe from ('127.0.0.1', 59663)
"GET /static/css/light.css HTTP/1.1" 404 1966
"GET /comments/notifications/json/ HTTP/1.1" 200 40
"GET /comments/notifications/json/ HTTP/1.1" 200 40
"GET /__debug__/history_sidebar/?request_id=049652bc4bc64225a3b59501660382ae HTTP/1.1" 200 10601
"GET /comments/notifications/json/ HTTP/1.1" 200 40
"GET /__debug__/history_sidebar/?request_id=f903c2cb9bbc498f973317061f2f516c HTTP/1.1" 200 10601
"GET /comments/notifications/json/ HTTP/1.1" 200 40
"GET /__debug__/history_sidebar/?request_id=f4ff2a8b3d52498aa74ef86bb1c7731e HTTP/1.1" 200 10601
"GET /comments/notifications/json/ HTTP/1.1" 200 40
"GET /__debug__/history_sidebar/?request_id=dd5e6fe59b9d43a7b2fc6661af52947d HTTP/1.1" 200 10601
"GET /comments/notifications/json/ HTTP/1.1" 200 40
"GET /__debug__/history_sidebar/?request_id=efdde3d0344d4ee7a806a29402bf730a HTTP/1.1" 200 10601
"GET /comments/notifications/json/ HTTP/1.1" 200 40
"GET /__debug__/history_sidebar/?request_id=fec85768341d47a69e273f0727ee2111 HTTP/1.1" 200 10601
"GET /comments/notifications/json/ HTTP/1.1" 200 40
"GET /__debug__/history_sidebar/?request_id=5110e5f69da745daab5772b22f490c43 HTTP/1.1" 200 10601
"GET /comments/notifications/json/ HTTP/1.1" 200 40
"GET /__debug__/history_sidebar/?request_id=1eb2036499ab45feb1f9a95bc6c06c2d HTTP/1.1" 200 10601
"GET /comments/notifications/json/ HTTP/1.1" 200 40
"GET /__debug__/history_sidebar/?request_id=77c80a0617a4481dbc59ca91c15516aa HTTP/1.1" 200 10601
"GET /comments/notifications/json/ HTTP/1.1" 200 40
"GET /__debug__/history_sidebar/?request_id=27a25f33bdbb42e394d54604f48333ec HTTP/1.1" 200 10601
"GET /comments/notifications/json/ HTTP/1.1" 200 40
"GET /__debug__/history_sidebar/?request_id=f4d340b062cc47bf91949b0260a0727d HTTP/1.1" 200 10600
"GET /comments/notifications/json/ HTTP/1.1" 200 40
"GET /__debug__/history_sidebar/?request_id=23cac72ba6984045b041470d7095d739 HTTP/1.1" 200 10601
"GET /comments/notifications/json/ HTTP/1.1" 200 40
"GET /__debug__/history_sidebar/?request_id=651320cddbaa423aa5cd811f9eaefb7b HTTP/1.1" 200 10600
"GET /comments/notifications/json/ HTTP/1.1" 200 40
"GET /__debug__/history_sidebar/?request_id=60d13bbb51ea491f8eec069b57f0e4a4 HTTP/1.1" 200 10601
"GET /comments/notifications/json/ HTTP/1.1" 200 40
"GET /__debug__/history_sidebar/?request_id=1e4d3edaab034a47b698c26e4db50ae8 HTTP/1.1" 200 10601
"GET /comments/notifications/json/ HTTP/1.1" 200 40
"GET /__debug__/history_sidebar/?request_id=7563d4e570754db8930a41134b6e3f1c HTTP/1.1" 200 10601
"GET /comments/notifications/json/ HTTP/1.1" 200 40
"GET /__debug__/history_sidebar/?request_id=fd93d907911746f29789dfef84e55032 HTTP/1.1" 200 10600
"GET /comments/notifications/json/ HTTP/1.1" 200 40
"GET /__debug__/history_sidebar/?request_id=80a3bd04a99b48eaa1ffc8b427e57909 HTTP/1.1" 200 10601
"GET /comments/notifications/json/ HTTP/1.1" 200 40
"GET /__debug__/history_sidebar/?request_id=3c3e82b6913041ed90831ce90e5c4b49 HTTP/1.1" 200 10601
"GET /comments/notifications/json/ HTTP/1.1" 200 40
"GET /__debug__/history_sidebar/?request_id=bb66048a05e1464a86d4ff0d615689f9 HTTP/1.1" 200 10602
"GET /comments/notifications/json/ HTTP/1.1" 200 40
"GET /__debug__/history_sidebar/?request_id=cf921d55e85e4869ac0b3e76eae759d9 HTTP/1.1" 200 10601
"GET /comments/notifications/json/ HTTP/1.1" 200 40
"GET /__debug__/history_sidebar/?request_id=c3b663fa5bcb4f8d8db3ef453d12cf6d HTTP/1.1" 200 10601
Watching for file changes with StatReloader
"GET / HTTP/1.1" 200 25133
"GET /static/css/light.css HTTP/1.1" 404 1966
Not Found: /favicon.ico
"GET /favicon.ico HTTP/1.1" 404 19697
"GET /01/ HTTP/1.1" 200 81126
"GET /static/css/light.css HTTP/1.1" 404 1966
"GET /accounts/login/ HTTP/1.1" 200 22162
"GET /static/css/light.css HTTP/1.1" 404 1966
"POST /accounts/login/ HTTP/1.1" 302 0
"GET /users/profile/ HTTP/1.1" 200 24905
"GET /static/css/card.css HTTP/1.1" 404 1963
"GET /static/css/notification.css HTTP/1.1" 304 0
"GET /static/js/notifications.js HTTP/1.1" 304 0
"GET /comments/notifications/json/ HTTP/1.1" 200 40
"GET /accounts/login/ HTTP/1.1" 302 0
"GET /users/profile/ HTTP/1.1" 200 24615
"GET /static/css/card.css HTTP/1.1" 404 1963
"GET / HTTP/1.1" 200 27357
"GET /static/css/light.css HTTP/1.1" 404 1966
"GET /comments/notifications/json/ HTTP/1.1" 200 40
"GET /01/ HTTP/1.1" 200 134326
"GET /static/css/light.css HTTP/1.1" 404 1966
"GET /comments/notifications/json/ HTTP/1.1" 200 40
"GET /01/ HTTP/1.1" 200 134326
"GET /static/css/light.css HTTP/1.1" 404 1966
"GET /comments/notifications/json/ HTTP/1.1" 200 40
"GET /comments/notifications/json/ HTTP/1.1" 200 40
"GET /__debug__/history_sidebar/?request_id=59d84a4768ad4bd89d2bae08cb7b9b12 HTTP/1.1" 200 10601
"GET /comments/notifications/json/ HTTP/1.1" 200 40
"GET /__debug__/history_sidebar/?request_id=8cd20f940e614a39baaf69407fca823b HTTP/1.1" 200 10601
"GET /comments/notifications/json/ HTTP/1.1" 200 40
"GET /__debug__/history_sidebar/?request_id=e36628d08f4c4b9b84d261ae6e6ea839 HTTP/1.1" 200 10601
"GET /comments/notifications/json/ HTTP/1.1" 200 40
"GET /__debug__/history_sidebar/?request_id=ed9c47476d5d44998d364a8eb7e2380a HTTP/1.1" 200 10600
"GET /comments/notifications/json/ HTTP/1.1" 200 40
"GET /__debug__/history_sidebar/?request_id=458289d8fa5845f8b116548ecce88b6a HTTP/1.1" 200 10601
"GET /comments/notifications/json/ HTTP/1.1" 200 40
"GET /__debug__/history_sidebar/?request_id=5c6818a2ccc34be89be619f2c6714314 HTTP/1.1" 200 10601
"GET /comments/notifications/json/ HTTP/1.1" 200 40
"GET /__debug__/history_sidebar/?request_id=9524c6ae6e604f71976f4525e1c7a7af HTTP/1.1" 200 10601
"GET /comments/notifications/json/ HTTP/1.1" 200 40
"GET /__debug__/history_sidebar/?request_id=1cda4c95cf494da2b67c5437af7611c4 HTTP/1.1" 200 10601
"GET /comments/notifications/json/ HTTP/1.1" 200 40
"GET /__debug__/history_sidebar/?request_id=d7df37a573044786b3cfe97b43c46f14 HTTP/1.1" 200 10601
"GET /comments/notifications/json/ HTTP/1.1" 200 40
"GET /comments/notifications/json/ HTTP/1.1" 200 40
"GET /__debug__/history_sidebar/?request_id=2d4de5b200b8421c8a4f21c77b7c66fa HTTP/1.1" 200 10601
"GET /comments/notifications/json/ HTTP/1.1" 200 40
"GET /__debug__/history_sidebar/?request_id=b5e725073b6a46258bca017c9e263ac9 HTTP/1.1" 200 10601
"GET /comments/notifications/json/ HTTP/1.1" 200 40
"GET /__debug__/history_sidebar/?request_id=87bc5fd690b54a05ac2c9371303cdec3 HTTP/1.1" 200 10601
"GET /comments/notifications/json/ HTTP/1.1" 200 40
"GET /__debug__/history_sidebar/?request_id=555152524e1743d3b9e3829bb6e7b242 HTTP/1.1" 200 10600
"GET / HTTP/1.1" 200 27357
"GET /static/css/notification.css HTTP/1.1" 304 0
"GET /static/css/light.css HTTP/1.1" 404 1966
"GET /static/js/notifications.js HTTP/1.1" 304 0
"GET /comments/notifications/json/ HTTP/1.1" 200 40
- Broken pipe from ('127.0.0.1', 54388)
"GET /01/ HTTP/1.1" 200 163621
"GET /static/css/light.css HTTP/1.1" 404 1966
"GET /comments/notifications/json/ HTTP/1.1" 200 40
"POST /comments/add/1/ HTTP/1.1" 200 345
"POST /comments/add/1/ HTTP/1.1" 200 345
Not Found: /01/undefined
"GET /01/undefined HTTP/1.1" 404 19701
"GET /__debug__/history_sidebar/?request_id=d6b6904f1b84488f8d8edcc488643138 HTTP/1.1" 200 10582
"GET /comments/notifications/json/ HTTP/1.1" 200 40
"GET /__debug__/history_sidebar/?request_id=65abc633a51a4d478f1c4f9ebb261601 HTTP/1.1" 200 10601
"POST /comments/add/1/ HTTP/1.1" 200 327
"POST /comments/add/1/ HTTP/1.1" 200 327
Not Found: /01/undefined
"GET /01/undefined HTTP/1.1" 404 19701
"GET /__debug__/history_sidebar/?request_id=4c61a508a72d44419860f87086e270b7 HTTP/1.1" 200 10582
"GET /comments/notifications/json/ HTTP/1.1" 200 40
"GET /__debug__/history_sidebar/?request_id=b1cae2df021842aab836506b90572328 HTTP/1.1" 200 10601
Forbidden (CSRF token from the 'X-Csrftoken' HTTP header has incorrect length.): /01/
"POST /01/ HTTP/1.1" 403 16700
"POST /comments/add/1/ HTTP/1.1" 200 330
"GET /__debug__/history_sidebar/?request_id=3523102492ad45a3ad3ad4bd545b1844 HTTP/1.1" 200 10582
"GET /comments/notifications/json/ HTTP/1.1" 200 40
"GET /__debug__/history_sidebar/?request_id=0a7ef522cd0842cd8662063544eee15e HTTP/1.1" 200 10601
"GET /01/ HTTP/1.1" 200 170690
"GET /static/css/light.css HTTP/1.1" 404 1966
"GET /comments/notifications/json/ HTTP/1.1" 200 40
"POST /comments/add/1/ HTTP/1.1" 200 345
"POST /comments/add/1/ HTTP/1.1" 200 345
Not Found: /01/undefined
"GET /01/undefined HTTP/1.1" 404 19701
"GET /__debug__/history_sidebar/?request_id=0d7bfe38109c4b979c22fc6d44bf9531 HTTP/1.1" 200 10582
"GET /comments/notifications/json/ HTTP/1.1" 200 40
"GET /__debug__/history_sidebar/?request_id=2726d51fad814ff5a4a0b723bd3288f1 HTTP/1.1" 200 10600
"GET /comments/notifications/json/ HTTP/1.1" 200 40
"GET /__debug__/history_sidebar/?request_id=cf8963c377c44702ae086e40d8ea0273 HTTP/1.1" 200 10601
"GET /comments/notifications/json/ HTTP/1.1" 200 40
"GET /__debug__/history_sidebar/?request_id=708c64b9a88748aca1a672c17af70448 HTTP/1.1" 200 10601
"GET /comments/notifications/json/ HTTP/1.1" 200 40
"GET /__debug__/history_sidebar/?request_id=576a74bf7368412e94da79732633f251 HTTP/1.1" 200 10601
"GET /comments/notifications/json/ HTTP/1.1" 200 40
"GET /__debug__/history_sidebar/?request_id=27fc500438a84592835647410a3fc3f2 HTTP/1.1" 200 10601
"GET /comments/notifications/json/ HTTP/1.1" 200 40
"GET /__debug__/history_sidebar/?request_id=415116f442074a6585129b074ee71da0 HTTP/1.1" 200 10601
"GET /comments/notifications/json/ HTTP/1.1" 200 40
"GET /__debug__/history_sidebar/?request_id=3798957d6ea4415197ad2d5dccb420ef HTTP/1.1" 200 10601
"GET /comments/notifications/json/ HTTP/1.1" 200 40
"GET /__debug__/history_sidebar/?request_id=0b9b44c5a36146158d8777347eca44a5 HTTP/1.1" 200 10601
"GET /comments/notifications/json/ HTTP/1.1" 200 40
"GET /__debug__/history_sidebar/?request_id=ebacd2ecfe6f469682860290d78f95af HTTP/1.1" 200 10601
"GET / HTTP/1.1" 200 27357
"GET /static/css/light.css HTTP/1.1" 404 1966
"GET /comments/notifications/json/ HTTP/1.1" 200 40
"GET /01/ HTTP/1.1" 200 171880
"GET /static/css/light.css HTTP/1.1" 404 1966
"GET /comments/notifications/json/ HTTP/1.1" 200 40
"POST /comments/add/1/ HTTP/1.1" 200 345
"POST /comments/add/1/ HTTP/1.1" 200 345
Not Found: /01/undefined
"GET /01/undefined HTTP/1.1" 404 19701
"GET /__debug__/history_sidebar/?request_id=9de7ebd94f594d588a53550764e1cb17 HTTP/1.1" 200 10582
"GET /comments/notifications/json/ HTTP/1.1" 200 40
"GET /__debug__/history_sidebar/?request_id=fd315ee1467f49268b046b62c1379da2 HTTP/1.1" 200 10601
"GET /comments/notifications/json/ HTTP/1.1" 200 40
"GET /__debug__/history_sidebar/?request_id=365c51176d994438ba9376215a142d07 HTTP/1.1" 200 10601
"GET /comments/notifications/json/ HTTP/1.1" 200 40
"GET /__debug__/history_sidebar/?request_id=01e313bf53e04d04bc91785e88517cb2 HTTP/1.1" 200 10601
"GET /comments/notifications/json/ HTTP/1.1" 200 40
"GET /__debug__/history_sidebar/?request_id=e3824104cb724444a2574df9a09928a7 HTTP/1.1" 200 10601
"GET /comments/notifications/json/ HTTP/1.1" 200 40
"GET /__debug__/history_sidebar/?request_id=d935583f377b46d1971feb4f604a5d6d HTTP/1.1" 200 10601
"GET /comments/notifications/json/ HTTP/1.1" 200 40
"GET /__debug__/history_sidebar/?request_id=fa6bd2206a9f43c187559c407bdc8f1f HTTP/1.1" 200 10601
"GET /static/css/light.css HTTP/1.1" 404 1966
Not Found: /.well-known/appspecific/com.chrome.devtools.json
"GET /.well-known/appspecific/com.chrome.devtools.json HTTP/1.1" 404 19845
"GET /comments/notifications/json/ HTTP/1.1" 200 40
"GET /__debug__/history_sidebar/?request_id=7d6f42c268e2450ab0c7b4d75dc00f38 HTTP/1.1" 200 10601
"POST /comments/add/1/ HTTP/1.1" 200 345
"POST /comments/add/1/ HTTP/1.1" 200 345
Not Found: /01/undefined
"GET /01/undefined HTTP/1.1" 404 19701
"GET /__debug__/history_sidebar/?request_id=eccfda85f7c64c72b2cc897c391a056e HTTP/1.1" 200 10582
"GET /comments/notifications/json/ HTTP/1.1" 200 40
"GET /__debug__/history_sidebar/?request_id=cd432041a9c54f2e82ef07fcb2ad9a70 HTTP/1.1" 200 10601
"POST /comments/add/1/ HTTP/1.1" 200 345
"POST /comments/add/1/ HTTP/1.1" 200 345
Not Found: /01/undefined
"GET /01/undefined HTTP/1.1" 404 19701
"GET /__debug__/history_sidebar/?request_id=0da988ac90fd431fb36c7fa735102b63 HTTP/1.1" 200 10582
"GET /comments/notifications/json/ HTTP/1.1" 200 40
"GET /__debug__/history_sidebar/?request_id=92c30a48f7bb42ec8a5119d6692c84b6 HTTP/1.1" 200 10601
"POST /comments/add/1/ HTTP/1.1" 200 345
"POST /comments/add/1/ HTTP/1.1" 200 345
Not Found: /01/undefined
"GET /01/undefined HTTP/1.1" 404 19701
"GET /__debug__/history_sidebar/?request_id=9946cfd822224f06a58dc65794c8440b HTTP/1.1" 200 10582
"GET /comments/notifications/json/ HTTP/1.1" 200 40
"GET /__debug__/history_sidebar/?request_id=09a9206ebf1b458482e69f8b34035201 HTTP/1.1" 200 10601
"GET /comments/notifications/json/ HTTP/1.1" 200 40
"GET /__debug__/history_sidebar/?request_id=9c0f49ea650f46bdb9136af8c3bc98c3 HTTP/1.1" 200 10601
"GET /comments/notifications/json/ HTTP/1.1" 200 40
"GET /__debug__/history_sidebar/?request_id=253059f3d7d64c2493b59551470a5cda HTTP/1.1" 200 10601
"GET /comments/notifications/json/ HTTP/1.1" 200 40
"GET /__debug__/history_sidebar/?request_id=e0dc16499b0a44afab829ad75b6a0769 HTTP/1.1" 200 10601
"GET /comments/notifications/json/ HTTP/1.1" 200 40
"GET /__debug__/history_sidebar/?request_id=e8a6e3d82fa24db295648be84453d255 HTTP/1.1" 200 10601
"GET /comments/notifications/json/ HTTP/1.1" 200 40
"GET /__debug__/history_sidebar/?request_id=86a7934ed1c64d948e9f4f6086c1c7f1 HTTP/1.1" 200 10601
"GET /comments/notifications/json/ HTTP/1.1" 200 40
"GET /__debug__/history_sidebar/?request_id=026e07614e3b4da98b8c408d8187a839 HTTP/1.1" 200 10601
"GET /comments/notifications/json/ HTTP/1.1" 200 40
"GET /__debug__/history_sidebar/?request_id=bcb6701ef58e44fcbbd601dadc1c7b32 HTTP/1.1" 200 10601
"GET /comments/notifications/json/ HTTP/1.1" 200 40
"GET /__debug__/history_sidebar/?request_id=16d3882876fc490b8583ec99ab03fade HTTP/1.1" 200 10601
"GET /comments/notifications/json/ HTTP/1.1" 200 40
"GET /__debug__/history_sidebar/?request_id=bf8dae493b974e4da83ba3b944689045 HTTP/1.1" 200 10601
"GET / HTTP/1.1" 200 27357
"GET /comments/notifications/json/ HTTP/1.1" 200 40
"GET /static/css/notification.css HTTP/1.1" 304 0
"GET /static/js/notifications.js HTTP/1.1" 304 0
"GET /static/css/light.css HTTP/1.1" 404 1966
"GET /__debug__/history_sidebar/?request_id=a2d2d9a558e5436d87a9edc6514b4403 HTTP/1.1" 200 10602
"GET /media/article_images/IMG_20251120_135531_mChfdJj.jpg HTTP/1.1" 304 0
"GET /comments/notifications/json/ HTTP/1.1" 200 40
"GET /01/ HTTP/1.1" 200 176644
"GET /static/css/light.css HTTP/1.1" 404 1966
"GET /comments/notifications/json/ HTTP/1.1" 200 40
"GET /comments/notifications/json/ HTTP/1.1" 200 40
"GET /__debug__/history_sidebar/?request_id=f9abd21c2be749ff9aaf2524e6ad329c HTTP/1.1" 200 10601
"POST /comments/add/1/ HTTP/1.1" 200 345
"POST /comments/add/1/ HTTP/1.1" 200 345
Not Found: /01/undefined
"GET /01/undefined HTTP/1.1" 404 19701
"GET /__debug__/history_sidebar/?request_id=6310c5b74328422aaffed24431ecd22b HTTP/1.1" 200 10582
E:\myblog\comments\signals.py changed, reloading.
Watching for file changes with StatReloader
Watching for file changes with StatReloader
E:\myblog\comments\views.py changed, reloading.
Watching for file changes with StatReloader
E:\myblog\comments\views.py changed, reloading.
Watching for file changes with StatReloader
Internal Server Error: /
Traceback (most recent call last):
  File "E:\myblog\.venv\Lib\site-packages\django\core\handlers\exception.py", line 55, in inner
    response = get_response(request)
               ^^^^^^^^^^^^^^^^^^^^^
  File "E:\myblog\.venv\Lib\site-packages\django\core\handlers\base.py", line 197, in _get_response
    response = wrapped_callback(request, *callback_args, **callback_kwargs)
               ^^^^^^^^^^^^^^^^^^^^^^^^^^^^^^^^^^^^^^^^^^^^^^^^^^^^^^^^^^^^
  File "E:\myblog\articles\views.py", line 70, in article_list
    return render(request, 'articles/article_list.html', context)
           ^^^^^^^^^^^^^^^^^^^^^^^^^^^^^^^^^^^^^^^^^^^^^^^^^^^^^^
  File "E:\myblog\.venv\Lib\site-packages\django\shortcuts.py", line 25, in render
    content = loader.render_to_string(template_name, context, request, using=using)
              ^^^^^^^^^^^^^^^^^^^^^^^^^^^^^^^^^^^^^^^^^^^^^^^^^^^^^^^^^^^^^^^^^^^^^
  File "E:\myblog\.venv\Lib\site-packages\django\template\loader.py", line 62, in render_to_string
    return template.render(context, request)
           ^^^^^^^^^^^^^^^^^^^^^^^^^^^^^^^^^
  File "E:\myblog\.venv\Lib\site-packages\django\template\backends\django.py", line 107, in render
    return self.template.render(context)
           ^^^^^^^^^^^^^^^^^^^^^^^^^^^^^
  File "E:\myblog\.venv\Lib\site-packages\django\template\base.py", line 172, in render
    return self._render(context)
           ^^^^^^^^^^^^^^^^^^^^^
  File "E:\myblog\.venv\Lib\site-packages\django\test\utils.py", line 114, in instrumented_test_render
    return self.nodelist.render(context)
           ^^^^^^^^^^^^^^^^^^^^^^^^^^^^^
  File "E:\myblog\.venv\Lib\site-packages\django\template\base.py", line 1018, in render
    return SafeString("".join([node.render_annotated(context) for node in self]))
                              ^^^^^^^^^^^^^^^^^^^^^^^^^^^^^^^^^^^^^^^^^^^^^^^^^
  File "E:\myblog\.venv\Lib\site-packages\django\template\base.py", line 1018, in <listcomp>
    return SafeString("".join([node.render_annotated(context) for node in self]))
                               ^^^^^^^^^^^^^^^^^^^^^^^^^^^^^^
  File "E:\myblog\.venv\Lib\site-packages\django\template\base.py", line 979, in render_annotated
    return self.render(context)
           ^^^^^^^^^^^^^^^^^^^^
  File "E:\myblog\.venv\Lib\site-packages\django\template\loader_tags.py", line 134, in render
    compiled_parent = self.get_parent(context)
                      ^^^^^^^^^^^^^^^^^^^^^^^^
  File "E:\myblog\.venv\Lib\site-packages\django\template\loader_tags.py", line 131, in get_parent
    return self.find_template(parent, context)
           ^^^^^^^^^^^^^^^^^^^^^^^^^^^^^^^^^^^
  File "E:\myblog\.venv\Lib\site-packages\django\template\loader_tags.py", line 109, in find_template
    template, origin = context.template.engine.find_template(
                       ^^^^^^^^^^^^^^^^^^^^^^^^^^^^^^^^^^^^^^
  File "E:\myblog\.venv\Lib\site-packages\django\template\engine.py", line 159, in find_template
    template = loader.get_template(name, skip=skip)
               ^^^^^^^^^^^^^^^^^^^^^^^^^^^^^^^^^^^^
  File "E:\myblog\.venv\Lib\site-packages\django\template\loaders\cached.py", line 57, in get_template
    template = super().get_template(template_name, skip)
               ^^^^^^^^^^^^^^^^^^^^^^^^^^^^^^^^^^^^^^^^^
  File "E:\myblog\.venv\Lib\site-packages\django\template\loaders\base.py", line 28, in get_template
    return Template(
           ^^^^^^^^^
  File "E:\myblog\.venv\Lib\site-packages\django\template\base.py", line 155, in __init__
    self.nodelist = self.compile_nodelist()
                    ^^^^^^^^^^^^^^^^^^^^^^^
  File "E:\myblog\.venv\Lib\site-packages\django\template\base.py", line 197, in compile_nodelist
    nodelist = parser.parse()
               ^^^^^^^^^^^^^^
  File "E:\myblog\.venv\Lib\site-packages\django\template\base.py", line 519, in parse
    raise self.error(token, e)
  File "E:\myblog\.venv\Lib\site-packages\django\template\base.py", line 517, in parse
    compiled_result = compile_func(self, token)
                      ^^^^^^^^^^^^^^^^^^^^^^^^^
  File "E:\myblog\.venv\Lib\site-packages\django\template\defaulttags.py", line 962, in do_if
    nodelist = parser.parse(("elif", "else", "endif"))
               ^^^^^^^^^^^^^^^^^^^^^^^^^^^^^^^^^^^^^^^
  File "E:\myblog\.venv\Lib\site-packages\django\template\base.py", line 519, in parse
    raise self.error(token, e)
  File "E:\myblog\.venv\Lib\site-packages\django\template\base.py", line 517, in parse
    compiled_result = compile_func(self, token)
                      ^^^^^^^^^^^^^^^^^^^^^^^^^
  File "E:\myblog\.venv\Lib\site-packages\django\template\defaulttags.py", line 1531, in do_with
    extra_context = token_kwargs(remaining_bits, parser, support_legacy=True)
                    ^^^^^^^^^^^^^^^^^^^^^^^^^^^^^^^^^^^^^^^^^^^^^^^^^^^^^^^^^
  File "E:\myblog\.venv\Lib\site-packages\django\template\base.py", line 1129, in token_kwargs
    kwargs[key] = parser.compile_filter(value)
                  ^^^^^^^^^^^^^^^^^^^^^^^^^^^^
  File "E:\myblog\.venv\Lib\site-packages\django\template\base.py", line 610, in compile_filter
    return FilterExpression(token, self)
           ^^^^^^^^^^^^^^^^^^^^^^^^^^^^^
  File "E:\myblog\.venv\Lib\site-packages\django\template\base.py", line 711, in __init__
    raise TemplateSyntaxError(
django.template.exceptions.TemplateSyntaxError: Could not parse the remainder: '(unread=True).count' from 'user.notifications.filter(unread=True).count'
"GET / HTTP/1.1" 500 265734
"GET /static/debug_toolbar/css/toolbar.css HTTP/1.1" 304 0
"GET /static/debug_toolbar/js/toolbar.js HTTP/1.1" 304 0
"GET /static/debug_toolbar/css/print.css HTTP/1.1" 304 0
"GET /static/debug_toolbar/js/utils.js HTTP/1.1" 304 0
Not Found: /favicon.ico
"GET /favicon.ico HTTP/1.1" 404 19697
E:\myblog\core\context_processors.py changed, reloading.
Watching for file changes with StatReloader
"GET / HTTP/1.1" 200 25133
"GET /static/css/light.css HTTP/1.1" 404 1966
"GET /media/article_images/IMG_20251120_135531_mChfdJj.jpg HTTP/1.1" 304 0
"GET /accounts/login/ HTTP/1.1" 200 22163
"GET /static/css/light.css HTTP/1.1" 404 1966
Internal Server Error: /accounts/login/
Traceback (most recent call last):
  File "E:\myblog\.venv\Lib\site-packages\django_redis\cache.py", line 29, in _decorator
    return method(self, *args, **kwargs)
           ^^^^^^^^^^^^^^^^^^^^^^^^^^^^^
  File "E:\myblog\.venv\Lib\site-packages\django_redis\cache.py", line 99, in _get
    return self.client.get(key, default=default, version=version, client=client)
           ^^^^^^^^^^^^^^^^^^^^^^^^^^^^^^^^^^^^^^^^^^^^^^^^^^^^^^^^^^^^^^^^^^^^^
  File "E:\myblog\.venv\Lib\site-packages\django_redis\client\default.py", line 300, in get
    raise ConnectionInterrupted(connection=client) from e
django_redis.exceptions.ConnectionInterrupted: Redis ConnectionError: Error 10061 connecting to 127.0.0.1:6379. 由于目标计算机积极拒绝，无法连接。.

During handling of the above exception, another exception occurred:

Traceback (most recent call last):
  File "E:\myblog\.venv\Lib\site-packages\django\core\handlers\exception.py", line 55, in inner
    response = get_response(request)
               ^^^^^^^^^^^^^^^^^^^^^
  File "E:\myblog\.venv\Lib\site-packages\django\core\handlers\base.py", line 197, in _get_response
    response = wrapped_callback(request, *callback_args, **callback_kwargs)
               ^^^^^^^^^^^^^^^^^^^^^^^^^^^^^^^^^^^^^^^^^^^^^^^^^^^^^^^^^^^^
  File "E:\myblog\.venv\Lib\site-packages\django\views\generic\base.py", line 105, in view
    return self.dispatch(request, *args, **kwargs)
           ^^^^^^^^^^^^^^^^^^^^^^^^^^^^^^^^^^^^^^^
  File "E:\myblog\.venv\Lib\site-packages\django\utils\decorators.py", line 48, in _wrapper
    return bound_method(*args, **kwargs)
           ^^^^^^^^^^^^^^^^^^^^^^^^^^^^^
  File "E:\myblog\.venv\Lib\site-packages\allauth\decorators.py", line 10, in wrap
    resp = ratelimit.consume_or_429(request, action=action, **rl_kwargs)
           ^^^^^^^^^^^^^^^^^^^^^^^^^^^^^^^^^^^^^^^^^^^^^^^^^^^^^^^^^^^^^
  File "E:\myblog\.venv\Lib\site-packages\allauth\core\ratelimit.py", line 70, in consume_or_429
    if not consume(request, *args, **kwargs):
           ^^^^^^^^^^^^^^^^^^^^^^^^^^^^^^^^^
  File "E:\myblog\.venv\Lib\site-packages\allauth\core\ratelimit.py", line 41, in consume
    usage = _impl.consume(
            ^^^^^^^^^^^^^^
  File "E:\myblog\.venv\Lib\site-packages\allauth\core\internal\ratelimit.py", line 169, in consume
    single_usage = _consume_single_rate(
                   ^^^^^^^^^^^^^^^^^^^^^
  File "E:\myblog\.venv\Lib\site-packages\allauth\core\internal\ratelimit.py", line 131, in _consume_single_rate
    history = cache.get(cache_key, [])
              ^^^^^^^^^^^^^^^^^^^^^^^^
  File "E:\myblog\.venv\Lib\site-packages\debug_toolbar\panels\cache.py", line 42, in wrapper
    return panel._record_call(cache, name, original_method, args, kwargs)
           ^^^^^^^^^^^^^^^^^^^^^^^^^^^^^^^^^^^^^^^^^^^^^^^^^^^^^^^^^^^^^^
  File "E:\myblog\.venv\Lib\site-packages\debug_toolbar\panels\cache.py", line 151, in _record_call
    value = original_method(*args, **kwargs)
            ^^^^^^^^^^^^^^^^^^^^^^^^^^^^^^^^
  File "E:\myblog\.venv\Lib\site-packages\django_redis\cache.py", line 92, in get
    value = self._get(key, default, version, client)
            ^^^^^^^^^^^^^^^^^^^^^^^^^^^^^^^^^^^^^^^^
  File "E:\myblog\.venv\Lib\site-packages\django_redis\cache.py", line 36, in _decorator
    raise e.__cause__  # noqa: B904
    ^^^^^^^^^^^^^^^^^
  File "E:\myblog\.venv\Lib\site-packages\django_redis\client\default.py", line 298, in get
    value = client.get(key)
            ^^^^^^^^^^^^^^^
  File "E:\myblog\.venv\Lib\site-packages\redis\commands\core.py", line 1923, in get
    return self.execute_command("GET", name, keys=[name])
           ^^^^^^^^^^^^^^^^^^^^^^^^^^^^^^^^^^^^^^^^^^^^^^
  File "E:\myblog\.venv\Lib\site-packages\redis\client.py", line 657, in execute_command
    return self._execute_command(*args, **options)
           ^^^^^^^^^^^^^^^^^^^^^^^^^^^^^^^^^^^^^^^
  File "E:\myblog\.venv\Lib\site-packages\redis\client.py", line 663, in _execute_command
    conn = self.connection or pool.get_connection()
                              ^^^^^^^^^^^^^^^^^^^^^
  File "E:\myblog\.venv\Lib\site-packages\redis\utils.py", line 196, in wrapper
    return func(*args, **kwargs)
           ^^^^^^^^^^^^^^^^^^^^^
  File "E:\myblog\.venv\Lib\site-packages\redis\connection.py", line 2603, in get_connection
    connection.connect()
  File "E:\myblog\.venv\Lib\site-packages\redis\connection.py", line 846, in connect
    self.connect_check_health(check_health=True)
  File "E:\myblog\.venv\Lib\site-packages\redis\connection.py", line 863, in connect_check_health
    raise ConnectionError(self._error_message(e))
redis.exceptions.ConnectionError: Error 10061 connecting to 127.0.0.1:6379. 由于目标计算机积极拒绝，无法连接。.
"POST /accounts/login/ HTTP/1.1" 500 189800
"POST /accounts/login/ HTTP/1.1" 302 0
"GET /users/profile/ HTTP/1.1" 200 24905
"GET /static/css/card.css HTTP/1.1" 404 1963
"GET /static/js/notifications.js HTTP/1.1" 200 6521
"GET /static/css/notification.css HTTP/1.1" 304 0
"GET /media/avatars/IMG_20251221_183453.jpg HTTP/1.1" 304 0
"GET /comments/notifications/json/ HTTP/1.1" 200 40
"GET / HTTP/1.1" 200 27357
"GET /static/css/light.css HTTP/1.1" 404 1966
"GET /comments/notifications/json/ HTTP/1.1" 200 40
"GET /01/ HTTP/1.1" 200 177854
"GET /static/css/light.css HTTP/1.1" 404 1966
"GET /static/js/comments.js HTTP/1.1" 200 15291
"GET /comments/notifications/json/ HTTP/1.1" 200 40
"POST /comments/add/1/ HTTP/1.1" 200 331
"POST /comments/add/1/ HTTP/1.1" 200 331
"GET /__debug__/history_sidebar/?request_id=06f959d6f0ae4e7c8d370b0ea5f58463 HTTP/1.1" 200 10582
"POST /comments/add/1/ HTTP/1.1" 200 326
"GET /__debug__/history_sidebar/?request_id=718cc6af8f5e4219b64e12da994159c4 HTTP/1.1" 200 10582
"POST /comments/add/1/ HTTP/1.1" 200 326
"GET /__debug__/history_sidebar/?request_id=11c56e7565874654bfda86fb1aa2936f HTTP/1.1" 200 10582
"POST /comments/like/68/ HTTP/1.1" 200 47
"GET /__debug__/history_sidebar/?request_id=fac0ea8c6275404296b18155bd18fd6d HTTP/1.1" 200 10585
"GET /comments/notifications/json/ HTTP/1.1" 200 40
"GET /__debug__/history_sidebar/?request_id=ccf97148b4194a1181fdf2ae3782fab9 HTTP/1.1" 200 10600
"GET /comments/notifications/json/ HTTP/1.1" 200 40
"GET /__debug__/history_sidebar/?request_id=8de2b87292784966a96c242e2eb32d9c HTTP/1.1" 200 10601
"GET /comments/notifications/json/ HTTP/1.1" 200 40
"GET /__debug__/history_sidebar/?request_id=3c91fc160d8f41d79cc3c1713645fe83 HTTP/1.1" 200 10600
"GET /comments/notifications/json/ HTTP/1.1" 200 40
"GET /__debug__/history_sidebar/?request_id=bd880376525e4c699db520fad944a95b HTTP/1.1" 200 10600
"GET /comments/notifications/json/ HTTP/1.1" 200 40
"GET /__debug__/history_sidebar/?request_id=dc393ee001154c258a22fa6f9f28fc36 HTTP/1.1" 200 10600
"GET /comments/notifications/json/ HTTP/1.1" 200 40
"GET /__debug__/history_sidebar/?request_id=11981dcac53f4d0190e6e8cf18154d3c HTTP/1.1" 200 10601
"GET /comments/notifications/json/ HTTP/1.1" 200 40
"GET /__debug__/history_sidebar/?request_id=9d1a48a8ce6d49909984f71c66b7128f HTTP/1.1" 200 10600
"GET /comments/notifications/json/ HTTP/1.1" 200 40
"GET /__debug__/history_sidebar/?request_id=8e874ebc17834b0881248e9d038fa8ab HTTP/1.1" 200 10601
Watching for file changes with StatReloader
"GET /comments/notifications/json/ HTTP/1.1" 200 40
"GET /__debug__/history_sidebar/?request_id=2b07bcdb5c934984a9566947e5ac738a HTTP/1.1" 200 10601
"GET /comments/notifications/json/ HTTP/1.1" 200 40
"GET /__debug__/history_sidebar/?request_id=d8176c32313f4442bdcfca49a50683bd HTTP/1.1" 200 10601
"GET /comments/notifications/json/ HTTP/1.1" 200 40
"GET /__debug__/history_sidebar/?request_id=c62246e3c34d44adb1587dfdf2aa8d42 HTTP/1.1" 200 10601
"GET /comments/notifications/json/ HTTP/1.1" 200 40
"GET /__debug__/history_sidebar/?request_id=7a530696fc204aab9a67445e7800f1dd HTTP/1.1" 200 10600
"GET /comments/notifications/json/ HTTP/1.1" 200 40
"GET /__debug__/history_sidebar/?request_id=6bb6b1b725f6460e80581246be1a60a3 HTTP/1.1" 200 10601
"GET /comments/notifications/json/ HTTP/1.1" 200 40
"GET /__debug__/history_sidebar/?request_id=23ec996fa8f3474a884a50096232203b HTTP/1.1" 200 10601
"GET /comments/notifications/json/ HTTP/1.1" 200 40
"GET /__debug__/history_sidebar/?request_id=77639c7cebcb4243b1b5bfb2c23c8274 HTTP/1.1" 200 10601
"GET /comments/notifications/json/ HTTP/1.1" 200 40
"GET /__debug__/history_sidebar/?request_id=6c173c7ecad647ca80bf03db0d81e851 HTTP/1.1" 200 10600
"GET /comments/notifications/json/ HTTP/1.1" 200 40
"GET /__debug__/history_sidebar/?request_id=84b60e365bdc4bd1a446230af395105a HTTP/1.1" 200 10601
"GET /comments/notifications/json/ HTTP/1.1" 200 40
"GET /__debug__/history_sidebar/?request_id=c232a002c67e4d858ab07ca08689f327 HTTP/1.1" 200 10601
"GET /comments/notifications/json/ HTTP/1.1" 200 40
"GET /__debug__/history_sidebar/?request_id=06c0774ca4fc4ea9be555cece7ddd435 HTTP/1.1" 200 10601
"GET /comments/notifications/json/ HTTP/1.1" 200 40
"GET /__debug__/history_sidebar/?request_id=e2400203d81743c5a2457a3938009781 HTTP/1.1" 200 10601
"GET /comments/notifications/json/ HTTP/1.1" 200 40
"GET /__debug__/history_sidebar/?request_id=7a8945b47f0e4451a9ec98990bfe0036 HTTP/1.1" 200 10601
"GET /comments/notifications/json/ HTTP/1.1" 200 40
"GET /__debug__/history_sidebar/?request_id=b0a2834695964eba93f54907ad462f5b HTTP/1.1" 200 10601
"GET /comments/notifications/json/ HTTP/1.1" 200 40
"GET /__debug__/history_sidebar/?request_id=9b0456b93dea411dbae51d44ada00e16 HTTP/1.1" 200 10601
"GET /comments/notifications/json/ HTTP/1.1" 200 40
"GET /__debug__/history_sidebar/?request_id=5e1c3bd04e1a4b9586044ab26578ac09 HTTP/1.1" 200 10601
"GET /comments/notifications/json/ HTTP/1.1" 200 40
"GET /__debug__/history_sidebar/?request_id=128f5a8ce2054905bfec22de03c841a1 HTTP/1.1" 200 10602
"GET /comments/notifications/json/ HTTP/1.1" 200 40
"GET /__debug__/history_sidebar/?request_id=ccdf1f54027a44f68caef486f25dd793 HTTP/1.1" 200 10601
"GET /comments/notifications/json/ HTTP/1.1" 200 40
"GET /__debug__/history_sidebar/?request_id=91e99a866eb449bcb4b1c7e10b1f20fa HTTP/1.1" 200 10601
"GET /comments/notifications/json/ HTTP/1.1" 200 40
"GET /__debug__/history_sidebar/?request_id=c2e3f91e06b0412eb9de3e5f5dce62ab HTTP/1.1" 200 10601
"GET /comments/notifications/json/ HTTP/1.1" 200 40
"GET /__debug__/history_sidebar/?request_id=566a97d0eaf64457bab07c6d43676836 HTTP/1.1" 200 10601
"GET /comments/notifications/json/ HTTP/1.1" 200 40
"GET /__debug__/history_sidebar/?request_id=b8e660e024774d76b213236171f01ffd HTTP/1.1" 200 10601
"GET /comments/notifications/json/ HTTP/1.1" 200 40
"GET /__debug__/history_sidebar/?request_id=0d08e00c608f42c783f9b37d4f03391e HTTP/1.1" 200 10600
"GET /comments/notifications/json/ HTTP/1.1" 200 40
"GET /__debug__/history_sidebar/?request_id=0de6e8d1c9ab43a982f7b479dba4f5e2 HTTP/1.1" 200 10600
"GET /comments/notifications/json/ HTTP/1.1" 200 40
"GET /__debug__/history_sidebar/?request_id=3f3f6d7858bf42a1b8322567e6086cae HTTP/1.1" 200 10600
"GET /comments/notifications/json/ HTTP/1.1" 200 40
"GET /__debug__/history_sidebar/?request_id=1cf76c11f78f46cd824c887dfff9bc16 HTTP/1.1" 200 10600
"GET /comments/notifications/json/ HTTP/1.1" 200 40
"GET /__debug__/history_sidebar/?request_id=bdc3ff97313d4398a49efb5a24b0ab8d HTTP/1.1" 200 10601
"GET /comments/notifications/json/ HTTP/1.1" 200 40
"GET /__debug__/history_sidebar/?request_id=0b701fd8adb047c99a0f92d42795764d HTTP/1.1" 200 10602
"GET /01/ HTTP/1.1" 200 200882
"GET /static/css/light.css HTTP/1.1" 404 1966
"GET /comments/notifications/json/ HTTP/1.1" 200 40
Watching for file changes with StatReloader
"GET / HTTP/1.1" 200 27358
"GET /static/css/light.css HTTP/1.1" 404 1966
"GET /comments/notifications/json/ HTTP/1.1" 200 40
"GET /01/ HTTP/1.1" 200 200882
"GET /static/css/light.css HTTP/1.1" 404 1966
"GET /comments/notifications/json/ HTTP/1.1" 200 40
"GET /comments/notifications/json/ HTTP/1.1" 200 40
"GET /__debug__/history_sidebar/?request_id=c84e9a51c5214cc1bba2e1792af818f1 HTTP/1.1" 200 10601
"POST /comments/add/1/ HTTP/1.1" 200 345
"GET /__debug__/history_sidebar/?request_id=d8c682510ef44980a2b1ee77fcdedbfd HTTP/1.1" 200 10583
"POST /comments/like/51/ HTTP/1.1" 200 47
"GET /__debug__/history_sidebar/?request_id=3a45c7898cef4ac284746da034aab760 HTTP/1.1" 200 10585
"POST /comments/like/67/ HTTP/1.1" 200 47
"GET /__debug__/history_sidebar/?request_id=d2baa710c6bd49f1ab1d8454f6c0b513 HTTP/1.1" 200 10585
"GET / HTTP/1.1" 200 27357
"GET /comments/notifications/json/ HTTP/1.1" 200 40
"GET /static/css/light.css HTTP/1.1" 404 1966
"GET /comments/notifications/json/ HTTP/1.1" 200 40
"GET /comments/notifications/json/ HTTP/1.1" 200 40
"GET /__debug__/history_sidebar/?request_id=e6d3d7bad97f4910becdbb217b18d7af HTTP/1.1" 200 10601
"GET / HTTP/1.1" 200 27357
"GET /static/css/light.css HTTP/1.1" 404 1966
"GET /comments/notifications/json/ HTTP/1.1" 200 40
"GET /?category=bangdream HTTP/1.1" 200 27433
"GET /static/css/light.css HTTP/1.1" 404 1966
"GET /comments/notifications/json/ HTTP/1.1" 200 40
"GET /comments/notifications/json/ HTTP/1.1" 200 40
"GET /__debug__/history_sidebar/?request_id=11151630560440d1a43c781766bd7e38 HTTP/1.1" 200 10601
"GET /comments/notifications/json/ HTTP/1.1" 200 40
"GET /__debug__/history_sidebar/?request_id=7f4d7754c6224cf7989a94521e8087a4 HTTP/1.1" 200 10600
"GET /comments/notifications/json/ HTTP/1.1" 200 40
"GET /__debug__/history_sidebar/?request_id=333ce4d2cc054003bebbcf0a88a33350 HTTP/1.1" 200 10601
"GET /comments/notifications/json/ HTTP/1.1" 200 40
"GET /__debug__/history_sidebar/?request_id=ba9ba023a5834e038a8252b5601bb3a9 HTTP/1.1" 200 10600
"GET /comments/notifications/json/ HTTP/1.1" 200 40
"GET /__debug__/history_sidebar/?request_id=6d9c905f1ff44109ae33e71d385dca27 HTTP/1.1" 200 10601
"GET /comments/notifications/json/ HTTP/1.1" 200 40
"GET /__debug__/history_sidebar/?request_id=6bb0bb581c9f462b945bc223b72aa489 HTTP/1.1" 200 10600
"GET /comments/notifications/json/ HTTP/1.1" 200 40
"GET /__debug__/history_sidebar/?request_id=724176f61eec4a64aa971ccccb1ba28b HTTP/1.1" 200 10600
"GET /comments/notifications/json/ HTTP/1.1" 200 40
"GET /__debug__/history_sidebar/?request_id=1adbd05f0cef41ab8d74b1e3cc787b9e HTTP/1.1" 200 10601
"GET /comments/notifications/json/ HTTP/1.1" 200 40
"GET /__debug__/history_sidebar/?request_id=3fadf171e56a478f97174888262a439f HTTP/1.1" 200 10601
"GET /comments/notifications/json/ HTTP/1.1" 200 40
"GET /__debug__/history_sidebar/?request_id=faef8597f3e646028e0330a6e3c7e261 HTTP/1.1" 200 10601
E:\myblog\comments\urls.py changed, reloading.
Watching for file changes with StatReloader
E:\myblog\comments\views.py changed, reloading.
Watching for file changes with StatReloader
"GET /comments/notifications/json/ HTTP/1.1" 200 40
"GET /__debug__/history_sidebar/?request_id=9421026ad7ca4ee3a5d5bff49fd72d5b HTTP/1.1" 200 10601
"GET /comments/notifications/json/ HTTP/1.1" 200 40
"GET /__debug__/history_sidebar/?request_id=bd30e954811d431dbc26ec725fbbd1a4 HTTP/1.1" 200 10600
"GET /comments/notifications/json/ HTTP/1.1" 200 40
"GET /__debug__/history_sidebar/?request_id=d71f1f4976de4166a4a7cdd5275fc7df HTTP/1.1" 200 10600
E:\myblog\comments\views.py changed, reloading.
Watching for file changes with StatReloader
"GET /comments/notifications/json/ HTTP/1.1" 200 40
"GET /comments/notifications/json/ HTTP/1.1" 200 40
"GET /__debug__/history_sidebar/?request_id=cb1c79b3276747ba88524f8b6b4f0609 HTTP/1.1" 200 10601
"GET /__debug__/history_sidebar/?request_id=45039efd357d46f3a897fb66c1ac9fa1 HTTP/1.1" 200 10601
"GET /comments/notifications/json/ HTTP/1.1" 200 40
"GET /comments/notifications/json/ HTTP/1.1" 200 40
"GET /__debug__/history_sidebar/?request_id=47dba628c96c4bf6bb84336f867e4c71 HTTP/1.1" 200 10601
"GET /__debug__/history_sidebar/?request_id=2d98fc6a3ca5491b82ff3953a93de6b5 HTTP/1.1" 200 10600
"GET /comments/notifications/json/ HTTP/1.1" 200 40
"GET /comments/notifications/json/ HTTP/1.1" 200 40
"GET /__debug__/history_sidebar/?request_id=f5d1cc71691344049c49031ced28eaa8 HTTP/1.1" 200 10601
"GET /__debug__/history_sidebar/?request_id=b9aaa8196e0f4f33aaa873a15a3ba943 HTTP/1.1" 200 10601
"GET /comments/notifications/json/ HTTP/1.1" 200 40
"GET /comments/notifications/json/ HTTP/1.1" 200 40
"GET /__debug__/history_sidebar/?request_id=a9e0e7bcb3cf47c78bcdb2b36055ec2f HTTP/1.1" 200 10601
"GET /__debug__/history_sidebar/?request_id=e70938aa9c304746ab5fc364878fe1f7 HTTP/1.1" 200 10601
E:\myblog\comments\urls.py changed, reloading.
Watching for file changes with StatReloader
"GET /comments/notifications/json/ HTTP/1.1" 200 40
"GET /comments/notifications/json/ HTTP/1.1" 200 40
"GET /__debug__/history_sidebar/?request_id=f0ea0ca81b434c33a695f1bdde78c1ca HTTP/1.1" 200 10601
"GET /__debug__/history_sidebar/?request_id=4cc53ed5e8b04514abfba940d00160b3 HTTP/1.1" 200 10601
Watching for file changes with StatReloader
"GET /comments/notifications/json/ HTTP/1.1" 200 40
"GET / HTTP/1.1" 200 27639
"GET /static/css/light.css HTTP/1.1" 404 1966
"GET /__debug__/history_sidebar/?request_id=2272b80b6a774f449f3fb92f5c184413 HTTP/1.1" 200 10603
"GET /comments/notifications/json/ HTTP/1.1" 200 40
"GET /comments/notifications/json/ HTTP/1.1" 200 40
"GET /__debug__/history_sidebar/?request_id=928fba4d299b49c3baf8225184011d97 HTTP/1.1" 200 10601
Internal Server Error: /comments/notifications/
Traceback (most recent call last):
  File "E:\myblog\.venv\Lib\site-packages\django\core\handlers\exception.py", line 55, in inner
    response = get_response(request)
               ^^^^^^^^^^^^^^^^^^^^^
  File "E:\myblog\.venv\Lib\site-packages\django\core\handlers\base.py", line 197, in _get_response
    response = wrapped_callback(request, *callback_args, **callback_kwargs)
               ^^^^^^^^^^^^^^^^^^^^^^^^^^^^^^^^^^^^^^^^^^^^^^^^^^^^^^^^^^^^
  File "E:\myblog\.venv\Lib\site-packages\django\contrib\auth\decorators.py", line 59, in _view_wrapper
    return view_func(request, *args, **kwargs)
           ^^^^^^^^^^^^^^^^^^^^^^^^^^^^^^^^^^^
  File "E:\myblog\comments\views.py", line 217, in notifications_page
    return render(request, 'comments/notifications_page.html', {
           ^^^^^^^^^^^^^^^^^^^^^^^^^^^^^^^^^^^^^^^^^^^^^^^^^^^^^
  File "E:\myblog\.venv\Lib\site-packages\django\shortcuts.py", line 25, in render
    content = loader.render_to_string(template_name, context, request, using=using)
              ^^^^^^^^^^^^^^^^^^^^^^^^^^^^^^^^^^^^^^^^^^^^^^^^^^^^^^^^^^^^^^^^^^^^^
  File "E:\myblog\.venv\Lib\site-packages\django\template\loader.py", line 62, in render_to_string
    return template.render(context, request)
           ^^^^^^^^^^^^^^^^^^^^^^^^^^^^^^^^^
  File "E:\myblog\.venv\Lib\site-packages\django\template\backends\django.py", line 107, in render
    return self.template.render(context)
           ^^^^^^^^^^^^^^^^^^^^^^^^^^^^^
  File "E:\myblog\.venv\Lib\site-packages\django\template\base.py", line 172, in render
    return self._render(context)
           ^^^^^^^^^^^^^^^^^^^^^
  File "E:\myblog\.venv\Lib\site-packages\django\test\utils.py", line 114, in instrumented_test_render
    return self.nodelist.render(context)
           ^^^^^^^^^^^^^^^^^^^^^^^^^^^^^
  File "E:\myblog\.venv\Lib\site-packages\django\template\base.py", line 1018, in render
    return SafeString("".join([node.render_annotated(context) for node in self]))
                              ^^^^^^^^^^^^^^^^^^^^^^^^^^^^^^^^^^^^^^^^^^^^^^^^^
  File "E:\myblog\.venv\Lib\site-packages\django\template\base.py", line 1018, in <listcomp>
    return SafeString("".join([node.render_annotated(context) for node in self]))
                               ^^^^^^^^^^^^^^^^^^^^^^^^^^^^^^
  File "E:\myblog\.venv\Lib\site-packages\django\template\base.py", line 979, in render_annotated
    return self.render(context)
           ^^^^^^^^^^^^^^^^^^^^
  File "E:\myblog\.venv\Lib\site-packages\django\template\loader_tags.py", line 159, in render
    return compiled_parent._render(context)
           ^^^^^^^^^^^^^^^^^^^^^^^^^^^^^^^^
  File "E:\myblog\.venv\Lib\site-packages\django\test\utils.py", line 114, in instrumented_test_render
    return self.nodelist.render(context)
           ^^^^^^^^^^^^^^^^^^^^^^^^^^^^^
  File "E:\myblog\.venv\Lib\site-packages\django\template\base.py", line 1018, in render
    return SafeString("".join([node.render_annotated(context) for node in self]))
                              ^^^^^^^^^^^^^^^^^^^^^^^^^^^^^^^^^^^^^^^^^^^^^^^^^
  File "E:\myblog\.venv\Lib\site-packages\django\template\base.py", line 1018, in <listcomp>
    return SafeString("".join([node.render_annotated(context) for node in self]))
                               ^^^^^^^^^^^^^^^^^^^^^^^^^^^^^^
  File "E:\myblog\.venv\Lib\site-packages\django\template\base.py", line 979, in render_annotated
    return self.render(context)
           ^^^^^^^^^^^^^^^^^^^^
  File "E:\myblog\.venv\Lib\site-packages\django\template\loader_tags.py", line 65, in render
    result = block.nodelist.render(context)
             ^^^^^^^^^^^^^^^^^^^^^^^^^^^^^^
  File "E:\myblog\.venv\Lib\site-packages\django\template\base.py", line 1018, in render
    return SafeString("".join([node.render_annotated(context) for node in self]))
                              ^^^^^^^^^^^^^^^^^^^^^^^^^^^^^^^^^^^^^^^^^^^^^^^^^
  File "E:\myblog\.venv\Lib\site-packages\django\template\base.py", line 1018, in <listcomp>
    return SafeString("".join([node.render_annotated(context) for node in self]))
                               ^^^^^^^^^^^^^^^^^^^^^^^^^^^^^^
  File "E:\myblog\.venv\Lib\site-packages\django\template\base.py", line 979, in render_annotated
    return self.render(context)
           ^^^^^^^^^^^^^^^^^^^^
  File "E:\myblog\.venv\Lib\site-packages\django\template\loader_tags.py", line 199, in render
    template = context.template.engine.select_template(template_name)
               ^^^^^^^^^^^^^^^^^^^^^^^^^^^^^^^^^^^^^^^^^^^^^^^^^^^^^^
  File "E:\myblog\.venv\Lib\site-packages\django\template\engine.py", line 208, in select_template
    return self.get_template(template_name)
           ^^^^^^^^^^^^^^^^^^^^^^^^^^^^^^^^
  File "E:\myblog\.venv\Lib\site-packages\django\template\engine.py", line 177, in get_template
    template, origin = self.find_template(template_name)
                       ^^^^^^^^^^^^^^^^^^^^^^^^^^^^^^^^^
  File "E:\myblog\.venv\Lib\site-packages\django\template\engine.py", line 159, in find_template
    template = loader.get_template(name, skip=skip)
               ^^^^^^^^^^^^^^^^^^^^^^^^^^^^^^^^^^^^
  File "E:\myblog\.venv\Lib\site-packages\django\template\loaders\cached.py", line 57, in get_template
    template = super().get_template(template_name, skip)
               ^^^^^^^^^^^^^^^^^^^^^^^^^^^^^^^^^^^^^^^^^
  File "E:\myblog\.venv\Lib\site-packages\django\template\loaders\base.py", line 28, in get_template
    return Template(
           ^^^^^^^^^
  File "E:\myblog\.venv\Lib\site-packages\django\template\base.py", line 155, in __init__
    self.nodelist = self.compile_nodelist()
                    ^^^^^^^^^^^^^^^^^^^^^^^
  File "E:\myblog\.venv\Lib\site-packages\django\template\base.py", line 197, in compile_nodelist
    nodelist = parser.parse()
               ^^^^^^^^^^^^^^
  File "E:\myblog\.venv\Lib\site-packages\django\template\base.py", line 519, in parse
    raise self.error(token, e)
  File "E:\myblog\.venv\Lib\site-packages\django\template\base.py", line 517, in parse
    compiled_result = compile_func(self, token)
                      ^^^^^^^^^^^^^^^^^^^^^^^^^
  File "E:\myblog\.venv\Lib\site-packages\django\template\defaulttags.py", line 862, in do_for
    nodelist_loop = parser.parse(
                    ^^^^^^^^^^^^^
  File "E:\myblog\.venv\Lib\site-packages\django\template\base.py", line 490, in parse
    raise self.error(token, e)
  File "E:\myblog\.venv\Lib\site-packages\django\template\base.py", line 488, in parse
    filter_expression = self.compile_filter(token.contents)
                        ^^^^^^^^^^^^^^^^^^^^^^^^^^^^^^^^^^^
  File "E:\myblog\.venv\Lib\site-packages\django\template\base.py", line 610, in compile_filter
    return FilterExpression(token, self)
           ^^^^^^^^^^^^^^^^^^^^^^^^^^^^^
  File "E:\myblog\.venv\Lib\site-packages\django\template\base.py", line 711, in __init__
    raise TemplateSyntaxError(
django.template.exceptions.TemplateSyntaxError: Could not parse the remainder: ' if n.actor else '系统'' from 'n.actor.username if n.actor else '系统''
"GET /comments/notifications/ HTTP/1.1" 500 287632
"GET /comments/notifications/json/ HTTP/1.1" 200 40
"GET /__debug__/history_sidebar/?request_id=d78f747213ea425593fa52cdbeff66d2 HTTP/1.1" 200 10601
"GET /comments/notifications/json/ HTTP/1.1" 200 40
"GET /__debug__/history_sidebar/?request_id=21ca246fb69f432b81889b563ee3656a HTTP/1.1" 200 10601
"GET /comments/notifications/json/ HTTP/1.1" 200 40
"GET /__debug__/history_sidebar/?request_id=c6f711e6674a46aea287c316e0ebbfbe HTTP/1.1" 200 10601
"GET /comments/notifications/json/ HTTP/1.1" 200 40
"GET /comments/notifications/json/ HTTP/1.1" 200 40
"GET /__debug__/history_sidebar/?request_id=6e722bc049a049889851137080213b5e HTTP/1.1" 200 10602
"GET /__debug__/history_sidebar/?request_id=aadbeebbfbab42b1a2454a902fb541a2 HTTP/1.1" 200 10600
"GET /comments/notifications/json/ HTTP/1.1" 200 40
"GET /comments/notifications/json/ HTTP/1.1" 200 40
"GET /__debug__/history_sidebar/?request_id=72dc390b09f946e587b30f5ab3c086fe HTTP/1.1" 200 10601
"GET /__debug__/history_sidebar/?request_id=128ac034d620414aadc104d94799979a HTTP/1.1" 200 10601
"GET /comments/notifications/json/ HTTP/1.1" 200 40
"GET /comments/notifications/json/ HTTP/1.1" 200 40
"GET /__debug__/history_sidebar/?request_id=e698ccf6101b4035b0d8160267d0572e HTTP/1.1" 200 10601
"GET /__debug__/history_sidebar/?request_id=9bd4a0b2496b45b481ce40cda34bf484 HTTP/1.1" 200 10602
"GET /comments/notifications/json/ HTTP/1.1" 200 40
"GET /comments/notifications/json/ HTTP/1.1" 200 40
"GET /__debug__/history_sidebar/?request_id=790acb5524db47698cd073c5598d7b92 HTTP/1.1" 200 10601
"GET /__debug__/history_sidebar/?request_id=bfe0707f99c844cf884830fa25301f3e HTTP/1.1" 200 10601
"GET /comments/notifications/json/ HTTP/1.1" 200 40
"GET /comments/notifications/json/ HTTP/1.1" 200 40
"GET /__debug__/history_sidebar/?request_id=696be02882344b1b8e38f7a68ac0e44f HTTP/1.1" 200 10602
"GET /__debug__/history_sidebar/?request_id=748194c007fc4c428a1b56aa8915eee7 HTTP/1.1" 200 10601
"GET /comments/notifications/json/ HTTP/1.1" 200 40
"GET / HTTP/1.1" 200 27638
"GET /static/css/light.css HTTP/1.1" 404 1966
"GET /__debug__/history_sidebar/?request_id=caa5641f20cd469189eb99ac29e2a9ca HTTP/1.1" 200 10647
"GET /comments/notifications/json/ HTTP/1.1" 200 40
"GET /comments/notifications/json/ HTTP/1.1" 200 40
"GET /__debug__/history_sidebar/?request_id=528f942bee7c488e8f32b92ffc3566ec HTTP/1.1" 200 10601
"GET /comments/notifications/ HTTP/1.1" 200 22289
"GET /static/css/light.css HTTP/1.1" 404 1966
"GET /comments/notifications/json/ HTTP/1.1" 200 40
"GET /comments/notifications/json/ HTTP/1.1" 200 40
"GET /__debug__/history_sidebar/?request_id=61d7717f8e8347b69f3ce86d4f2f500c HTTP/1.1" 200 10601
"GET /01/ HTTP/1.1" 200 205945
"GET /static/css/light.css HTTP/1.1" 404 1966
"GET /comments/notifications/json/ HTTP/1.1" 200 40
"POST /comments/add/1/ HTTP/1.1" 200 329
"POST /comments/add/1/ HTTP/1.1" 200 329
"GET /__debug__/history_sidebar/?request_id=c48ebf3664a24fb9ba4a989de96a9a9d HTTP/1.1" 200 10582
"GET /comments/notifications/ HTTP/1.1" 200 22289
"GET /static/css/light.css HTTP/1.1" 404 1966
"GET /comments/notifications/json/ HTTP/1.1" 200 40
"GET /comments/notifications/json/ HTTP/1.1" 200 40
"GET /__debug__/history_sidebar/?request_id=f142f9da1a9f4fbc8dce4f658f8daf64 HTTP/1.1" 200 10601
"GET /comments/notifications/json/ HTTP/1.1" 200 40
"GET /__debug__/history_sidebar/?request_id=6ebd68bc3d7b48a5b8cec9ca4ae10782 HTTP/1.1" 200 10600
"GET /comments/notifications/json/ HTTP/1.1" 200 40
"GET /__debug__/history_sidebar/?request_id=85c6295e2fbb4f27ae0e9790411ba880 HTTP/1.1" 200 10600
"GET /comments/notifications/json/ HTTP/1.1" 200 40
"GET /__debug__/history_sidebar/?request_id=6b428f1e17c04d5ca4113dfca691e88c HTTP/1.1" 200 10601
"GET /comments/notifications/json/ HTTP/1.1" 200 40
"GET /__debug__/history_sidebar/?request_id=29930cd15a5144b2b8087d9b999c0d95 HTTP/1.1" 200 10601
"GET /comments/notifications/json/ HTTP/1.1" 200 40
"GET /__debug__/history_sidebar/?request_id=f91e8f7f345c46e2a90278bc53c197e2 HTTP/1.1" 200 10600
"GET /comments/notifications/json/ HTTP/1.1" 200 40
"GET /__debug__/history_sidebar/?request_id=21246af6325c4525995257506c3deca8 HTTP/1.1" 200 10600
"GET /comments/notifications/json/ HTTP/1.1" 200 40
"GET /__debug__/history_sidebar/?request_id=30ffb1b7a0464ed1908efc26905146ca HTTP/1.1" 200 10601
"GET /comments/notifications/json/ HTTP/1.1" 200 40
"GET /__debug__/history_sidebar/?request_id=5515a3b25f8b4f22b86439a4e2ce2404 HTTP/1.1" 200 10600
"GET /comments/notifications/json/ HTTP/1.1" 200 40
"GET /__debug__/history_sidebar/?request_id=6bce889c58de4b2882a1332217688f56 HTTP/1.1" 200 10602
"GET /comments/notifications/json/ HTTP/1.1" 200 40
"GET /__debug__/history_sidebar/?request_id=adb2df1f7ccb4832ba968faafb806ed5 HTTP/1.1" 200 10601
"GET /comments/notifications/json/ HTTP/1.1" 200 40
"GET /__debug__/history_sidebar/?request_id=b62ceeaef7ef45bc84e564ab503e5b4c HTTP/1.1" 200 10600
"GET /comments/notifications/json/ HTTP/1.1" 200 40
"GET /__debug__/history_sidebar/?request_id=26cc712cf2da4fbc863ea1d168129ce3 HTTP/1.1" 200 10601
"GET /comments/notifications/json/ HTTP/1.1" 200 40
"GET /__debug__/history_sidebar/?request_id=fcaaaadbd7d541de93da364bc48dcebe HTTP/1.1" 200 10601
"GET /comments/notifications/json/ HTTP/1.1" 200 40
"GET /__debug__/history_sidebar/?request_id=0c9e2c72c074426b937f0a48870974db HTTP/1.1" 200 10601
"GET /comments/notifications/json/ HTTP/1.1" 200 40
"GET /comments/notifications/json/ HTTP/1.1" 200 40
"GET /comments/notifications/json/ HTTP/1.1" 200 40
"GET /__debug__/history_sidebar/?request_id=3a03a94d62f44e9bb76e39525ca80a4b HTTP/1.1" 200 10601
"GET /__debug__/history_sidebar/?request_id=34cea6beb2f14e218daa889a7a060c0a HTTP/1.1" 200 10601
"GET /__debug__/history_sidebar/?request_id=b752975b02f04aa590f4549899780889 HTTP/1.1" 200 10601
"GET /comments/notifications/json/ HTTP/1.1" 200 40
"GET /comments/notifications/json/ HTTP/1.1" 200 40
"GET /comments/notifications/json/ HTTP/1.1" 200 40
"GET /__debug__/history_sidebar/?request_id=9e9bb52d0ec549389c40f02ddb6c0fed HTTP/1.1" 200 10601
"GET /__debug__/history_sidebar/?request_id=c8f58bcc6b7345a5b7f9c24cb8e967aa HTTP/1.1" 200 10601
"GET /__debug__/history_sidebar/?request_id=f7d95590c4f74f87a51b7d36872e3835 HTTP/1.1" 200 10601
E:\myblog\comments\signals.py changed, reloading.
Watching for file changes with StatReloader
"GET /comments/notifications/json/ HTTP/1.1" 200 40
"GET /comments/notifications/json/ HTTP/1.1" 200 40
"GET /comments/notifications/json/ HTTP/1.1" 200 40
"GET /__debug__/history_sidebar/?request_id=15e67ac607984c01a9cb73d421f4d10e HTTP/1.1" 200 10603
"GET /__debug__/history_sidebar/?request_id=49ec18d6bedd468da3683837fac310f2 HTTP/1.1" 200 10601
"GET /__debug__/history_sidebar/?request_id=f3f4c2bec9744200bd08960c9c32012e HTTP/1.1" 200 10601
"GET /comments/notifications/json/ HTTP/1.1" 200 40
"GET /comments/notifications/json/ HTTP/1.1" 200 40
"GET /comments/notifications/json/ HTTP/1.1" 200 40
"GET /__debug__/history_sidebar/?request_id=e2b93de7bc2640ce95d7f043a2cd9bc3 HTTP/1.1" 200 10600
"GET /__debug__/history_sidebar/?request_id=865428b2332e4f2a8c4582d4da037153 HTTP/1.1" 200 10601
"GET /__debug__/history_sidebar/?request_id=35a5539b38234c5d8329bbb96e9f9ee7 HTTP/1.1" 200 10600
E:\myblog\comments\signals.py changed, reloading.
Watching for file changes with StatReloader
"GET /comments/notifications/json/ HTTP/1.1" 200 40
"GET / HTTP/1.1" 200 27634
"GET /static/css/light.css HTTP/1.1" 404 1966
"GET /comments/notifications/json/ HTTP/1.1" 200 40
"GET /comments/notifications/ HTTP/1.1" 200 22284
"GET /static/css/light.css HTTP/1.1" 404 1966
"GET /comments/notifications/json/ HTTP/1.1" 200 40
"GET /comments/notifications/ HTTP/1.1" 200 22284
"GET /static/css/light.css HTTP/1.1" 404 1966
"GET /comments/notifications/json/ HTTP/1.1" 200 40
"GET / HTTP/1.1" 200 27633
"GET /static/css/light.css HTTP/1.1" 404 1966
"GET /comments/notifications/json/ HTTP/1.1" 200 40
"GET /01/ HTTP/1.1" 200 211682
"GET /static/css/light.css HTTP/1.1" 404 1966
"GET /comments/notifications/json/ HTTP/1.1" 200 40
"POST /comments/add/1/ HTTP/1.1" 200 329
"POST /comments/add/1/ HTTP/1.1" 200 329
"GET /__debug__/history_sidebar/?request_id=740b9770ab4a4e2c9305099afc7b9850 HTTP/1.1" 200 10582
"GET /comments/notifications/ HTTP/1.1" 200 22284
"GET /static/css/light.css HTTP/1.1" 404 1966
"GET /comments/notifications/json/ HTTP/1.1" 200 40
"GET /comments/notifications/ HTTP/1.1" 200 22284
"GET /static/css/light.css HTTP/1.1" 404 1966
"GET /comments/notifications/json/ HTTP/1.1" 200 40
"GET /users/profile/ HTTP/1.1" 200 24891
"GET /static/css/card.css HTTP/1.1" 404 1963
"GET /comments/notifications/json/ HTTP/1.1" 200 40
"GET / HTTP/1.1" 200 27633
"GET /static/css/light.css HTTP/1.1" 404 1966
"GET /comments/notifications/json/ HTTP/1.1" 200 40
"GET /comments/notifications/json/ HTTP/1.1" 200 40
"GET /comments/notifications/json/ HTTP/1.1" 200 40
"GET /__debug__/history_sidebar/?request_id=eb479dc1edb74dcbaf7f7e8a5ad871ad HTTP/1.1" 200 10603
"GET /01/ HTTP/1.1" 200 217424
"GET /static/css/light.css HTTP/1.1" 404 1966
"GET /comments/notifications/json/ HTTP/1.1" 200 40
"GET /__debug__/history_sidebar/?request_id=050580db2aa641239e28b17e09c0b4c8 HTTP/1.1" 200 10602
"GET /delete/01/ HTTP/1.1" 302 0
"GET / HTTP/1.1" 200 26929
"GET /static/css/light.css HTTP/1.1" 404 1966
"GET /comments/notifications/json/ HTTP/1.1" 200 40
"GET /create/ HTTP/1.1" 200 26847
"GET /static/css/light.css HTTP/1.1" 404 1966
"GET /comments/notifications/json/ HTTP/1.1" 200 40
"POST /create/ HTTP/1.1" 302 0
"GET /01/ HTTP/1.1" 200 45529
"GET /static/css/light.css HTTP/1.1" 404 1966
"GET /comments/notifications/json/ HTTP/1.1" 200 40
"GET /edit/01/ HTTP/1.1" 200 26904
"GET /static/css/light.css HTTP/1.1" 404 1966
"GET /comments/notifications/json/ HTTP/1.1" 200 40
"POST /edit/01/ HTTP/1.1" 302 0
"GET /01/ HTTP/1.1" 200 45529
"GET /static/css/light.css HTTP/1.1" 404 1966
"GET /comments/notifications/json/ HTTP/1.1" 200 40
"GET /comments/notifications/ HTTP/1.1" 200 22284
"GET /static/css/light.css HTTP/1.1" 404 1966
"GET /comments/notifications/json/ HTTP/1.1" 200 40
"GET / HTTP/1.1" 200 27736
"GET /static/css/light.css HTTP/1.1" 404 1966
"GET /comments/notifications/json/ HTTP/1.1" 200 40
"GET /01/ HTTP/1.1" 200 45244
"GET /static/css/light.css HTTP/1.1" 404 1966
"GET /comments/notifications/json/ HTTP/1.1" 200 40
"POST /comments/add/2/ HTTP/1.1" 200 329
"POST /comments/add/2/ HTTP/1.1" 200 329
"GET /__debug__/history_sidebar/?request_id=96b165d8ea4b4d68be232ebf45ceb1f6 HTTP/1.1" 200 10582
"POST /comments/add/2/ HTTP/1.1" 200 329
"POST /comments/add/2/ HTTP/1.1" 200 329
"GET /__debug__/history_sidebar/?request_id=0f8f90427ed44817a97b6956e8050668 HTTP/1.1" 200 10582
"GET /comments/notifications/ HTTP/1.1" 200 28896
"GET /static/css/light.css HTTP/1.1" 404 1966
"GET /comments/notifications/json/ HTTP/1.1" 200 990
Not Found: /favicon.ico
"GET /favicon.ico HTTP/1.1" 404 19697
"GET /01/ HTTP/1.1" 200 60117
"GET /static/css/light.css HTTP/1.1" 404 1966
"GET /comments/notifications/json/ HTTP/1.1" 200 990
Not Found: /favicon.ico
"GET /favicon.ico HTTP/1.1" 404 19697
"GET /comments/notifications/json/ HTTP/1.1" 200 990
"GET /comments/notifications/json/ HTTP/1.1" 200 990
"GET /__debug__/history_sidebar/?request_id=d80f40a6a6e04e7bb2be8668f4cf44d9 HTTP/1.1" 200 10603
"GET /__debug__/history_sidebar/?request_id=07c712dc2ce24a0bb05738e73952b3db HTTP/1.1" 200 10602
"POST /comments/add/2/ HTTP/1.1" 200 326
"GET /__debug__/history_sidebar/?request_id=cd4965489e98450d952f7ade17885714 HTTP/1.1" 200 10582
"GET /comments/notifications/ HTTP/1.1" 200 30497
"GET /static/css/light.css HTTP/1.1" 404 1966
"GET /comments/notifications/json/ HTTP/1.1" 200 1216
Not Found: /favicon.ico
"GET /favicon.ico HTTP/1.1" 404 19697
"GET /users/profile/ HTTP/1.1" 200 29669
"GET /static/css/card.css HTTP/1.1" 404 1963
"GET /comments/notifications/json/ HTTP/1.1" 200 1216
Not Found: /favicon.ico
"GET /favicon.ico HTTP/1.1" 404 19697
"GET /comments/notifications/ HTTP/1.1" 200 30497
"GET /static/css/light.css HTTP/1.1" 404 1966
"GET /comments/notifications/json/ HTTP/1.1" 200 1216
Not Found: /favicon.ico
"GET /favicon.ico HTTP/1.1" 404 19697
"GET / HTTP/1.1" 200 31983
"GET /static/css/light.css HTTP/1.1" 404 1966
"GET /comments/notifications/json/ HTTP/1.1" 200 1216
Not Found: /favicon.ico
"GET /favicon.ico HTTP/1.1" 404 19697
"GET /comments/notifications/json/ HTTP/1.1" 200 1216
"GET /__debug__/history_sidebar/?request_id=f0dd239e7d8840f1a50371844963c115 HTTP/1.1" 200 10603
"GET /comments/notifications/json/ HTTP/1.1" 200 1216
"GET /comments/notifications/json/ HTTP/1.1" 200 1216
"GET /__debug__/history_sidebar/?request_id=95605e1dcee64320b5490d778a716fb6 HTTP/1.1" 200 10603
"GET /__debug__/history_sidebar/?request_id=b4db6535a3214d769060639a04d36dd2 HTTP/1.1" 200 10603
"GET /01/ HTTP/1.1" 200 62039
"GET /static/css/light.css HTTP/1.1" 404 1966
"GET /comments/notifications/json/ HTTP/1.1" 200 1216
Not Found: /favicon.ico
"GET /favicon.ico HTTP/1.1" 404 19697
"GET /comments/notifications/json/ HTTP/1.1" 200 1216
"GET /__debug__/history_sidebar/?request_id=3e30ca060aa04126a5eacaf5db1b7180 HTTP/1.1" 200 10603
"GET /comments/notifications/json/ HTTP/1.1" 200 1216
"GET /comments/notifications/json/ HTTP/1.1" 200 1216
"GET /__debug__/history_sidebar/?request_id=c714f77e5ac94070b28f359d0ac7fcbe HTTP/1.1" 200 10603
"GET /__debug__/history_sidebar/?request_id=0288c06947a24b879295d8ff54855179 HTTP/1.1" 200 10603
"GET /comments/notifications/json/ HTTP/1.1" 200 1216
"GET /__debug__/history_sidebar/?request_id=e076028b657246ccae44d4e1d3c43fe5 HTTP/1.1" 200 10603
"GET /comments/notifications/json/ HTTP/1.1" 200 1216
"GET /__debug__/history_sidebar/?request_id=c856e7e09d6d4210857337bc537f1860 HTTP/1.1" 200 10603
"GET /comments/notifications/json/ HTTP/1.1" 200 1216
"GET /comments/notifications/json/ HTTP/1.1" 200 1216
"GET /__debug__/history_sidebar/?request_id=f1111bce2b8b4b308e2b686d64cec99c HTTP/1.1" 200 10603
"GET /__debug__/history_sidebar/?request_id=0ed6dfe2365543bb8b3203454c6ae0ba HTTP/1.1" 200 10603
"GET /comments/notifications/json/ HTTP/1.1" 200 1216
"GET /__debug__/history_sidebar/?request_id=cddc64ed7fce488d973e461d9d98ef52 HTTP/1.1" 200 10603
"GET /comments/notifications/json/ HTTP/1.1" 200 1216
"GET /__debug__/history_sidebar/?request_id=11822337ce874a55810e0ebd40e13a6a HTTP/1.1" 200 10603
"GET /comments/notifications/json/ HTTP/1.1" 200 1216
"GET /__debug__/history_sidebar/?request_id=b2c33790df7245508585695fc14f08d0 HTTP/1.1" 200 10603
"GET /comments/notifications/json/ HTTP/1.1" 200 1216
"GET /__debug__/history_sidebar/?request_id=5e7604e44f6d4786a7bf0d3c930ad7ad HTTP/1.1" 200 10602
"GET /comments/notifications/json/ HTTP/1.1" 200 1216
"GET /comments/notifications/json/ HTTP/1.1" 200 1216
"GET /__debug__/history_sidebar/?request_id=c9d09e1d752e49ef82adce7e4fd7b9b8 HTTP/1.1" 200 10602
"GET /__debug__/history_sidebar/?request_id=05b625b9005b4a949c611e290a64c3eb HTTP/1.1" 200 10603
"GET /comments/notifications/json/ HTTP/1.1" 200 1216
"GET /comments/notifications/json/ HTTP/1.1" 200 1216
"GET /__debug__/history_sidebar/?request_id=f86abee8e4174bc2b8500e121492bcae HTTP/1.1" 200 10603
"GET /__debug__/history_sidebar/?request_id=6f5e83a6b3b34683be69cec00d50d7b7 HTTP/1.1" 200 10601
"GET /comments/notifications/json/ HTTP/1.1" 200 1216
"GET /comments/notifications/json/ HTTP/1.1" 200 1216
"GET /__debug__/history_sidebar/?request_id=57b64f5541144272b84951a8c9a614ea HTTP/1.1" 200 10603
"GET /__debug__/history_sidebar/?request_id=e1dcd242c90d42f781e758a86a5c79b1 HTTP/1.1" 200 10603
"GET /comments/notifications/json/ HTTP/1.1" 200 1216
"GET /comments/notifications/json/ HTTP/1.1" 200 1216
"GET /__debug__/history_sidebar/?request_id=b68573a217c44d09b028b28d20086cbc HTTP/1.1" 200 10603
"GET /__debug__/history_sidebar/?request_id=7bbb7817c7c84b1d837eb9bb0df22f83 HTTP/1.1" 200 10603
"GET /comments/notifications/json/ HTTP/1.1" 200 1216
"GET /comments/notifications/json/ HTTP/1.1" 200 1216
"GET /__debug__/history_sidebar/?request_id=2e0b19ba3cbd487786f9a82597876ba1 HTTP/1.1" 200 10603
"GET /__debug__/history_sidebar/?request_id=e187727c05b945ddaa4f4ab82c7f83cb HTTP/1.1" 200 10603
"GET /comments/notifications/json/ HTTP/1.1" 200 1216
"GET /comments/notifications/json/ HTTP/1.1" 200 1216
"GET /__debug__/history_sidebar/?request_id=94f6e482229c4a9ea42fc86729ae079d HTTP/1.1" 200 10603
"GET /__debug__/history_sidebar/?request_id=a268fc5284d9402f9580e91103d10a02 HTTP/1.1" 200 10603
E:\myblog\users\views.py changed, reloading.
Watching for file changes with StatReloader
"GET /comments/notifications/json/ HTTP/1.1" 200 1216
"GET /comments/notifications/json/ HTTP/1.1" 200 1216
"GET /__debug__/history_sidebar/?request_id=00d30dc6eed14cae8a5f2e2995d35066 HTTP/1.1" 200 10602
"GET /__debug__/history_sidebar/?request_id=9ec35bdb7da44c1e8324a05377a28412 HTTP/1.1" 200 10602
E:\myblog\users\views.py changed, reloading.
Watching for file changes with StatReloader
"GET /comments/notifications/json/ HTTP/1.1" 200 1216
"GET /comments/notifications/json/ HTTP/1.1" 200 1216
"GET /__debug__/history_sidebar/?request_id=6e11cabf9eef4deaa69e00eded8ab5b3 HTTP/1.1" 200 10603
"GET /__debug__/history_sidebar/?request_id=10f7db534ec34a458ee393ae1ae3ecaf HTTP/1.1" 200 10604
"GET /comments/notifications/json/ HTTP/1.1" 200 1216
"GET /comments/notifications/json/ HTTP/1.1" 200 1216
"GET /__debug__/history_sidebar/?request_id=5f6fdb631ac54bdb9895c3343d5bbc25 HTTP/1.1" 200 10603
"GET /__debug__/history_sidebar/?request_id=2083ea802dfb4740835a1b7424ac5595 HTTP/1.1" 200 10603
"GET /comments/notifications/json/ HTTP/1.1" 200 1216
"GET /comments/notifications/json/ HTTP/1.1" 200 1216
"GET /__debug__/history_sidebar/?request_id=4c72d9f16db6442b86756ccfb241fee1 HTTP/1.1" 200 10601
"GET /__debug__/history_sidebar/?request_id=67d6a915152b4f95bb6b708d3ab552b1 HTTP/1.1" 200 10603
"GET /comments/notifications/json/ HTTP/1.1" 200 1216
"GET / HTTP/1.1" 200 31983
"GET /static/css/light.css HTTP/1.1" 404 1966
"GET /__debug__/history_sidebar/?request_id=3a09032c16d54b09bb7d3515f1ca980a HTTP/1.1" 200 10603
"GET /comments/notifications/json/ HTTP/1.1" 200 1216
"GET /01/ HTTP/1.1" 200 62166
"GET /static/css/light.css HTTP/1.1" 404 1966
"GET /comments/notifications/json/ HTTP/1.1" 200 1216
Not Found: /favicon.ico
"GET /favicon.ico HTTP/1.1" 404 19697
"GET /comments/notifications/json/ HTTP/1.1" 200 1216
"GET /__debug__/history_sidebar/?request_id=473715988b0a4b14a83f4c24adb6a616 HTTP/1.1" 200 10603
"GET /comments/notifications/json/ HTTP/1.1" 200 1216
"GET /__debug__/history_sidebar/?request_id=ba19951241314770b5228823c94b5e4c HTTP/1.1" 200 10603
"GET /comments/notifications/json/ HTTP/1.1" 200 1216
"GET /__debug__/history_sidebar/?request_id=dcd4adef4a1b4d85bc7e6080868d700d HTTP/1.1" 200 10603
"GET /comments/notifications/json/ HTTP/1.1" 200 1216
"GET /__debug__/history_sidebar/?request_id=bd8264556bdc460ab3e1dd6a71d2047a HTTP/1.1" 200 10603
"GET /comments/notifications/json/ HTTP/1.1" 200 1216
"GET /__debug__/history_sidebar/?request_id=ad457fc070e64bee88cd9ec1ac370b3f HTTP/1.1" 200 10602
"GET /comments/notifications/json/ HTTP/1.1" 200 1216
"GET /__debug__/history_sidebar/?request_id=0662cc6e46ef4d7f972fcad1efd6cb9b HTTP/1.1" 200 10603
"GET /comments/notifications/json/ HTTP/1.1" 200 1216
"GET /comments/notifications/json/ HTTP/1.1" 200 1216
"GET /__debug__/history_sidebar/?request_id=ffc08f384fdd411c81d5f124d3571ef7 HTTP/1.1" 200 10602
"GET /__debug__/history_sidebar/?request_id=2917d35f17eb4d69adce3e167f1545b1 HTTP/1.1" 200 10601
"GET /comments/notifications/json/ HTTP/1.1" 200 1216
"GET /__debug__/history_sidebar/?request_id=ea65bdcc3a944240a736090f732d2a94 HTTP/1.1" 200 10603
"GET /comments/notifications/json/ HTTP/1.1" 200 1216
"GET /__debug__/history_sidebar/?request_id=d95f964c9f66490ba1797100570f9ae6 HTTP/1.1" 200 10601
"GET /comments/notifications/json/ HTTP/1.1" 200 1216
"GET /comments/notifications/json/ HTTP/1.1" 200 1216
"GET /__debug__/history_sidebar/?request_id=94b4d5273d264b93b6b1a4cde8ecda7d HTTP/1.1" 200 10603
"GET /__debug__/history_sidebar/?request_id=ad907e251a7d47b2ada73992d63ebf9e HTTP/1.1" 200 10603
"GET /comments/notifications/json/ HTTP/1.1" 200 1216
"GET /__debug__/history_sidebar/?request_id=9ae011c83f114cb28ce5f7da0a416ff5 HTTP/1.1" 200 10603
"GET /comments/notifications/json/ HTTP/1.1" 200 1216
"GET /__debug__/history_sidebar/?request_id=86a24c2e1b5943cfa5010f1f47532fe1 HTTP/1.1" 200 10603
"POST /comments/add/2/ HTTP/1.1" 200 329
"POST /comments/add/2/ HTTP/1.1" 200 329
"GET /__debug__/history_sidebar/?request_id=81568ecab7ab40b3b3068797c2c39df3 HTTP/1.1" 200 10582
"POST /comments/add/2/ HTTP/1.1" 200 333
"POST /comments/add/2/ HTTP/1.1" 200 333
"GET /__debug__/history_sidebar/?request_id=2670007faeae4efc88bbd40b2ed9bc20 HTTP/1.1" 200 10582
"GET /comments/notifications/json/ HTTP/1.1" 200 2172
"GET /comments/notifications/json/ HTTP/1.1" 200 2172
"GET /__debug__/history_sidebar/?request_id=68ea7987d5804bb389bc0459bb425262 HTTP/1.1" 200 10603
"GET /__debug__/history_sidebar/?request_id=cbc82916ca6042cc8ed11b621eaccba3 HTTP/1.1" 200 10603
"GET /comments/notifications/json/ HTTP/1.1" 200 2172
"GET /__debug__/history_sidebar/?request_id=8f21f7ecf51d40ca88857c2dd4695d51 HTTP/1.1" 200 10603
"GET /01/ HTTP/1.1" 200 76067
"GET /static/css/light.css HTTP/1.1" 404 1966
"GET /comments/notifications/json/ HTTP/1.1" 200 2172
"POST /comments/add/2/ HTTP/1.1" 200 333
"POST /comments/add/2/ HTTP/1.1" 200 333
"GET /__debug__/history_sidebar/?request_id=a378a123b679435c86185e32eac4483a HTTP/1.1" 200 10582
Watching for file changes with StatReloader
"GET / HTTP/1.1" 200 34404
"GET /static/css/light.css HTTP/1.1" 404 1966
"GET /comments/notifications/json/ HTTP/1.1" 200 2653
"GET /01/ HTTP/1.1" 200 81822
"GET /static/css/light.css HTTP/1.1" 404 1966
"GET /comments/notifications/json/ HTTP/1.1" 200 2653
Not Found: /favicon.ico
"GET /favicon.ico HTTP/1.1" 404 19697
"POST /comments/add/2/ HTTP/1.1" 200 333
"POST /comments/add/2/ HTTP/1.1" 200 333
"GET /__debug__/history_sidebar/?request_id=a0918192034f467b968fb8b18e1fe889 HTTP/1.1" 200 10582
"POST /comments/add/2/ HTTP/1.1" 200 333
"POST /comments/add/2/ HTTP/1.1" 200 333
"GET /__debug__/history_sidebar/?request_id=5c48740bb8c34aa08b7b827031878dd9 HTTP/1.1" 200 10582
"POST /comments/add/2/ HTTP/1.1" 200 335
"POST /comments/add/2/ HTTP/1.1" 200 335
"GET /__debug__/history_sidebar/?request_id=52396a511cd8435188d9c617d32e899e HTTP/1.1" 200 10582
"GET /comments/notifications/json/ HTTP/1.1" 200 4095
"GET /comments/notifications/json/ HTTP/1.1" 200 4095
"GET /__debug__/history_sidebar/?request_id=cf32ede4d78b4a23993a20f8a07910a1 HTTP/1.1" 200 10603
"GET /__debug__/history_sidebar/?request_id=7686259d60b24b96b12354746b3f0170 HTTP/1.1" 200 10603
"GET /comments/notifications/json/ HTTP/1.1" 200 4095
"GET /__debug__/history_sidebar/?request_id=083e4517c15548d29badc74b4e2b9ae2 HTTP/1.1" 200 10603
"GET /comments/notifications/json/ HTTP/1.1" 200 4095
"GET /__debug__/history_sidebar/?request_id=b6b39ed9ca9f4edb9f9c36765aa8ca18 HTTP/1.1" 200 10603
"GET /comments/notifications/json/ HTTP/1.1" 200 4095
"GET /__debug__/history_sidebar/?request_id=db1869c7fc1644f1bf177b22bf62cfd8 HTTP/1.1" 200 10603
"GET /comments/notifications/json/ HTTP/1.1" 200 4095
"GET /comments/notifications/json/ HTTP/1.1" 200 4095
"GET /__debug__/history_sidebar/?request_id=33c6a85375b8400d9912694f4930ae6b HTTP/1.1" 200 10603
"GET /__debug__/history_sidebar/?request_id=80827b75847a4240b03d36dcb3f9e68e HTTP/1.1" 200 10603
"GET /comments/notifications/json/ HTTP/1.1" 200 4095
"GET /__debug__/history_sidebar/?request_id=ea71f2ad853a400fb2fc1f1c5f6b3548 HTTP/1.1" 200 10603
"GET /comments/notifications/json/ HTTP/1.1" 200 4095
"GET /__debug__/history_sidebar/?request_id=392bd0a9994e4c49b8c80164aef9a3c0 HTTP/1.1" 200 10603
"GET /comments/notifications/json/ HTTP/1.1" 200 4095
"GET /comments/notifications/json/ HTTP/1.1" 200 4095
"GET /__debug__/history_sidebar/?request_id=ae0b8dc4cca642099fa7c74b1581628e HTTP/1.1" 200 10603
"GET /__debug__/history_sidebar/?request_id=50fed034e71f4171bbbf6b7e19d9759f HTTP/1.1" 200 10603
"GET /comments/notifications/json/ HTTP/1.1" 200 4095
"GET /__debug__/history_sidebar/?request_id=df5b1270a06547b793641aca013b2eeb HTTP/1.1" 200 10603
"GET /comments/notifications/json/ HTTP/1.1" 200 4095
"GET /__debug__/history_sidebar/?request_id=5d69905cf52d40b1bbd08e26061b5cf0 HTTP/1.1" 200 10603
"GET /comments/notifications/json/ HTTP/1.1" 200 4095
"GET /__debug__/history_sidebar/?request_id=82f82a31dba54b0996454185803f9779 HTTP/1.1" 200 10603
E:\myblog\comments\views.py changed, reloading.
Watching for file changes with StatReloader
E:\myblog\articles\views.py changed, reloading.
Watching for file changes with StatReloader
E:\myblog\articles\views.py changed, reloading.
Watching for file changes with StatReloader
"GET /comments/notifications/json/ HTTP/1.1" 200 4095
"GET /comments/notifications/json/ HTTP/1.1" 200 4095
"GET /__debug__/history_sidebar/?request_id=a4d676bb8f464f1587bf4c76da2e3a2b HTTP/1.1" 200 10603
"GET /__debug__/history_sidebar/?request_id=f5d86866205a4385bd418a010cdaa41f HTTP/1.1" 200 10603
"GET /comments/notifications/json/ HTTP/1.1" 200 4095
"GET /comments/notifications/json/ HTTP/1.1" 200 4095
"GET /__debug__/history_sidebar/?request_id=913548ede8fe4c0f9a1e34768627597a HTTP/1.1" 200 10603
"GET /__debug__/history_sidebar/?request_id=b693197983ac4f37a13bce437bec8a7e HTTP/1.1" 200 10603
E:\myblog\users\urls.py changed, reloading.
Watching for file changes with StatReloader
E:\myblog\users\views.py changed, reloading.
Watching for file changes with StatReloader
E:\myblog\users\views.py changed, reloading.
Watching for file changes with StatReloader
"GET /comments/notifications/json/ HTTP/1.1" 200 4095
"GET /comments/notifications/json/ HTTP/1.1" 200 4095
"GET /__debug__/history_sidebar/?request_id=6e1d26e4e7e641fb99f4f074a365be9d HTTP/1.1" 200 10603
"GET /__debug__/history_sidebar/?request_id=836b9c7b3bb24eb996d1d94a22853d02 HTTP/1.1" 200 10603
E:\myblog\users\admin.py changed, reloading.
Watching for file changes with StatReloader
"GET /comments/notifications/json/ HTTP/1.1" 200 4095
"GET /comments/notifications/json/ HTTP/1.1" 200 4095
"GET /__debug__/history_sidebar/?request_id=6bf53a5068384da986834bf3b4e78137 HTTP/1.1" 200 10603
"GET /__debug__/history_sidebar/?request_id=f5f411a4b8e842aebc5799eb4350db62 HTTP/1.1" 200 10603
E:\myblog\users\admin.py changed, reloading.
Watching for file changes with StatReloader
Watching for file changes with StatReloader
- Broken pipe from ('127.0.0.1', 59786)
"GET / HTTP/1.1" 200 34420
"GET /static/css/light.css HTTP/1.1" 404 1966
"GET /comments/notifications/json/ HTTP/1.1" 200 4095
"GET /01/ HTTP/1.1" 200 99107
"GET /static/css/light.css HTTP/1.1" 404 1966
"GET /comments/notifications/json/ HTTP/1.1" 200 4095
Not Found: /favicon.ico
"GET /favicon.ico HTTP/1.1" 404 19697
"GET /comments/notifications/json/ HTTP/1.1" 200 4095
"GET /__debug__/history_sidebar/?request_id=a8aef8b032d34d4587ac4ade1bfbecb9 HTTP/1.1" 200 10603
"POST /comments/add/2/ HTTP/1.1" 200 335
"POST /comments/add/2/ HTTP/1.1" 200 335
"GET /__debug__/history_sidebar/?request_id=49d0bbd639fe4ebda4f59b0e0f56cba4 HTTP/1.1" 200 10584
"GET /01/ HTTP/1.1" 200 101982
"GET /static/css/light.css HTTP/1.1" 404 1966
"GET /comments/notifications/json/ HTTP/1.1" 200 4336
"GET /users/profile/ HTTP/1.1" 200 32107
"GET /static/css/card.css HTTP/1.1" 404 1963
"GET /comments/notifications/json/ HTTP/1.1" 200 4336
"GET /comments/notifications/json/ HTTP/1.1" 200 4336
"GET /__debug__/history_sidebar/?request_id=61e88a354cc443c3821509724bb76644 HTTP/1.1" 200 10603
"GET /comments/notifications/json/ HTTP/1.1" 200 4336
"GET /__debug__/history_sidebar/?request_id=ff60ec2979e74e3c91c53295a88e26e5 HTTP/1.1" 200 10603
"GET /comments/notifications/json/ HTTP/1.1" 200 4336
"GET /__debug__/history_sidebar/?request_id=ca27ad11b3fb45ff91a4c8f9ef2ccb9e HTTP/1.1" 200 10603
"GET /comments/notifications/json/ HTTP/1.1" 200 4336
"GET /__debug__/history_sidebar/?request_id=12cb299e544741f3a51f2cc8803bc230 HTTP/1.1" 200 10603
"POST /accounts/logout/ HTTP/1.1" 302 0
"GET / HTTP/1.1" 200 25796
"GET /static/css/light.css HTTP/1.1" 404 1966
"GET /accounts/signup/ HTTP/1.1" 200 22859
"GET /static/css/light.css HTTP/1.1" 404 1966
"POST /accounts/signup/ HTTP/1.1" 302 0
"GET /accounts/confirm-email/ HTTP/1.1" 200 15765
"GET /comments/notifications/json/ HTTP/1.1" 302 0
"GET /accounts/login/?next=/comments/notifications/json/ HTTP/1.1" 200 22607
"GET /__debug__/history_sidebar/?request_id=fad36d9acc3e48b6bd1eadd17c8f3bde HTTP/1.1" 200 10650
"GET /accounts/signup/ HTTP/1.1" 200 22859
"GET /static/css/light.css HTTP/1.1" 404 1966
"POST /accounts/signup/ HTTP/1.1" 302 0
"GET /accounts/confirm-email/ HTTP/1.1" 200 15766
"GET /comments/notifications/json/ HTTP/1.1" 302 0
"GET /accounts/login/?next=/comments/notifications/json/ HTTP/1.1" 200 22608
"GET /__debug__/history_sidebar/?request_id=639b90cf7d5f4e43a272798b47e1c739 HTTP/1.1" 200 10651
"GET /accounts/confirm-email/NA:1vYqnk:gQR0zhhthsXAuu7vAVypY74KXpslcaTJd4ulEB-sXvE/ HTTP/1.1" 200 15937
"POST /accounts/confirm-email/NA:1vYqo3:0WLVk0rZf9uEJ-ImXqv1NLJwcjctu0EDobX99ljMv8E/ HTTP/1.1" 302 0
"GET /accounts/login/ HTTP/1.1" 200 22754
"GET /static/css/light.css HTTP/1.1" 404 1966
"POST /accounts/login/ HTTP/1.1" 302 0
"GET /users/profile/ HTTP/1.1" 200 25181
"GET /static/css/light.css HTTP/1.1" 404 1966
"GET /comments/notifications/json/ HTTP/1.1" 200 40
"GET /comments/notifications/ HTTP/1.1" 200 22283
"GET /static/css/light.css HTTP/1.1" 404 1966
"GET /comments/notifications/json/ HTTP/1.1" 200 40
"GET / HTTP/1.1" 200 27736
"GET /static/css/light.css HTTP/1.1" 404 1966
"GET /comments/notifications/json/ HTTP/1.1" 200 40
- Broken pipe from ('127.0.0.1', 49373)
"GET /01/ HTTP/1.1" 200 95359
"GET /static/css/light.css HTTP/1.1" 404 1966
"GET /comments/notifications/json/ HTTP/1.1" 200 40
"GET /01/ HTTP/1.1" 200 95358
"GET /static/css/light.css HTTP/1.1" 404 1966
"GET /comments/notifications/json/ HTTP/1.1" 200 40
"GET /users/profile/ HTTP/1.1" 200 24892
"GET /static/css/light.css HTTP/1.1" 404 1966
"GET /comments/notifications/json/ HTTP/1.1" 200 40
"GET /comments/notifications/json/ HTTP/1.1" 200 40
"GET / HTTP/1.1" 200 27736
"GET /static/css/light.css HTTP/1.1" 404 1966
"GET /__debug__/history_sidebar/?request_id=d515c022d0f746f0b78ddaa97d13139f HTTP/1.1" 200 10601
"GET /comments/notifications/json/ HTTP/1.1" 200 40
"GET /01/ HTTP/1.1" 200 95358
"GET /static/css/light.css HTTP/1.1" 404 1966
"GET /comments/notifications/json/ HTTP/1.1" 200 40
"GET /users/ninini/ HTTP/1.1" 200 25580
"GET /static/css/card.css HTTP/1.1" 404 1963
"GET /comments/notifications/json/ HTTP/1.1" 200 40
"GET /users/ninini/ HTTP/1.1" 200 25580
"GET /static/css/card.css HTTP/1.1" 404 1963
"GET /comments/notifications/json/ HTTP/1.1" 200 40
"GET /comments/notifications/json/ HTTP/1.1" 200 40
"GET /__debug__/history_sidebar/?request_id=a1f0892a66ae4c2392b9f1f108aa4723 HTTP/1.1" 200 10601
"GET /comments/notifications/json/ HTTP/1.1" 200 40
"GET /__debug__/history_sidebar/?request_id=1b24a6539d704e739285b1a6db2d511c HTTP/1.1" 200 10601
"GET /comments/notifications/json/ HTTP/1.1" 200 40
"GET /__debug__/history_sidebar/?request_id=5119b3fb270d47f3956f14ba5fd46133 HTTP/1.1" 200 10601
"GET /comments/notifications/json/ HTTP/1.1" 200 40
"GET /__debug__/history_sidebar/?request_id=bbc09e9732654370b233c44227c7da5e HTTP/1.1" 200 10601
"GET /comments/notifications/json/ HTTP/1.1" 200 40
"GET /comments/notifications/json/ HTTP/1.1" 200 40
"GET /__debug__/history_sidebar/?request_id=e048a67b44a345b4823a42cd11dc80d6 HTTP/1.1" 200 10600
"GET /comments/notifications/json/ HTTP/1.1" 200 40
"GET /__debug__/history_sidebar/?request_id=901f43ffeae2417f84f5388a1a459f08 HTTP/1.1" 200 10601
"GET /comments/notifications/json/ HTTP/1.1" 200 40
"GET /__debug__/history_sidebar/?request_id=dd4e12cab039435a809bf6d62425b519 HTTP/1.1" 200 10600
"GET /comments/notifications/json/ HTTP/1.1" 200 40
"GET /__debug__/history_sidebar/?request_id=bae5b05457094dc4a73ef3031cb79c50 HTTP/1.1" 200 10600
"GET /comments/notifications/json/ HTTP/1.1" 200 40
"GET /__debug__/history_sidebar/?request_id=d787009212bd4fa786a63468ed4f8fc3 HTTP/1.1" 200 10601
"GET /01/ HTTP/1.1" 200 95360
"GET /static/css/light.css HTTP/1.1" 404 1966
"GET /comments/notifications/json/ HTTP/1.1" 200 40
E:\myblog\users\views.py changed, reloading.
Watching for file changes with StatReloader
"GET /comments/notifications/json/ HTTP/1.1" 200 40
"GET /__debug__/history_sidebar/?request_id=aa5c8e20e5d949a8b59fe5ccf7a0f105 HTTP/1.1" 200 10602
E:\myblog\users\views.py changed, reloading.
Watching for file changes with StatReloader
"GET /comments/notifications/json/ HTTP/1.1" 200 40
"GET /__debug__/history_sidebar/?request_id=ea56adaa8cd74250b19d888f19d3708b HTTP/1.1" 200 10602
"GET / HTTP/1.1" 200 30281
"GET /static/css/light.css HTTP/1.1" 404 1966
"GET /comments/notifications/json/ HTTP/1.1" 200 40
"GET /01/ HTTP/1.1" 200 97903
"GET /static/css/light.css HTTP/1.1" 404 1966
"GET /comments/notifications/json/ HTTP/1.1" 200 40
"POST /users/api/follow/ninini/ HTTP/1.1" 200 61
"GET /__debug__/history_sidebar/?request_id=99523565450c4dd9a6816b883dcf1329 HTTP/1.1" 200 10591
"GET /01/ HTTP/1.1" 200 97896
"GET /static/css/light.css HTTP/1.1" 404 1966
"GET /comments/notifications/json/ HTTP/1.1" 200 40
"GET /users/profile/ HTTP/1.1" 200 28005
"GET /static/css/light.css HTTP/1.1" 404 1966
"GET /comments/notifications/json/ HTTP/1.1" 200 40
"GET /users/ninini/ HTTP/1.1" 200 28709
"GET /static/css/card.css HTTP/1.1" 404 1963
"GET /comments/notifications/json/ HTTP/1.1" 200 40
"GET /comments/notifications/json/ HTTP/1.1" 200 40
"GET /__debug__/history_sidebar/?request_id=8b47df8d012c40a0bba831ed932c5b5a HTTP/1.1" 200 10601
"GET /comments/notifications/json/ HTTP/1.1" 200 40
"GET /__debug__/history_sidebar/?request_id=9269c2bc9e754fe08b19910a36e445e8 HTTP/1.1" 200 10601
"GET /comments/notifications/json/ HTTP/1.1" 200 40
"GET /__debug__/history_sidebar/?request_id=f763579fbf5743caa1bcb63d4f4892b8 HTTP/1.1" 200 10600
"GET /comments/notifications/json/ HTTP/1.1" 200 40
"GET /__debug__/history_sidebar/?request_id=05004a48853e43ba9e5e7b1be4169da0 HTTP/1.1" 200 10600
"GET /comments/notifications/json/ HTTP/1.1" 200 40
"GET /__debug__/history_sidebar/?request_id=4ed001c99a3345e7b2fbd125133109c9 HTTP/1.1" 200 10601
"GET /comments/notifications/json/ HTTP/1.1" 200 40
"GET /__debug__/history_sidebar/?request_id=fc6541e48c9848dea5fb5ef27a9b5be7 HTTP/1.1" 200 10600
"GET /comments/notifications/json/ HTTP/1.1" 200 40
"GET /__debug__/history_sidebar/?request_id=2a58d8c31dfd4f5f86506e5daed20236 HTTP/1.1" 200 10601
"GET /comments/notifications/json/ HTTP/1.1" 200 40
"GET /__debug__/history_sidebar/?request_id=71d29a5fb8c74dc6adb3ff75cdda4862 HTTP/1.1" 200 10600
"GET /comments/notifications/json/ HTTP/1.1" 200 40
"GET /__debug__/history_sidebar/?request_id=4a2bc459627945aba7e53292b3a0ccea HTTP/1.1" 200 10601
"GET /comments/notifications/json/ HTTP/1.1" 200 40
"GET /__debug__/history_sidebar/?request_id=6998f8da9ba84470b9581be800ac82cf HTTP/1.1" 200 10600
"GET /comments/notifications/json/ HTTP/1.1" 200 40
"GET /__debug__/history_sidebar/?request_id=66251050148d4673a14d0f89adb6d80c HTTP/1.1" 200 10601
"GET /comments/notifications/json/ HTTP/1.1" 200 40
"GET /__debug__/history_sidebar/?request_id=83934991750e4c2bafee993e4f9d950c HTTP/1.1" 200 10601
"GET /comments/notifications/json/ HTTP/1.1" 200 40
"GET /__debug__/history_sidebar/?request_id=fab33b7fe9b04b23b1f5bcc85b2b0e70 HTTP/1.1" 200 10601
"GET /comments/notifications/json/ HTTP/1.1" 200 40
"GET /__debug__/history_sidebar/?request_id=8b3428c274d048c39bd93d2908ad20d0 HTTP/1.1" 200 10601
"GET /comments/notifications/json/ HTTP/1.1" 200 40
"GET /__debug__/history_sidebar/?request_id=5248300e30d54c6abe40a36b9f30ecf2 HTTP/1.1" 200 10601
"GET /comments/notifications/json/ HTTP/1.1" 200 40
"GET /__debug__/history_sidebar/?request_id=9b10a943533f42f6a191b273020b9dcd HTTP/1.1" 200 10601
E:\myblog\comments\views.py changed, reloading.
Watching for file changes with StatReloader
"GET /comments/notifications/json/ HTTP/1.1" 200 40
"GET /__debug__/history_sidebar/?request_id=3f9016d46588492f9a3327e39a736a5c HTTP/1.1" 200 10602
"GET /comments/notifications/json/ HTTP/1.1" 200 40
"GET /__debug__/history_sidebar/?request_id=831919acf2e948758a1fb6e3842a6684 HTTP/1.1" 200 10601
"GET /comments/notifications/json/ HTTP/1.1" 200 40
"GET /__debug__/history_sidebar/?request_id=32562dcc1eea4054bafddd56dad1371a HTTP/1.1" 200 10601
"GET /comments/notifications/json/ HTTP/1.1" 200 40
"GET /__debug__/history_sidebar/?request_id=0e72e50afed74333929169bdafbff054 HTTP/1.1" 200 10601
"GET /comments/notifications/json/ HTTP/1.1" 200 40
"GET /__debug__/history_sidebar/?request_id=e1d057e3e661439cbdbaade0fb62c44a HTTP/1.1" 200 10601
"GET /comments/notifications/json/ HTTP/1.1" 200 40
"GET /__debug__/history_sidebar/?request_id=413d61eb850540d9b8b6e40c167f8ad2 HTTP/1.1" 200 10601
"GET /comments/notifications/json/ HTTP/1.1" 200 40
"GET /__debug__/history_sidebar/?request_id=174b15500ef84817a2d5cde7e7d54b29 HTTP/1.1" 200 10601
"GET /comments/notifications/json/ HTTP/1.1" 200 40
"GET /__debug__/history_sidebar/?request_id=2fce44f1e7d7446ea4eeed789fcf6358 HTTP/1.1" 200 10600
"GET /comments/notifications/json/ HTTP/1.1" 200 40
"GET /__debug__/history_sidebar/?request_id=6831f238bd7b4865907685765d00bfe5 HTTP/1.1" 200 10601
"GET /comments/notifications/json/ HTTP/1.1" 200 40
"GET /__debug__/history_sidebar/?request_id=6ecef8d166f04fea9d2f010c915dba09 HTTP/1.1" 200 10601
"GET /comments/notifications/json/ HTTP/1.1" 200 40
"GET /__debug__/history_sidebar/?request_id=d5b9b8cb96e74fc68280089a0cb55106 HTTP/1.1" 200 10601
"GET /comments/notifications/json/ HTTP/1.1" 200 40
"GET /__debug__/history_sidebar/?request_id=0eb9c926bdde4f8286188e77435bf2b4 HTTP/1.1" 200 10601
E:\myblog\comments\views.py changed, reloading.
Watching for file changes with StatReloader
Internal Server Error: /
Traceback (most recent call last):
  File "E:\myblog\.venv\Lib\site-packages\django\core\handlers\exception.py", line 55, in inner
    response = get_response(request)
               ^^^^^^^^^^^^^^^^^^^^^
  File "E:\myblog\.venv\Lib\site-packages\django\core\handlers\base.py", line 197, in _get_response
    response = wrapped_callback(request, *callback_args, **callback_kwargs)
               ^^^^^^^^^^^^^^^^^^^^^^^^^^^^^^^^^^^^^^^^^^^^^^^^^^^^^^^^^^^^
  File "E:\myblog\articles\views.py", line 70, in article_list
    return render(request, 'articles/article_list.html', context)
           ^^^^^^^^^^^^^^^^^^^^^^^^^^^^^^^^^^^^^^^^^^^^^^^^^^^^^^
  File "E:\myblog\.venv\Lib\site-packages\django\shortcuts.py", line 25, in render
    content = loader.render_to_string(template_name, context, request, using=using)
              ^^^^^^^^^^^^^^^^^^^^^^^^^^^^^^^^^^^^^^^^^^^^^^^^^^^^^^^^^^^^^^^^^^^^^
  File "E:\myblog\.venv\Lib\site-packages\django\template\loader.py", line 62, in render_to_string
    return template.render(context, request)
           ^^^^^^^^^^^^^^^^^^^^^^^^^^^^^^^^^
  File "E:\myblog\.venv\Lib\site-packages\django\template\backends\django.py", line 107, in render
    return self.template.render(context)
           ^^^^^^^^^^^^^^^^^^^^^^^^^^^^^
  File "E:\myblog\.venv\Lib\site-packages\django\template\base.py", line 172, in render
    return self._render(context)
           ^^^^^^^^^^^^^^^^^^^^^
  File "E:\myblog\.venv\Lib\site-packages\django\test\utils.py", line 114, in instrumented_test_render
    return self.nodelist.render(context)
           ^^^^^^^^^^^^^^^^^^^^^^^^^^^^^
  File "E:\myblog\.venv\Lib\site-packages\django\template\base.py", line 1018, in render
    return SafeString("".join([node.render_annotated(context) for node in self]))
                              ^^^^^^^^^^^^^^^^^^^^^^^^^^^^^^^^^^^^^^^^^^^^^^^^^
  File "E:\myblog\.venv\Lib\site-packages\django\template\base.py", line 1018, in <listcomp>
    return SafeString("".join([node.render_annotated(context) for node in self]))
                               ^^^^^^^^^^^^^^^^^^^^^^^^^^^^^^
  File "E:\myblog\.venv\Lib\site-packages\django\template\base.py", line 979, in render_annotated
    return self.render(context)
           ^^^^^^^^^^^^^^^^^^^^
  File "E:\myblog\.venv\Lib\site-packages\django\template\loader_tags.py", line 134, in render
    compiled_parent = self.get_parent(context)
                      ^^^^^^^^^^^^^^^^^^^^^^^^
  File "E:\myblog\.venv\Lib\site-packages\django\template\loader_tags.py", line 131, in get_parent
    return self.find_template(parent, context)
           ^^^^^^^^^^^^^^^^^^^^^^^^^^^^^^^^^^^
  File "E:\myblog\.venv\Lib\site-packages\django\template\loader_tags.py", line 109, in find_template
    template, origin = context.template.engine.find_template(
                       ^^^^^^^^^^^^^^^^^^^^^^^^^^^^^^^^^^^^^^
  File "E:\myblog\.venv\Lib\site-packages\django\template\engine.py", line 159, in find_template
    template = loader.get_template(name, skip=skip)
               ^^^^^^^^^^^^^^^^^^^^^^^^^^^^^^^^^^^^
  File "E:\myblog\.venv\Lib\site-packages\django\template\loaders\cached.py", line 57, in get_template
    template = super().get_template(template_name, skip)
               ^^^^^^^^^^^^^^^^^^^^^^^^^^^^^^^^^^^^^^^^^
  File "E:\myblog\.venv\Lib\site-packages\django\template\loaders\base.py", line 28, in get_template
    return Template(
           ^^^^^^^^^
  File "E:\myblog\.venv\Lib\site-packages\django\template\base.py", line 155, in __init__
    self.nodelist = self.compile_nodelist()
                    ^^^^^^^^^^^^^^^^^^^^^^^
  File "E:\myblog\.venv\Lib\site-packages\django\template\base.py", line 197, in compile_nodelist
    nodelist = parser.parse()
               ^^^^^^^^^^^^^^
  File "E:\myblog\.venv\Lib\site-packages\django\template\base.py", line 519, in parse
    raise self.error(token, e)
  File "E:\myblog\.venv\Lib\site-packages\django\template\base.py", line 517, in parse
    compiled_result = compile_func(self, token)
                      ^^^^^^^^^^^^^^^^^^^^^^^^^
  File "E:\myblog\.venv\Lib\site-packages\django\template\loader_tags.py", line 228, in do_block
    raise TemplateSyntaxError(
django.template.exceptions.TemplateSyntaxError: 'block' tag with name 'extra_js' appears more than once
"GET / HTTP/1.1" 500 211024
"GET / HTTP/1.1" 200 31230
"GET /static/css/light.css HTTP/1.1" 404 1966
"GET /comments/notifications/json/ HTTP/1.1" 200 40
"POST /users/api/set_theme/ HTTP/1.1" 200 34
"GET /static/css/card.css HTTP/1.1" 404 1963
"GET /__debug__/history_sidebar/?request_id=4f80e5f5dd914141a87ea2207992c053 HTTP/1.1" 200 10585
"POST /users/api/set_theme/ HTTP/1.1" 200 34
"GET /__debug__/history_sidebar/?request_id=f841cc9dd8a44bb5bb8d0d0e8817a78e HTTP/1.1" 200 10584
"POST /users/api/set_theme/ HTTP/1.1" 200 35
"GET /static/css/light.css HTTP/1.1" 404 1966
"GET /__debug__/history_sidebar/?request_id=d9d3315ba8f0486280862f38b307cfd1 HTTP/1.1" 200 10585
"GET / HTTP/1.1" 200 31230
"GET /static/css/light.css HTTP/1.1" 404 1966
"GET /comments/notifications/json/ HTTP/1.1" 200 40
"GET / HTTP/1.1" 200 31230
"GET /static/css/light.css HTTP/1.1" 404 1966
"GET /comments/notifications/json/ HTTP/1.1" 200 40
"GET / HTTP/1.1" 200 31230
"GET /static/css/light.css HTTP/1.1" 404 1966
"GET /comments/notifications/json/ HTTP/1.1" 200 40
"GET /users/profile/ HTTP/1.1" 200 28942
"GET /static/css/light.css HTTP/1.1" 404 1966
"GET /comments/notifications/json/ HTTP/1.1" 200 40
"POST /users/api/set_theme/ HTTP/1.1" 200 35
"GET /__debug__/history_sidebar/?request_id=6a689f0f89264b1793f7255697aa1a01 HTTP/1.1" 200 10584
"POST /users/api/set_theme/ HTTP/1.1" 200 34
"GET /static/css/card.css HTTP/1.1" 404 1963
"GET /__debug__/history_sidebar/?request_id=b28732d89a21483586f2797650b4791a HTTP/1.1" 200 10585
"POST /users/api/set_theme/ HTTP/1.1" 200 34
"GET /static/css/dark.css HTTP/1.1" 404 1963
"GET /__debug__/history_sidebar/?request_id=c9be6310f7bc4907a45858bd885d3cb9 HTTP/1.1" 200 10585
"GET /users/profile/ HTTP/1.1" 200 28941
"GET /static/css/dark.css HTTP/1.1" 404 1963
"GET /comments/notifications/json/ HTTP/1.1" 200 40
"GET /comments/notifications/json/ HTTP/1.1" 200 40
"GET /__debug__/history_sidebar/?request_id=40ff0b61667f4a4aa1b9b886ffa4373f HTTP/1.1" 200 10601
"GET /comments/notifications/json/ HTTP/1.1" 200 40
"GET /__debug__/history_sidebar/?request_id=c87ccca60a644f12ae5877f608dcc80f HTTP/1.1" 200 10601
"GET /comments/notifications/json/ HTTP/1.1" 200 40
"GET /__debug__/history_sidebar/?request_id=ff035f536f6e4736b37522080dcb3676 HTTP/1.1" 200 10600
"GET /comments/notifications/json/ HTTP/1.1" 200 40
"GET /__debug__/history_sidebar/?request_id=2ab671634d2b48929d0b63f12ec51061 HTTP/1.1" 200 10600
"GET /comments/notifications/json/ HTTP/1.1" 200 40
"GET /__debug__/history_sidebar/?request_id=4ced11664f684484aadb05990d9467ba HTTP/1.1" 200 10600
"GET /comments/notifications/json/ HTTP/1.1" 200 40
"GET /__debug__/history_sidebar/?request_id=c9029640c43b49ba8e0f5e93bcdd6093 HTTP/1.1" 200 10601
E:\myblog\comments\urls.py changed, reloading.
Watching for file changes with StatReloader
"GET / HTTP/1.1" 200 28277
"GET /static/css/light.css HTTP/1.1" 404 1966
"GET / HTTP/1.1" 200 28276
"GET /static/css/light.css HTTP/1.1" 404 1966
Not Found: /favicon.ico
"GET /favicon.ico HTTP/1.1" 404 19697
"GET / HTTP/1.1" 200 28276
"GET /static/css/light.css HTTP/1.1" 404 1966
"GET /comments/notifications/ HTTP/1.1" 302 0
"GET /accounts/login/?next=/comments/notifications/ HTTP/1.1" 200 25341
"GET /static/css/light.css HTTP/1.1" 404 1966
"POST /accounts/login/ HTTP/1.1" 302 0
"GET /users/profile/ HTTP/1.1" 200 37605
"GET /static/css/notification.css HTTP/1.1" 304 0
"GET /static/css/card.css HTTP/1.1" 404 1963
"GET /static/js/notifications.js HTTP/1.1" 200 8765
"GET /media/avatars/IMG_20251221_183453.jpg HTTP/1.1" 304 0
"GET /comments/notifications/json/ HTTP/1.1" 200 5587
Not Found: /favicon.ico
"GET /favicon.ico HTTP/1.1" 404 19697
"GET / HTTP/1.1" 200 39142
"GET /static/css/card.css HTTP/1.1" 404 1963
"GET /comments/notifications/json/ HTTP/1.1" 200 5587
"GET /comments/notifications/json/ HTTP/1.1" 200 5587
"GET /__debug__/history_sidebar/?request_id=97c29f02e28c4545a6631df803f98c01 HTTP/1.1" 200 10603
"GET /admin/login/?next=/admin/socialaccount/socialapp/2/change/%3F_changelist_filters%3Do%253D1 HTTP/1.1" 302 0
"GET /admin/ HTTP/1.1" 200 31903
"GET /static/admin/css/base.css HTTP/1.1" 304 0
"GET /static/admin/css/responsive.css HTTP/1.1" 304 0
"GET /static/admin/css/dashboard.css HTTP/1.1" 304 0
"GET /static/admin/css/dark_mode.css HTTP/1.1" 304 0
"GET /static/admin/js/theme.js HTTP/1.1" 304 0
"GET /static/admin/css/nav_sidebar.css HTTP/1.1" 304 0
"GET /static/admin/js/nav_sidebar.js HTTP/1.1" 304 0
"GET /static/admin/img/icon-changelink.svg HTTP/1.1" 304 0
"GET /static/admin/img/icon-deletelink.svg HTTP/1.1" 304 0
"GET /static/admin/img/icon-addlink.svg HTTP/1.1" 304 0
"GET /admin/ HTTP/1.1" 200 31904
"GET /admin/articles/tag/ HTTP/1.1" 200 36978
"GET /static/admin/js/jquery.init.js HTTP/1.1" 304 0
"GET /static/admin/js/admin/RelatedObjectLookups.js HTTP/1.1" 304 0
"GET /static/admin/css/changelists.css HTTP/1.1" 304 0
"GET /static/admin/js/vendor/jquery/jquery.js HTTP/1.1" 304 0
"GET /static/admin/js/core.js HTTP/1.1" 304 0
"GET /static/admin/js/actions.js HTTP/1.1" 304 0
"GET /static/admin/js/urlify.js HTTP/1.1" 304 0
"GET /static/admin/js/prepopulate.js HTTP/1.1" 304 0
"GET /static/admin/js/vendor/xregexp/xregexp.js HTTP/1.1" 304 0
"GET /static/admin/js/filters.js HTTP/1.1" 304 0
"GET /admin/jsi18n/ HTTP/1.1" 200 9327
"GET /static/admin/img/tooltag-add.svg HTTP/1.1" 304 0
"GET /static/admin/img/sorting-icons.svg HTTP/1.1" 304 0
"GET /comments/notifications/json/ HTTP/1.1" 200 5587
"GET /__debug__/history_sidebar/?request_id=e44865b3d8e54b53842427ca8ab7cb55 HTTP/1.1" 200 10603
"GET /admin/articles/tag/add/ HTTP/1.1" 200 32303
"GET /static/admin/js/prepopulate_init.js HTTP/1.1" 304 0
"GET /static/admin/css/forms.css HTTP/1.1" 304 0
"GET /static/admin/css/widgets.css HTTP/1.1" 304 0
"GET /static/admin/js/change_form.js HTTP/1.1" 304 0
"GET /admin/jsi18n/ HTTP/1.1" 200 9327
"POST /admin/articles/tag/add/ HTTP/1.1" 302 0
"GET /admin/articles/tag/ HTTP/1.1" 200 37470
"GET /admin/jsi18n/ HTTP/1.1" 200 9327
"GET /static/admin/img/icon-yes.svg HTTP/1.1" 304 0
"GET /admin/articles/tag/add/ HTTP/1.1" 200 32303
"GET /admin/jsi18n/ HTTP/1.1" 200 9327
"GET /comments/notifications/json/ HTTP/1.1" 200 5587
"GET /__debug__/history_sidebar/?request_id=5f8feb04755a4b359bf549b636f85185 HTTP/1.1" 200 10603
"POST /admin/articles/tag/add/ HTTP/1.1" 302 0
"GET /admin/articles/tag/ HTTP/1.1" 200 37746
"GET /admin/jsi18n/ HTTP/1.1" 200 9327
"GET /admin/articles/tag/add/ HTTP/1.1" 200 32303
"GET /admin/jsi18n/ HTTP/1.1" 200 9327
"GET /comments/notifications/json/ HTTP/1.1" 200 5587
"GET /__debug__/history_sidebar/?request_id=f590d9b39c5b4993995dd43b68c23ed4 HTTP/1.1" 200 10603
"POST /admin/articles/tag/add/ HTTP/1.1" 302 0
"GET /admin/articles/tag/ HTTP/1.1" 200 38042
"GET /admin/jsi18n/ HTTP/1.1" 200 9327
"GET /comments/notifications/json/ HTTP/1.1" 200 5587
"GET /__debug__/history_sidebar/?request_id=a5a452a6a3e1406fbbc489b1dc3bdb68 HTTP/1.1" 200 10603
"GET / HTTP/1.1" 200 39482
"GET /static/css/card.css HTTP/1.1" 404 1963
"GET /comments/notifications/json/ HTTP/1.1" 200 5587
"GET /comments/notifications/json/ HTTP/1.1" 200 5587
"GET /__debug__/history_sidebar/?request_id=54d38a3266bb4cf0b3984d6fc3e49376 HTTP/1.1" 200 10603
"GET /01/ HTTP/1.1" 200 106704
"GET /static/css/card.css HTTP/1.1" 404 1963
"GET /static/js/comments.js HTTP/1.1" 200 15565
"GET /comments/notifications/json/ HTTP/1.1" 200 5587
"POST /comments/add/2/ HTTP/1.1" 200 329
"POST /comments/add/2/ HTTP/1.1" 200 329
"GET /__debug__/history_sidebar/?request_id=c7187c5635c84a6a93b30d4b2057c552 HTTP/1.1" 200 10583
"POST /comments/add/2/ HTTP/1.1" 200 328
"GET /__debug__/history_sidebar/?request_id=730c1df6c22349b8a39a0f8d2b9701a8 HTTP/1.1" 200 10583
"GET /comments/notifications/json/ HTTP/1.1" 200 5872
"GET /__debug__/history_sidebar/?request_id=d1fabc73574d4bf29ff68a41a85e3406 HTTP/1.1" 200 10603
"GET /comments/notifications/json/ HTTP/1.1" 200 5872
"GET /__debug__/history_sidebar/?request_id=8aea5a7dc7094845bd7837819c700e4f HTTP/1.1" 200 10603
"POST /users/api/set_theme/ HTTP/1.1" 200 34
"GET /__debug__/history_sidebar/?request_id=686a9e9274e948bab0557372c2398a63 HTTP/1.1" 200 10584
"GET /comments/notifications/json/ HTTP/1.1" 200 5872
"GET /__debug__/history_sidebar/?request_id=eed0bb7daf83444487bbb5df2b4c999d HTTP/1.1" 200 10603
"GET /comments/notifications/json/ HTTP/1.1" 200 5872
"GET /__debug__/history_sidebar/?request_id=ba79245db57c49f78b64e6a0e7c361c8 HTTP/1.1" 200 10603
"GET /comments/notifications/json/ HTTP/1.1" 200 5872
"GET /__debug__/history_sidebar/?request_id=f9ff5bfd4b454fbba8480f02056f0cb5 HTTP/1.1" 200 10603
"GET /comments/notifications/json/ HTTP/1.1" 200 5872
"GET /__debug__/history_sidebar/?request_id=4e0ccbe874f4419eb96fc547a2ab8036 HTTP/1.1" 200 10603
"GET /comments/notifications/json/ HTTP/1.1" 200 5872
"GET /__debug__/history_sidebar/?request_id=0a2bb732507845eda7f8070f12930681 HTTP/1.1" 200 10603
"GET /comments/notifications/json/ HTTP/1.1" 200 5872
"GET /__debug__/history_sidebar/?request_id=9b94db0500004d87b765d1461cb2d1aa HTTP/1.1" 200 10603
"GET /comments/notifications/json/ HTTP/1.1" 200 5872
"GET /__debug__/history_sidebar/?request_id=a9c9170dce924fc0b4ff925704aeb85c HTTP/1.1" 200 10603
"GET /comments/notifications/json/ HTTP/1.1" 200 5872
"GET /__debug__/history_sidebar/?request_id=c4527e6f4eed4e6386b5100adb000c18 HTTP/1.1" 200 10603
"GET / HTTP/1.1" 200 41136
"GET /static/css/card.css HTTP/1.1" 404 1963
"GET /comments/notifications/json/ HTTP/1.1" 200 5872
"POST /users/api/set_theme/ HTTP/1.1" 200 34
"GET /__debug__/history_sidebar/?request_id=5691b76acc854459972ba714009ed2bf HTTP/1.1" 200 10584
"POST /users/api/set_theme/ HTTP/1.1" 200 34
"GET /static/css/dark.css HTTP/1.1" 404 1963
"POST /users/api/set_theme/ HTTP/1.1" 200 34
"GET /__debug__/history_sidebar/?request_id=b1e4e7eced414a6e9e390e5f3da5b367 HTTP/1.1" 200 10584
"GET /01/ HTTP/1.1" 200 112355
"GET /static/css/dark.css HTTP/1.1" 404 1963
"GET /comments/notifications/json/ HTTP/1.1" 200 5872
Not Found: /favicon.ico
"GET /favicon.ico HTTP/1.1" 404 19697
"POST /comments/add/2/ HTTP/1.1" 200 346
"GET /__debug__/history_sidebar/?request_id=0cfe12889ddc453685bd1c6605c959f3 HTTP/1.1" 200 10583
"GET /comments/notifications/json/ HTTP/1.1" 200 5870
"GET /__debug__/history_sidebar/?request_id=cd785a76189348b2a223541497be53b6 HTTP/1.1" 200 10603
"GET /comments/notifications/ HTTP/1.1" 200 51766
"GET /static/css/dark.css HTTP/1.1" 404 1963
"GET /comments/notifications/json/ HTTP/1.1" 200 5870
"GET /comments/notifications/json/ HTTP/1.1" 200 5870
"GET /__debug__/history_sidebar/?request_id=3179594f1b6549e8a3f1858f3d90d0a4 HTTP/1.1" 200 10603
"GET /comments/notifications/json/ HTTP/1.1" 200 5870
"GET /__debug__/history_sidebar/?request_id=66ef44202212450898cf69e2cf250d4c HTTP/1.1" 200 10603
"GET /comments/notifications/json/ HTTP/1.1" 200 5870
"GET /__debug__/history_sidebar/?request_id=615d50842b2a484eb712865e7ae211c1 HTTP/1.1" 200 10603
"GET /comments/notifications/json/ HTTP/1.1" 200 5870
"GET /__debug__/history_sidebar/?request_id=4e2143d301744c75a0986e8d218b5a4d HTTP/1.1" 200 10603
"GET /comments/notifications/json/ HTTP/1.1" 200 5870
"GET /__debug__/history_sidebar/?request_id=cd7da3c153f04317b9bb307bbb4faeec HTTP/1.1" 200 10603
"GET /comments/notifications/json/ HTTP/1.1" 200 5870
"GET /__debug__/history_sidebar/?request_id=84db8428eb5a4fe78fd797e88d4aed60 HTTP/1.1" 200 10603
"GET /comments/notifications/json/ HTTP/1.1" 200 5870
"GET /__debug__/history_sidebar/?request_id=b953bf843fcf45a99152660f5fcff66f HTTP/1.1" 200 10603
"GET /comments/notifications/json/ HTTP/1.1" 200 5870
"GET /__debug__/history_sidebar/?request_id=86e64b2cd06244c2b3dff4e6a10f0b8e HTTP/1.1" 200 10603
"GET /comments/notifications/json/ HTTP/1.1" 200 5870
"GET /__debug__/history_sidebar/?request_id=e49717d6f31b47ff9a05e064a5d2582b HTTP/1.1" 200 10603
"GET /comments/notifications/json/ HTTP/1.1" 200 5870
"GET /__debug__/history_sidebar/?request_id=3c6ec71f59e144ce82f3118331e918da HTTP/1.1" 200 10603
"GET /comments/notifications/json/ HTTP/1.1" 200 5870
"GET /comments/notifications/json/ HTTP/1.1" 200 5870
"GET /__debug__/history_sidebar/?request_id=1eae1c8aa07c493ab834608b2751f619 HTTP/1.1" 200 10603
"GET /__debug__/history_sidebar/?request_id=77290b04f9094c9096786ccc7351c504 HTTP/1.1" 200 10603
"GET /comments/notifications/json/ HTTP/1.1" 200 5870
"GET /__debug__/history_sidebar/?request_id=331df6e3bf3b4cf8be9ff569dfc857da HTTP/1.1" 200 10603
"GET /comments/notifications/json/ HTTP/1.1" 200 5870
"GET /__debug__/history_sidebar/?request_id=56c647dba41043c1846470d4f3964445 HTTP/1.1" 200 10603
"GET /comments/notifications/json/ HTTP/1.1" 200 5870
"GET /__debug__/history_sidebar/?request_id=e3d5d92a963e4a758324f48caab0c2ee HTTP/1.1" 200 10603
"GET /comments/notifications/json/ HTTP/1.1" 200 5870
"GET /__debug__/history_sidebar/?request_id=9f7ea44f656344309e6833f62208d05c HTTP/1.1" 200 10603
"GET /comments/notifications/json/ HTTP/1.1" 200 5870
"GET /__debug__/history_sidebar/?request_id=7e58da0d81184a4db0a81f31d037fa76 HTTP/1.1" 200 10603
"GET /comments/notifications/json/ HTTP/1.1" 200 5870
"GET /__debug__/history_sidebar/?request_id=c621ecf63c9a452a9cab08b791c8f513 HTTP/1.1" 200 10603
"GET /comments/notifications/json/ HTTP/1.1" 200 5870
"GET /__debug__/history_sidebar/?request_id=f788aaf1f52c4d63a7d2036baa9ecb0a HTTP/1.1" 200 10603
"GET /comments/notifications/json/ HTTP/1.1" 200 5870
"GET /__debug__/history_sidebar/?request_id=b0bd7e81acbd4ad2a88f332d20735939 HTTP/1.1" 200 10603
"GET /comments/notifications/json/ HTTP/1.1" 200 5870
"GET /__debug__/history_sidebar/?request_id=0a50810bf3e14d4ea70e798985a52c61 HTTP/1.1" 200 10603
"GET /comments/notifications/json/ HTTP/1.1" 200 5870
"GET /comments/notifications/json/ HTTP/1.1" 200 5870
"GET /__debug__/history_sidebar/?request_id=85d25d319c1e4b50a9c15122b2c5ef2d HTTP/1.1" 200 10603
"GET /__debug__/history_sidebar/?request_id=f8746f4deea3419d94efd7849d122d8f HTTP/1.1" 200 10603
"GET /comments/notifications/json/ HTTP/1.1" 200 5870
"GET /__debug__/history_sidebar/?request_id=79d6ab58d8ea466bb63c5ff5697be4e2 HTTP/1.1" 200 10603
"GET /comments/notifications/json/ HTTP/1.1" 200 5870
"GET /__debug__/history_sidebar/?request_id=3ce4a31cb9344e95bd39fb1cadff5792 HTTP/1.1" 200 10603
"GET /comments/notifications/json/ HTTP/1.1" 200 5870
"GET /__debug__/history_sidebar/?request_id=359872cac28f4fd39005bc1e1554c03c HTTP/1.1" 200 10603
"GET /comments/notifications/json/ HTTP/1.1" 200 5870
"GET /__debug__/history_sidebar/?request_id=0ec73737d4bb4c509acfad49ffc1e4d9 HTTP/1.1" 200 10603
"GET /comments/notifications/json/ HTTP/1.1" 200 5870
"GET /__debug__/history_sidebar/?request_id=dda6f10b101741938e00741ca7492b7b HTTP/1.1" 200 10603
"GET /comments/notifications/json/ HTTP/1.1" 200 5870
"GET /__debug__/history_sidebar/?request_id=1a82124a0e614bae829e379e854542bb HTTP/1.1" 200 10603
"GET /comments/notifications/json/ HTTP/1.1" 200 5870
"GET /__debug__/history_sidebar/?request_id=7ddf9d330f8a425494b0981d97c0e921 HTTP/1.1" 200 10603
"GET /comments/notifications/json/ HTTP/1.1" 200 5870
"GET /__debug__/history_sidebar/?request_id=51d4b3cc9570478fa11651ce6a601b92 HTTP/1.1" 200 10603
"GET /comments/notifications/json/ HTTP/1.1" 200 5870
"GET /__debug__/history_sidebar/?request_id=a6c315976b4644f1981f4cef45a51fac HTTP/1.1" 200 10603
"GET /comments/notifications/json/ HTTP/1.1" 200 5870
"GET /comments/notifications/json/ HTTP/1.1" 200 5870
"GET /__debug__/history_sidebar/?request_id=64e7d2a721f04c48b374bd7d1ba7e91a HTTP/1.1" 200 10603
"GET /__debug__/history_sidebar/?request_id=49b83fe23aa640948319d45e982c8306 HTTP/1.1" 200 10603
"GET /comments/notifications/json/ HTTP/1.1" 200 5870
"GET /comments/notifications/json/ HTTP/1.1" 200 5870
"GET /__debug__/history_sidebar/?request_id=2ed83ca88b214ee794fc160888a7ece2 HTTP/1.1" 200 10603
"GET /__debug__/history_sidebar/?request_id=4b7d0185495b4c4c81404b1cfa024f81 HTTP/1.1" 200 10603
"GET /comments/notifications/json/ HTTP/1.1" 200 5870
"GET /comments/notifications/json/ HTTP/1.1" 200 5870
"GET /__debug__/history_sidebar/?request_id=3277e377daa74d6b93d3083338cd2186 HTTP/1.1" 200 10603
"GET /__debug__/history_sidebar/?request_id=6605194901fc43eaab8af6811aa591b7 HTTP/1.1" 200 10603
"GET /comments/notifications/json/ HTTP/1.1" 200 5870
"GET /comments/notifications/json/ HTTP/1.1" 200 5870
"GET /__debug__/history_sidebar/?request_id=39423943f7db464c918aeb2893e400f8 HTTP/1.1" 200 10603
"GET /__debug__/history_sidebar/?request_id=44a3861c31d34cfa8ce511bb2da64ff2 HTTP/1.1" 200 10603
"GET /comments/notifications/json/ HTTP/1.1" 200 5870
"GET /comments/notifications/json/ HTTP/1.1" 200 5870
"GET /__debug__/history_sidebar/?request_id=2c3760ff24eb4673aad3c6e266675d12 HTTP/1.1" 200 10603
"GET /__debug__/history_sidebar/?request_id=a9e32a4206f24f04af5d6f99bd8da13e HTTP/1.1" 200 10603
"GET /comments/notifications/json/ HTTP/1.1" 200 5870
"GET /comments/notifications/json/ HTTP/1.1" 200 5870
"GET /__debug__/history_sidebar/?request_id=c433cbb80d9c4340ba3010db74afc0fb HTTP/1.1" 200 10603
"GET /__debug__/history_sidebar/?request_id=e51a16c5402145368810f2c79dbfff49 HTTP/1.1" 200 10603
Watching for file changes with StatReloader
"GET / HTTP/1.1" 200 41131
"GET /static/css/dark.css HTTP/1.1" 404 1963
"GET /comments/notifications/json/ HTTP/1.1" 200 5870
"POST /users/api/set_theme/ HTTP/1.1" 200 34
"GET /__debug__/history_sidebar/?request_id=bcbf2f3d0276475aa27f836cae8c2599 HTTP/1.1" 200 10584
"POST /users/api/set_theme/ HTTP/1.1" 200 34
"POST /users/api/set_theme/ HTTP/1.1" 200 34
"GET /static/css/card.css HTTP/1.1" 404 1963
"GET /__debug__/history_sidebar/?request_id=b4b3a48cbfd649bda5c2b98facd55c2c HTTP/1.1" 200 10585
"POST /users/api/set_theme/ HTTP/1.1" 200 35
"POST /users/api/set_theme/ HTTP/1.1" 200 35
"GET /static/css/light.css HTTP/1.1" 404 1966
"POST /users/api/set_theme/ HTTP/1.1" 200 35
"GET /__debug__/history_sidebar/?request_id=2bbf20bfbf8a4f0789da47fe096b92f9 HTTP/1.1" 200 10585
"GET / HTTP/1.1" 200 41131
"GET /static/css/light.css HTTP/1.1" 404 1966
"GET /comments/notifications/json/ HTTP/1.1" 200 5870
"GET /01/ HTTP/1.1" 200 113478
"GET /static/css/light.css HTTP/1.1" 404 1966
"GET /comments/notifications/json/ HTTP/1.1" 200 5870
Not Found: /favicon.ico
"GET /favicon.ico HTTP/1.1" 404 19697
"POST /users/api/set_theme/ HTTP/1.1" 200 34
"GET /static/css/dark.css HTTP/1.1" 404 1963
"GET /__debug__/history_sidebar/?request_id=01863e500dc14c50a948b636b1222e7e HTTP/1.1" 200 10585
"POST /users/api/set_theme/ HTTP/1.1" 200 34
"POST /users/api/set_theme/ HTTP/1.1" 200 34
"GET /static/css/card.css HTTP/1.1" 404 1963
"GET /__debug__/history_sidebar/?request_id=277dca911b9c48d299798144a383d24f HTTP/1.1" 200 10585
"GET /comments/notifications/json/ HTTP/1.1" 200 5870
"GET /comments/notifications/json/ HTTP/1.1" 200 5870
"GET /__debug__/history_sidebar/?request_id=292c4c4fe3504475aeede398559633e6 HTTP/1.1" 200 10603
"GET /__debug__/history_sidebar/?request_id=85afd986c8d5415295767d2c86471e75 HTTP/1.1" 200 10603
"GET /comments/notifications/json/ HTTP/1.1" 200 5870
"GET /__debug__/history_sidebar/?request_id=f00fec6188094ccba1f2e435f5bee258 HTTP/1.1" 200 10603
"GET /comments/notifications/json/ HTTP/1.1" 200 5870
"GET /__debug__/history_sidebar/?request_id=951e722e85024fd080a333d88c91551b HTTP/1.1" 200 10603
"GET /comments/notifications/json/ HTTP/1.1" 200 5870
"GET /comments/notifications/json/ HTTP/1.1" 200 5870
"GET /__debug__/history_sidebar/?request_id=f118e32ec4d641f087e49537d77b3372 HTTP/1.1" 200 10603
"GET /__debug__/history_sidebar/?request_id=3e9f538354d84464ace967e7fe6f4c30 HTTP/1.1" 200 10603
"GET /comments/notifications/json/ HTTP/1.1" 200 5870
"GET /__debug__/history_sidebar/?request_id=bca6caf2d4424a1d8b2ee98eb2c189cd HTTP/1.1" 200 10603
"GET /comments/notifications/json/ HTTP/1.1" 200 5870
"GET /__debug__/history_sidebar/?request_id=cef81d40336f4c3992005b04beaf66fc HTTP/1.1" 200 10603
"GET /comments/notifications/json/ HTTP/1.1" 200 5870
"GET /comments/notifications/json/ HTTP/1.1" 200 5870
"GET /__debug__/history_sidebar/?request_id=433d83662e544e5e98003f13037f3504 HTTP/1.1" 200 10603
"GET /__debug__/history_sidebar/?request_id=de4df881ebae4bdb843aacfb758566b1 HTTP/1.1" 200 10603
"GET /comments/notifications/json/ HTTP/1.1" 200 5870
"GET /__debug__/history_sidebar/?request_id=0b024f790f0f48c28a64e21da8d081b3 HTTP/1.1" 200 10603
"GET /comments/notifications/json/ HTTP/1.1" 200 5870
"GET /__debug__/history_sidebar/?request_id=d5e0d6c8baba481a8000aa27af6e5da3 HTTP/1.1" 200 10603
"GET /comments/notifications/json/ HTTP/1.1" 200 5870
"GET /comments/notifications/json/ HTTP/1.1" 200 5870
"GET /__debug__/history_sidebar/?request_id=39eb9c5594dc46798a39ea1e648b03c2 HTTP/1.1" 200 10603
"GET /__debug__/history_sidebar/?request_id=3a7760165a464d35acc206aa4df4667b HTTP/1.1" 200 10603
E:\myblog\myblog\urls.py changed, reloading.
Watching for file changes with StatReloader
E:\myblog\core\urls.py changed, reloading.
Watching for file changes with StatReloader
E:\myblog\core\views.py changed, reloading.
Watching for file changes with StatReloader
"GET /comments/notifications/json/ HTTP/1.1" 200 5870
"GET /comments/notifications/json/ HTTP/1.1" 200 5870
"GET /__debug__/history_sidebar/?request_id=3ff69a6c8f7c44e2a8e5ecfe44465606 HTTP/1.1" 200 10604
"GET /__debug__/history_sidebar/?request_id=47aab24c51d2460a9408bc70c930f0ff HTTP/1.1" 200 10603
"GET /comments/notifications/json/ HTTP/1.1" 200 5870
"GET /__debug__/history_sidebar/?request_id=47cdf6718d5343ab8895bbdbd216f1d9 HTTP/1.1" 200 10603
"GET /comments/notifications/json/ HTTP/1.1" 200 5870
"GET /__debug__/history_sidebar/?request_id=47602c803d53426eaa95792dd7499a76 HTTP/1.1" 200 10603
"GET /comments/notifications/json/ HTTP/1.1" 200 5870
"GET /__debug__/history_sidebar/?request_id=bc853822af444b0e932bf03e1a32ae46 HTTP/1.1" 200 10603
"GET /comments/notifications/json/ HTTP/1.1" 200 5870
"GET /comments/notifications/json/ HTTP/1.1" 200 5870
"GET /__debug__/history_sidebar/?request_id=ab9bf1aea46d41878622a60dab0e413a HTTP/1.1" 200 10603
"GET /__debug__/history_sidebar/?request_id=764856e5c2d444f8ad4f031848aa2c40 HTTP/1.1" 200 10603
E:\myblog\core\views.py changed, reloading.
Watching for file changes with StatReloader
"GET /comments/notifications/json/ HTTP/1.1" 200 5870
"GET /comments/notifications/json/ HTTP/1.1" 200 5870
"GET /comments/notifications/json/ HTTP/1.1" 200 5870
"GET /__debug__/history_sidebar/?request_id=140570a9171e42e390ba937903570fab HTTP/1.1" 200 10603
"GET /__debug__/history_sidebar/?request_id=a75ffdb82edb4af6aa78098dff4c7653 HTTP/1.1" 200 10603
"GET /__debug__/history_sidebar/?request_id=81164dba3a004562a330fd6bcdfc501b HTTP/1.1" 200 10603
"GET / HTTP/1.1" 200 41130
"GET /static/css/card.css HTTP/1.1" 404 1963
"GET /comments/notifications/json/ HTTP/1.1" 200 5870
"POST /users/api/set_theme/ HTTP/1.1" 200 34
"GET /__debug__/history_sidebar/?request_id=33c96e8eab564079919e3cf2221d1c99 HTTP/1.1" 200 10584
"POST /users/api/set_theme/ HTTP/1.1" 200 35
"POST /users/api/set_theme/ HTTP/1.1" 200 35
"GET /static/css/light.css HTTP/1.1" 404 1966
"GET /__debug__/history_sidebar/?request_id=19d425fdac444bf49a234295372c1edd HTTP/1.1" 200 10586
"POST /users/api/set_theme/ HTTP/1.1" 200 34
"POST /users/api/set_theme/ HTTP/1.1" 200 34
"GET /static/css/dark.css HTTP/1.1" 404 1963
"POST /users/api/set_theme/ HTTP/1.1" 200 34
"GET /__debug__/history_sidebar/?request_id=27f604c6ae8843ada742da3316093739 HTTP/1.1" 200 10585
"GET /comments/notifications/json/ HTTP/1.1" 200 5870
"GET /__debug__/history_sidebar/?request_id=68da5880c7354bdcb71c37821d962638 HTTP/1.1" 200 10603
"GET /comments/notifications/json/ HTTP/1.1" 200 5870
"GET /users/profile/ HTTP/1.1" 200 38964
"GET /static/css/dark.css HTTP/1.1" 404 1963
"GET /comments/notifications/json/ HTTP/1.1" 200 5870
"GET /__debug__/history_sidebar/?request_id=4f2aff8620c74ad7acef234709fc50a0 HTTP/1.1" 200 10641
Not Found: /favicon.ico
"GET /favicon.ico HTTP/1.1" 404 19845
"POST /users/api/set_theme/ HTTP/1.1" 200 34
"GET /__debug__/history_sidebar/?request_id=a04325e9ebdf48d4b89acdda6ccdba27 HTTP/1.1" 200 10584
"POST /users/api/set_theme/ HTTP/1.1" 200 34
"POST /users/api/set_theme/ HTTP/1.1" 200 34
"GET /static/css/card.css HTTP/1.1" 404 1963
"GET /__debug__/history_sidebar/?request_id=30ce9846dd314d08af37e5c8f9d20ee3 HTTP/1.1" 200 10585
"GET /users/profile/ HTTP/1.1" 200 38963
"GET /static/css/card.css HTTP/1.1" 404 1963
"GET /comments/notifications/json/ HTTP/1.1" 200 5870
"GET /comments/notifications/json/ HTTP/1.1" 200 5870
"GET /__debug__/history_sidebar/?request_id=41731a9dc6ab44ef9af341156cdd0db9 HTTP/1.1" 200 10603
"GET /comments/notifications/json/ HTTP/1.1" 200 5870
"GET /comments/notifications/json/ HTTP/1.1" 200 5870
"GET /__debug__/history_sidebar/?request_id=c4802a636fde43aba2adab7bbcc2545d HTTP/1.1" 200 10603
"GET /__debug__/history_sidebar/?request_id=bf6f88383b9e48c081d582598ad9d8a8 HTTP/1.1" 200 10603
"GET /comments/notifications/json/ HTTP/1.1" 200 5870
"GET /__debug__/history_sidebar/?request_id=18dc3c13ee6d4dff8ff249ab68357227 HTTP/1.1" 200 10603
"GET /comments/notifications/json/ HTTP/1.1" 200 5870
"GET /__debug__/history_sidebar/?request_id=a5916fd05b9b46f198a53992fd94d61c HTTP/1.1" 200 10603
"GET /comments/notifications/json/ HTTP/1.1" 200 5870
"GET /comments/notifications/json/ HTTP/1.1" 200 5870
"GET /__debug__/history_sidebar/?request_id=d76db782185048218b7fbf896e52a3c0 HTTP/1.1" 200 10603
"GET /__debug__/history_sidebar/?request_id=c97085375cce4b9dbf9f230a967388a0 HTTP/1.1" 200 10603
"GET /comments/notifications/json/ HTTP/1.1" 200 5870
"GET /__debug__/history_sidebar/?request_id=19e04dea3ee74a16980241bc57afbfd9 HTTP/1.1" 200 10603
"GET /comments/notifications/json/ HTTP/1.1" 200 5870
"GET /__debug__/history_sidebar/?request_id=170d2e674f774f9e928a7687ca7a7c2b HTTP/1.1" 200 10603
"GET /comments/notifications/json/ HTTP/1.1" 200 5870
"GET /comments/notifications/json/ HTTP/1.1" 200 5870
"GET /__debug__/history_sidebar/?request_id=6d4549aca6dd454a9b9e9e9a33c0808b HTTP/1.1" 200 10603
"GET /__debug__/history_sidebar/?request_id=8fe2c073e31d4dfc9572ed05f1309388 HTTP/1.1" 200 10603
"GET /comments/notifications/json/ HTTP/1.1" 200 5870
"GET /__debug__/history_sidebar/?request_id=78fb04297f554fbf8b3bb84cd7452d9e HTTP/1.1" 200 10603
"GET /comments/notifications/json/ HTTP/1.1" 200 5870
"GET /__debug__/history_sidebar/?request_id=b426fed747944590ab058e2887fd2ce2 HTTP/1.1" 200 10603
"GET /comments/notifications/json/ HTTP/1.1" 200 5870
"GET /comments/notifications/json/ HTTP/1.1" 200 5870
"GET /__debug__/history_sidebar/?request_id=15a007ad677a41a2a85941d3134f14d8 HTTP/1.1" 200 10603
"GET /__debug__/history_sidebar/?request_id=8f11cf23ba764450a83dd83cc94989f1 HTTP/1.1" 200 10603
"GET /comments/notifications/json/ HTTP/1.1" 200 5870
"GET /__debug__/history_sidebar/?request_id=8ba0529ee8f7443d9d2135985009e650 HTTP/1.1" 200 10603
"GET /comments/notifications/json/ HTTP/1.1" 200 5870
"GET /__debug__/history_sidebar/?request_id=4a2977ff51744dd195aad8433baa94e8 HTTP/1.1" 200 10603
"GET /comments/notifications/json/ HTTP/1.1" 200 5870
"GET /comments/notifications/json/ HTTP/1.1" 200 5870
"GET /__debug__/history_sidebar/?request_id=f9b42b0c0c0248a5b5b1bf58c5531ae4 HTTP/1.1" 200 10603
"GET /__debug__/history_sidebar/?request_id=fe65021bcbcb4e959b216816c24bd9cc HTTP/1.1" 200 10603
Internal Server Error: /users/profile/
Traceback (most recent call last):
  File "E:\myblog\.venv\Lib\site-packages\django\core\handlers\exception.py", line 55, in inner
    response = get_response(request)
               ^^^^^^^^^^^^^^^^^^^^^
  File "E:\myblog\.venv\Lib\site-packages\django\core\handlers\base.py", line 197, in _get_response
    response = wrapped_callback(request, *callback_args, **callback_kwargs)
               ^^^^^^^^^^^^^^^^^^^^^^^^^^^^^^^^^^^^^^^^^^^^^^^^^^^^^^^^^^^^
  File "E:\myblog\.venv\Lib\site-packages\django\contrib\auth\decorators.py", line 59, in _view_wrapper
    return view_func(request, *args, **kwargs)
           ^^^^^^^^^^^^^^^^^^^^^^^^^^^^^^^^^^^
  File "E:\myblog\users\views.py", line 61, in profile
    return render(request, 'users/profile.html', context)
           ^^^^^^^^^^^^^^^^^^^^^^^^^^^^^^^^^^^^^^^^^^^^^^
  File "E:\myblog\.venv\Lib\site-packages\django\shortcuts.py", line 25, in render
    content = loader.render_to_string(template_name, context, request, using=using)
              ^^^^^^^^^^^^^^^^^^^^^^^^^^^^^^^^^^^^^^^^^^^^^^^^^^^^^^^^^^^^^^^^^^^^^
  File "E:\myblog\.venv\Lib\site-packages\django\template\loader.py", line 62, in render_to_string
    return template.render(context, request)
           ^^^^^^^^^^^^^^^^^^^^^^^^^^^^^^^^^
  File "E:\myblog\.venv\Lib\site-packages\django\template\backends\django.py", line 107, in render
    return self.template.render(context)
           ^^^^^^^^^^^^^^^^^^^^^^^^^^^^^
  File "E:\myblog\.venv\Lib\site-packages\django\template\base.py", line 172, in render
    return self._render(context)
           ^^^^^^^^^^^^^^^^^^^^^
  File "E:\myblog\.venv\Lib\site-packages\django\test\utils.py", line 114, in instrumented_test_render
    return self.nodelist.render(context)
           ^^^^^^^^^^^^^^^^^^^^^^^^^^^^^
  File "E:\myblog\.venv\Lib\site-packages\django\template\base.py", line 1018, in render
    return SafeString("".join([node.render_annotated(context) for node in self]))
                              ^^^^^^^^^^^^^^^^^^^^^^^^^^^^^^^^^^^^^^^^^^^^^^^^^
  File "E:\myblog\.venv\Lib\site-packages\django\template\base.py", line 1018, in <listcomp>
    return SafeString("".join([node.render_annotated(context) for node in self]))
                               ^^^^^^^^^^^^^^^^^^^^^^^^^^^^^^
  File "E:\myblog\.venv\Lib\site-packages\django\template\base.py", line 979, in render_annotated
    return self.render(context)
           ^^^^^^^^^^^^^^^^^^^^
  File "E:\myblog\.venv\Lib\site-packages\django\template\loader_tags.py", line 159, in render
    return compiled_parent._render(context)
           ^^^^^^^^^^^^^^^^^^^^^^^^^^^^^^^^
  File "E:\myblog\.venv\Lib\site-packages\django\test\utils.py", line 114, in instrumented_test_render
    return self.nodelist.render(context)
           ^^^^^^^^^^^^^^^^^^^^^^^^^^^^^
  File "E:\myblog\.venv\Lib\site-packages\django\template\base.py", line 1018, in render
    return SafeString("".join([node.render_annotated(context) for node in self]))
                              ^^^^^^^^^^^^^^^^^^^^^^^^^^^^^^^^^^^^^^^^^^^^^^^^^
  File "E:\myblog\.venv\Lib\site-packages\django\template\base.py", line 1018, in <listcomp>
    return SafeString("".join([node.render_annotated(context) for node in self]))
                               ^^^^^^^^^^^^^^^^^^^^^^^^^^^^^^
  File "E:\myblog\.venv\Lib\site-packages\django\template\base.py", line 979, in render_annotated
    return self.render(context)
           ^^^^^^^^^^^^^^^^^^^^
  File "E:\myblog\.venv\Lib\site-packages\django\template\defaulttags.py", line 327, in render
    return nodelist.render(context)
           ^^^^^^^^^^^^^^^^^^^^^^^^
  File "E:\myblog\.venv\Lib\site-packages\django\template\base.py", line 1018, in render
    return SafeString("".join([node.render_annotated(context) for node in self]))
                              ^^^^^^^^^^^^^^^^^^^^^^^^^^^^^^^^^^^^^^^^^^^^^^^^^
  File "E:\myblog\.venv\Lib\site-packages\django\template\base.py", line 1018, in <listcomp>
    return SafeString("".join([node.render_annotated(context) for node in self]))
                               ^^^^^^^^^^^^^^^^^^^^^^^^^^^^^^
  File "E:\myblog\.venv\Lib\site-packages\django\template\base.py", line 979, in render_annotated
    return self.render(context)
           ^^^^^^^^^^^^^^^^^^^^
  File "E:\myblog\.venv\Lib\site-packages\django\template\defaulttags.py", line 327, in render
    return nodelist.render(context)
           ^^^^^^^^^^^^^^^^^^^^^^^^
  File "E:\myblog\.venv\Lib\site-packages\django\template\base.py", line 1018, in render
    return SafeString("".join([node.render_annotated(context) for node in self]))
                              ^^^^^^^^^^^^^^^^^^^^^^^^^^^^^^^^^^^^^^^^^^^^^^^^^
  File "E:\myblog\.venv\Lib\site-packages\django\template\base.py", line 1018, in <listcomp>
    return SafeString("".join([node.render_annotated(context) for node in self]))
                               ^^^^^^^^^^^^^^^^^^^^^^^^^^^^^^
  File "E:\myblog\.venv\Lib\site-packages\django\template\base.py", line 979, in render_annotated
    return self.render(context)
           ^^^^^^^^^^^^^^^^^^^^
  File "E:\myblog\.venv\Lib\site-packages\django\template\defaulttags.py", line 480, in render
    url = reverse(view_name, args=args, kwargs=kwargs, current_app=current_app)
          ^^^^^^^^^^^^^^^^^^^^^^^^^^^^^^^^^^^^^^^^^^^^^^^^^^^^^^^^^^^^^^^^^^^^^
  File "E:\myblog\.venv\Lib\site-packages\django\urls\base.py", line 98, in reverse
    resolved_url = resolver._reverse_with_prefix(view, prefix, *args, **kwargs)
                   ^^^^^^^^^^^^^^^^^^^^^^^^^^^^^^^^^^^^^^^^^^^^^^^^^^^^^^^^^^^^
  File "E:\myblog\.venv\Lib\site-packages\django\urls\resolvers.py", line 831, in _reverse_with_prefix
    raise NoReverseMatch(msg)
django.urls.exceptions.NoReverseMatch: Reverse for 'admin_dashboard' not found. 'admin_dashboard' is not a valid view function or pattern name.
"GET /users/profile/ HTTP/1.1" 500 222865
"GET /comments/notifications/json/ HTTP/1.1" 200 5870
"GET /comments/notifications/json/ HTTP/1.1" 200 5870
"GET /__debug__/history_sidebar/?request_id=d0ea3bbac4574bf9aeedefbefed48bf2 HTTP/1.1" 200 10603
"GET /__debug__/history_sidebar/?request_id=dc819c3096d14c7fa3ec5419a1e0b2ff HTTP/1.1" 200 10603
E:\myblog\core\urls.py changed, reloading.
Watching for file changes with StatReloader
E:\myblog\core\urls.py changed, reloading.
Watching for file changes with StatReloader
"GET /users/profile/ HTTP/1.1" 200 39415
"GET /static/css/card.css HTTP/1.1" 404 1963
"GET /comments/notifications/json/ HTTP/1.1" 200 5870
"GET /core/admin/dashboard/ HTTP/1.1" 200 35377
"GET /static/css/card.css HTTP/1.1" 404 1963
"GET /comments/notifications/json/ HTTP/1.1" 200 5870
Not Found: /favicon.ico
"GET /favicon.ico HTTP/1.1" 404 19845
"GET /core/admin/comments/ HTTP/1.1" 200 41334
"GET /static/css/card.css HTTP/1.1" 404 1963
"GET /comments/notifications/json/ HTTP/1.1" 200 5870
"GET /comments/notifications/json/ HTTP/1.1" 200 5870
"GET /__debug__/history_sidebar/?request_id=e7d1728a4d024adb8fbb32453cd68e4b HTTP/1.1" 200 10603
"GET / HTTP/1.1" 200 41581
"GET /static/css/card.css HTTP/1.1" 404 1963
"GET /comments/notifications/json/ HTTP/1.1" 200 5870
"GET /comments/notifications/json/ HTTP/1.1" 200 5870
"GET /__debug__/history_sidebar/?request_id=1b05a248187e4011a2a4d9795d711ecb HTTP/1.1" 200 10603
"GET /comments/notifications/json/ HTTP/1.1" 200 5870
"GET /__debug__/history_sidebar/?request_id=64939a9cdd024d4f8a401d3568b53afe HTTP/1.1" 200 10603
"GET /comments/notifications/json/ HTTP/1.1" 200 5870
"GET /__debug__/history_sidebar/?request_id=83e616daacd84648851f4f6137b2bc02 HTTP/1.1" 200 10603
"GET /comments/notifications/json/ HTTP/1.1" 200 5870
"GET /__debug__/history_sidebar/?request_id=eeda7f7dca7e4859b0e6cb45af869225 HTTP/1.1" 200 10603
"GET /comments/notifications/json/ HTTP/1.1" 200 5870
"GET /__debug__/history_sidebar/?request_id=85978daf162d446596c983a3ee815bd7 HTTP/1.1" 200 10603
"GET /comments/notifications/json/ HTTP/1.1" 200 5870
"GET /__debug__/history_sidebar/?request_id=26beb6b89865476bbf284f9bf06fe1e2 HTTP/1.1" 200 10603
"GET /comments/notifications/json/ HTTP/1.1" 200 5870
"GET /__debug__/history_sidebar/?request_id=8d74f1e8e7624cf99260b74f5ee2743e HTTP/1.1" 200 10603
"GET /comments/notifications/json/ HTTP/1.1" 200 5870
"GET /__debug__/history_sidebar/?request_id=c1bcefca1c374d2ca8ea8fa817a6f38e HTTP/1.1" 200 10603
"GET /comments/notifications/json/ HTTP/1.1" 200 5870
"GET /__debug__/history_sidebar/?request_id=97bedc3ac7dd4953b59d4de95955fbfa HTTP/1.1" 200 10603
"GET /comments/notifications/json/ HTTP/1.1" 200 5870
"GET /__debug__/history_sidebar/?request_id=a1434aeccb9a4d73bea17a577f6a5a26 HTTP/1.1" 200 10603
"GET /comments/notifications/json/ HTTP/1.1" 200 5870
"GET /__debug__/history_sidebar/?request_id=e4c99b168b884a4b91b21295da11db9d HTTP/1.1" 200 10603
"GET /comments/notifications/json/ HTTP/1.1" 200 5870
"GET /__debug__/history_sidebar/?request_id=303ae89abea0451895360c3b4882ee4d HTTP/1.1" 200 10603
"GET /comments/notifications/json/ HTTP/1.1" 200 5870
"GET /comments/notifications/json/ HTTP/1.1" 200 5870
"GET /__debug__/history_sidebar/?request_id=bcc0ed8a6263408ba290d66586b06a10 HTTP/1.1" 200 10603
"GET /__debug__/history_sidebar/?request_id=f99777ef33c2425ea954182c13771a89 HTTP/1.1" 200 10603
"GET /comments/notifications/json/ HTTP/1.1" 200 5870
"GET /__debug__/history_sidebar/?request_id=705b0a81844b478a894faf325d631340 HTTP/1.1" 200 10603
"GET /comments/notifications/json/ HTTP/1.1" 200 5870
"GET /__debug__/history_sidebar/?request_id=0acc763a080d4a3c85b845fa21290e8b HTTP/1.1" 200 10604
Watching for file changes with StatReloader
"GET / HTTP/1.1" 200 30301
"GET /static/css/light.css HTTP/1.1" 404 1966
Not Found: /favicon.ico
"GET /favicon.ico HTTP/1.1" 404 19845
Watching for file changes with StatReloader
"GET / HTTP/1.1" 200 30301
"GET /static/debug_toolbar/css/toolbar.css HTTP/1.1" 304 0
"GET /static/debug_toolbar/js/toolbar.js HTTP/1.1" 304 0
"GET /static/css/light.css HTTP/1.1" 404 1966
"GET /static/debug_toolbar/css/print.css HTTP/1.1" 304 0
"GET /static/debug_toolbar/js/utils.js HTTP/1.1" 304 0
Not Found: /favicon.ico
"GET /favicon.ico HTTP/1.1" 404 19845
"GET /01/ HTTP/1.1" 200 69743
"GET /static/css/light.css HTTP/1.1" 404 1966
"GET /static/js/comments.js HTTP/1.1" 200 16057
"GET /qrcode/01/?t=1766848897934 HTTP/1.1" 200 22699
"GET / HTTP/1.1" 200 30300
"GET /static/css/light.css HTTP/1.1" 404 1966
Watching for file changes with StatReloader
"GET / HTTP/1.1" 200 30301
"GET /static/css/light.css HTTP/1.1" 404 1966
Not Found: /favicon.ico
"GET /favicon.ico HTTP/1.1" 404 19845
"GET /accounts/login/ HTTP/1.1" 200 26887
"GET /static/css/light.css HTTP/1.1" 404 1966
Internal Server Error: /accounts/login/
Traceback (most recent call last):
  File "E:\myblog\.venv\Lib\site-packages\django_redis\cache.py", line 29, in _decorator
    return method(self, *args, **kwargs)
           ^^^^^^^^^^^^^^^^^^^^^^^^^^^^^
  File "E:\myblog\.venv\Lib\site-packages\django_redis\cache.py", line 99, in _get
    return self.client.get(key, default=default, version=version, client=client)
           ^^^^^^^^^^^^^^^^^^^^^^^^^^^^^^^^^^^^^^^^^^^^^^^^^^^^^^^^^^^^^^^^^^^^^
  File "E:\myblog\.venv\Lib\site-packages\django_redis\client\default.py", line 300, in get
    raise ConnectionInterrupted(connection=client) from e
django_redis.exceptions.ConnectionInterrupted: Redis ConnectionError: Error 10061 connecting to 127.0.0.1:6379. 由于目标计算机积极拒绝，无法连接。.

During handling of the above exception, another exception occurred:

Traceback (most recent call last):
  File "E:\myblog\.venv\Lib\site-packages\django\core\handlers\exception.py", line 55, in inner
    response = get_response(request)
               ^^^^^^^^^^^^^^^^^^^^^
  File "E:\myblog\.venv\Lib\site-packages\django\core\handlers\base.py", line 197, in _get_response
    response = wrapped_callback(request, *callback_args, **callback_kwargs)
               ^^^^^^^^^^^^^^^^^^^^^^^^^^^^^^^^^^^^^^^^^^^^^^^^^^^^^^^^^^^^
  File "E:\myblog\.venv\Lib\site-packages\django\views\generic\base.py", line 105, in view
    return self.dispatch(request, *args, **kwargs)
           ^^^^^^^^^^^^^^^^^^^^^^^^^^^^^^^^^^^^^^^
  File "E:\myblog\.venv\Lib\site-packages\django\utils\decorators.py", line 48, in _wrapper
    return bound_method(*args, **kwargs)
           ^^^^^^^^^^^^^^^^^^^^^^^^^^^^^
  File "E:\myblog\.venv\Lib\site-packages\allauth\decorators.py", line 10, in wrap
    resp = ratelimit.consume_or_429(request, action=action, **rl_kwargs)
           ^^^^^^^^^^^^^^^^^^^^^^^^^^^^^^^^^^^^^^^^^^^^^^^^^^^^^^^^^^^^^
  File "E:\myblog\.venv\Lib\site-packages\allauth\core\ratelimit.py", line 70, in consume_or_429
    if not consume(request, *args, **kwargs):
           ^^^^^^^^^^^^^^^^^^^^^^^^^^^^^^^^^
  File "E:\myblog\.venv\Lib\site-packages\allauth\core\ratelimit.py", line 41, in consume
    usage = _impl.consume(
            ^^^^^^^^^^^^^^
  File "E:\myblog\.venv\Lib\site-packages\allauth\core\internal\ratelimit.py", line 169, in consume
    single_usage = _consume_single_rate(
                   ^^^^^^^^^^^^^^^^^^^^^
  File "E:\myblog\.venv\Lib\site-packages\allauth\core\internal\ratelimit.py", line 131, in _consume_single_rate
    history = cache.get(cache_key, [])
              ^^^^^^^^^^^^^^^^^^^^^^^^
  File "E:\myblog\.venv\Lib\site-packages\debug_toolbar\panels\cache.py", line 42, in wrapper
    return panel._record_call(cache, name, original_method, args, kwargs)
           ^^^^^^^^^^^^^^^^^^^^^^^^^^^^^^^^^^^^^^^^^^^^^^^^^^^^^^^^^^^^^^
  File "E:\myblog\.venv\Lib\site-packages\debug_toolbar\panels\cache.py", line 151, in _record_call
    value = original_method(*args, **kwargs)
            ^^^^^^^^^^^^^^^^^^^^^^^^^^^^^^^^
  File "E:\myblog\.venv\Lib\site-packages\django_redis\cache.py", line 92, in get
    value = self._get(key, default, version, client)
            ^^^^^^^^^^^^^^^^^^^^^^^^^^^^^^^^^^^^^^^^
  File "E:\myblog\.venv\Lib\site-packages\django_redis\cache.py", line 36, in _decorator
    raise e.__cause__  # noqa: B904
    ^^^^^^^^^^^^^^^^^
  File "E:\myblog\.venv\Lib\site-packages\django_redis\client\default.py", line 298, in get
    value = client.get(key)
            ^^^^^^^^^^^^^^^
  File "E:\myblog\.venv\Lib\site-packages\redis\commands\core.py", line 1923, in get
    return self.execute_command("GET", name, keys=[name])
           ^^^^^^^^^^^^^^^^^^^^^^^^^^^^^^^^^^^^^^^^^^^^^^
  File "E:\myblog\.venv\Lib\site-packages\redis\client.py", line 657, in execute_command
    return self._execute_command(*args, **options)
           ^^^^^^^^^^^^^^^^^^^^^^^^^^^^^^^^^^^^^^^
  File "E:\myblog\.venv\Lib\site-packages\redis\client.py", line 663, in _execute_command
    conn = self.connection or pool.get_connection()
                              ^^^^^^^^^^^^^^^^^^^^^
  File "E:\myblog\.venv\Lib\site-packages\redis\utils.py", line 196, in wrapper
    return func(*args, **kwargs)
           ^^^^^^^^^^^^^^^^^^^^^
  File "E:\myblog\.venv\Lib\site-packages\redis\connection.py", line 2603, in get_connection
    connection.connect()
  File "E:\myblog\.venv\Lib\site-packages\redis\connection.py", line 846, in connect
    self.connect_check_health(check_health=True)
  File "E:\myblog\.venv\Lib\site-packages\redis\connection.py", line 863, in connect_check_health
    raise ConnectionError(self._error_message(e))
redis.exceptions.ConnectionError: Error 10061 connecting to 127.0.0.1:6379. 由于目标计算机积极拒绝，无法连接。.
"POST /accounts/login/ HTTP/1.1" 500 190325
- Broken pipe from ('127.0.0.1', 56429)
"POST /accounts/login/ HTTP/1.1" 302 0
"GET /users/profile/ HTTP/1.1" 200 39704
"GET /static/css/notification.css HTTP/1.1" 304 0
"GET /static/images/default_avatar.jpg HTTP/1.1" 304 0
"GET /static/css/card.css HTTP/1.1" 404 1963
"GET /static/js/notifications.js HTTP/1.1" 304 0
"GET /media/avatars/IMG_20251221_183453.jpg HTTP/1.1" 304 0
"GET /comments/notifications/json/ HTTP/1.1" 200 5870
"GET / HTTP/1.1" 200 41581
"GET /static/css/card.css HTTP/1.1" 404 1963
"GET /comments/notifications/json/ HTTP/1.1" 200 5870
Not Found: /favicon.ico
"GET /favicon.ico HTTP/1.1" 404 19845
"GET /create/ HTTP/1.1" 200 40718
"GET /static/css/card.css HTTP/1.1" 404 1963
"GET /comments/notifications/json/ HTTP/1.1" 200 5870
"GET /comments/notifications/json/ HTTP/1.1" 200 5870
"GET /__debug__/history_sidebar/?request_id=617f019eccdd4293bc064bab71ec5eed HTTP/1.1" 200 10603
"GET /comments/notifications/json/ HTTP/1.1" 200 5870
"GET /__debug__/history_sidebar/?request_id=f4898dfc03454c58b861d9d3d348e624 HTTP/1.1" 200 10603
E:\myblog\articles\admin.py changed, reloading.
Watching for file changes with StatReloader
E:\myblog\articles\admin.py changed, reloading.
Watching for file changes with StatReloader
Watching for file changes with StatReloader
"GET /comments/notifications/json/ HTTP/1.1" 200 5870
"GET /__debug__/history_sidebar/?request_id=32eace34907d4e7fac5f3cb7d50e6898 HTTP/1.1" 200 10650
- Broken pipe from ('127.0.0.1', 54778)
"GET /create/ HTTP/1.1" 200 40719
"GET /static/css/card.css HTTP/1.1" 404 1963
- Broken pipe from ('127.0.0.1', 54578)
"GET /comments/notifications/json/ HTTP/1.1" 200 5870
"GET / HTTP/1.1" 200 41583
"GET /static/css/card.css HTTP/1.1" 404 1963
"GET /comments/notifications/json/ HTTP/1.1" 200 5870
Not Found: /favicon.ico
"GET /favicon.ico HTTP/1.1" 404 19845
"GET /create/ HTTP/1.1" 200 40717
"GET /static/css/card.css HTTP/1.1" 404 1963
"GET /comments/notifications/json/ HTTP/1.1" 200 5870
E:\myblog\articles\admin.py changed, reloading.
Watching for file changes with StatReloader
"GET /comments/notifications/json/ HTTP/1.1" 200 5870
"GET /__debug__/history_sidebar/?request_id=399671136b5d45d8af7658399e60a7d9 HTTP/1.1" 200 10603
E:\myblog\articles\admin.py changed, reloading.
Watching for file changes with StatReloader
"GET /comments/notifications/json/ HTTP/1.1" 200 5870
"GET /__debug__/history_sidebar/?request_id=0556ead87fc5430488683152dd1a7114 HTTP/1.1" 200 10603
"GET /comments/notifications/json/ HTTP/1.1" 200 5870
"GET /__debug__/history_sidebar/?request_id=900067d7da174b02ab72e09687db6819 HTTP/1.1" 200 10603
E:\myblog\articles\admin.py changed, reloading.
Watching for file changes with StatReloader
"GET /comments/notifications/json/ HTTP/1.1" 200 5870
"GET /__debug__/history_sidebar/?request_id=ae17cbdb368b4d0d8795e3f1938237b7 HTTP/1.1" 200 10603
"GET /comments/notifications/json/ HTTP/1.1" 200 5870
"GET /__debug__/history_sidebar/?request_id=f13937c7718247db9e9e571d5130b299 HTTP/1.1" 200 10603
"GET /comments/notifications/json/ HTTP/1.1" 200 5870
"GET /__debug__/history_sidebar/?request_id=38913273c7b645869e5bef7c3db95b1c HTTP/1.1" 200 10603
"GET / HTTP/1.1" 200 41581
"GET /static/css/card.css HTTP/1.1" 404 1963
"GET /comments/notifications/json/ HTTP/1.1" 200 5870
"GET /create/ HTTP/1.1" 200 40717
"GET /static/css/card.css HTTP/1.1" 404 1963
"GET /comments/notifications/json/ HTTP/1.1" 200 5870
Not Found: /favicon.ico
"GET /favicon.ico HTTP/1.1" 404 19845
"GET /static/css/card.css HTTP/1.1" 404 1963
Not Found: /.well-known/appspecific/com.chrome.devtools.json
"GET /.well-known/appspecific/com.chrome.devtools.json HTTP/1.1" 404 19993
"GET /comments/notifications/json/ HTTP/1.1" 200 5870
"GET /__debug__/history_sidebar/?request_id=b037f0ef53df47adb0c771732ee26dea HTTP/1.1" 200 10603
"GET /comments/notifications/json/ HTTP/1.1" 200 5870
"GET /__debug__/history_sidebar/?request_id=2356a0354756443caa490e1d5e0b9f0c HTTP/1.1" 200 10603
"GET /comments/notifications/json/ HTTP/1.1" 200 5870
"GET /__debug__/history_sidebar/?request_id=bbfe1b7c7b1d45fcb2bd3b4b6b6972ea HTTP/1.1" 200 10603
"GET /comments/notifications/json/ HTTP/1.1" 200 5870
"GET /__debug__/history_sidebar/?request_id=afe32683fee04cc5a5a84353210c9f4b HTTP/1.1" 200 10603
"GET /comments/notifications/json/ HTTP/1.1" 200 5870
"GET /__debug__/history_sidebar/?request_id=d308ca2e405b4c699930166d970ea3dc HTTP/1.1" 200 10603
"GET /comments/notifications/json/ HTTP/1.1" 200 5870
"GET /__debug__/history_sidebar/?request_id=8dc091045d18423a88806efd59d9f80f HTTP/1.1" 200 10603
"GET /comments/notifications/json/ HTTP/1.1" 200 5870
E:\myblog\articles\views.py changed, reloading.
Watching for file changes with StatReloader
E:\myblog\articles\urls.py changed, reloading.
Watching for file changes with StatReloader
E:\myblog\articles\admin.py changed, reloading.
Watching for file changes with StatReloader
"GET /__debug__/history_sidebar/?request_id=fddebf10d7054b34a340a5b85c42a50d HTTP/1.1" 200 2
"GET /comments/notifications/json/ HTTP/1.1" 200 5870
"GET /__debug__/history_sidebar/?request_id=b6265eaf7b1a4f0eb01631c0235396df HTTP/1.1" 200 10603
E:\myblog\articles\admin.py changed, reloading.
Watching for file changes with StatReloader
"GET /comments/notifications/json/ HTTP/1.1" 200 5870
"GET /__debug__/history_sidebar/?request_id=b42ffff7fedc47e5bb1a57de8547df5a HTTP/1.1" 200 10603
"GET /comments/notifications/json/ HTTP/1.1" 200 5870
"GET /__debug__/history_sidebar/?request_id=f5463c9851354418840dc4644c7835be HTTP/1.1" 200 10603
"GET /comments/notifications/json/ HTTP/1.1" 200 5870
"GET /__debug__/history_sidebar/?request_id=4fac7573ec5a415f892e5f76fb7b342d HTTP/1.1" 200 10603
"GET /comments/notifications/json/ HTTP/1.1" 200 5870
"GET /__debug__/history_sidebar/?request_id=c186e8de91d54f67a14fc5a7d6f1d276 HTTP/1.1" 200 10603
"GET /comments/notifications/json/ HTTP/1.1" 200 5870
"GET /__debug__/history_sidebar/?request_id=b843df06610b48779266ee2b952e6e85 HTTP/1.1" 200 10603
"GET /comments/notifications/json/ HTTP/1.1" 200 5870
"GET /__debug__/history_sidebar/?request_id=da2fdfb4317b4b268eb30ea69ea266e9 HTTP/1.1" 200 10603
"GET /comments/notifications/json/ HTTP/1.1" 200 5870
"GET /__debug__/history_sidebar/?request_id=ade1957e3efc4c0a80c91df8b98ddd6f HTTP/1.1" 200 10603
"GET /comments/notifications/json/ HTTP/1.1" 200 5870
"GET /__debug__/history_sidebar/?request_id=6c6ccb5868f2498eb971b4a6b660df9c HTTP/1.1" 200 10603
"GET /comments/notifications/json/ HTTP/1.1" 200 5870
"GET /__debug__/history_sidebar/?request_id=b62f97571e984e5f83099bef0f86f9d9 HTTP/1.1" 200 10603
"GET /comments/notifications/json/ HTTP/1.1" 200 5870
"GET /__debug__/history_sidebar/?request_id=719bb35615c741be9fcc8e3d28cd43a7 HTTP/1.1" 200 10603
E:\myblog\articles\admin.py changed, reloading.
Watching for file changes with StatReloader
E:\myblog\articles\views.py changed, reloading.
Watching for file changes with StatReloader
"GET /comments/notifications/json/ HTTP/1.1" 200 5870
"GET /__debug__/history_sidebar/?request_id=e4baedb8423c4f4a8dea92b8d05b3009 HTTP/1.1" 200 10604
"GET /comments/notifications/json/ HTTP/1.1" 200 5870
"GET /__debug__/history_sidebar/?request_id=f928ec24c0194d2d8d78d709ff9505c0 HTTP/1.1" 200 10603
"GET /comments/notifications/json/ HTTP/1.1" 200 5870
"GET /__debug__/history_sidebar/?request_id=7a32ec55ff3e44f3bafd87b1f0884f94 HTTP/1.1" 200 10603
"GET /comments/notifications/json/ HTTP/1.1" 200 5870
"GET /__debug__/history_sidebar/?request_id=27328bc4e8f44e71a4306f38c412aa86 HTTP/1.1" 200 10603
E:\myblog\articles\admin.py changed, reloading.
Watching for file changes with StatReloader
"GET /comments/notifications/json/ HTTP/1.1" 200 5870
"GET /__debug__/history_sidebar/?request_id=a88bf89c4711490083c0d3abbd6b06f3 HTTP/1.1" 200 10603
"GET /comments/notifications/json/ HTTP/1.1" 200 5870
"GET /__debug__/history_sidebar/?request_id=b9a9c8a949324ca486ae3b1731d4a195 HTTP/1.1" 200 10603
"GET /comments/notifications/json/ HTTP/1.1" 200 5870
"GET /__debug__/history_sidebar/?request_id=e97e5cbc43e14607939c29dbce51f790 HTTP/1.1" 200 10603
"GET /comments/notifications/json/ HTTP/1.1" 200 5870
"GET /__debug__/history_sidebar/?request_id=57765e8c5a9b43af85a773165e3c9fd2 HTTP/1.1" 200 10603
"GET /comments/notifications/json/ HTTP/1.1" 200 5870
"GET /__debug__/history_sidebar/?request_id=05547872f24841d5b69239ca07cbab62 HTTP/1.1" 200 10603
"GET /comments/notifications/json/ HTTP/1.1" 200 5870
"GET /__debug__/history_sidebar/?request_id=6ba959e26e9343ae8594116c786eb5ff HTTP/1.1" 200 10603
"GET /comments/notifications/json/ HTTP/1.1" 200 5870
"GET /__debug__/history_sidebar/?request_id=0a704b9b51aa421e83ef86158fb2dc5b HTTP/1.1" 200 10603
"GET /comments/notifications/json/ HTTP/1.1" 200 5870
"GET /__debug__/history_sidebar/?request_id=ae34c61e13974a9b858b7472eee2530c HTTP/1.1" 200 10603
"GET /comments/notifications/json/ HTTP/1.1" 200 5870
"GET /__debug__/history_sidebar/?request_id=0e8bcfaa173047b6b491a3f0b7cc1aef HTTP/1.1" 200 10603
"GET /comments/notifications/json/ HTTP/1.1" 200 5870
"GET /__debug__/history_sidebar/?request_id=a6405b132caa4f47b367374e909f118a HTTP/1.1" 200 10603
E:\myblog\articles\views.py changed, reloading.
Watching for file changes with StatReloader
"GET /comments/notifications/json/ HTTP/1.1" 200 5870
"GET /__debug__/history_sidebar/?request_id=08f3c8e3ba66426d8013a84ce9ebb5e0 HTTP/1.1" 200 10603
"GET / HTTP/1.1" 200 40472
"GET /static/css/card.css HTTP/1.1" 200 441
"GET /static/css/base.css HTTP/1.1" 200 1236
"GET /static/css/themes/theme-default.css HTTP/1.1" 304 0
"GET /static/js/admin_select2_init.js HTTP/1.1" 200 2569
"GET /comments/notifications/json/ HTTP/1.1" 200 5870
"GET /01/ HTTP/1.1" 200 112818
"GET /static/js/admin_select2_init.js HTTP/1.1" 304 0
"GET /static/js/comments.js HTTP/1.1" 200 16057
"GET /comments/notifications/json/ HTTP/1.1" 200 5870
Not Found: /favicon.ico
"GET /favicon.ico HTTP/1.1" 404 20116
"GET /create/ HTTP/1.1" 200 39607
"GET /static/js/admin_select2_init.js HTTP/1.1" 304 0
"GET /comments/notifications/json/ HTTP/1.1" 200 5870
"GET /comments/notifications/json/ HTTP/1.1" 200 5870
"GET /__debug__/history_sidebar/?request_id=52bfe910acd549e6af8a07b8217b3348 HTTP/1.1" 200 10603
"GET /comments/notifications/json/ HTTP/1.1" 200 5870
"GET /__debug__/history_sidebar/?request_id=d551da71ddc4427e8d241734cea2114b HTTP/1.1" 200 10603
"GET /comments/notifications/json/ HTTP/1.1" 200 5870
"GET /__debug__/history_sidebar/?request_id=c2f83b5abadb44679d6693d9cb919439 HTTP/1.1" 200 10603
"GET /comments/notifications/json/ HTTP/1.1" 200 5870
"GET /__debug__/history_sidebar/?request_id=c88938a93ef24c6ea27a6765fcbca7c4 HTTP/1.1" 200 10603
"GET /comments/notifications/json/ HTTP/1.1" 200 5870
"GET /__debug__/history_sidebar/?request_id=26587698e9bd4d23a6b67de1da926260 HTTP/1.1" 200 10603
E:\myblog\articles\views.py changed, reloading.
Watching for file changes with StatReloader
E:\myblog\articles\views.py changed, reloading.
Watching for file changes with StatReloader
E:\myblog\articles\views.py changed, reloading.
Watching for file changes with StatReloader
"GET /comments/notifications/json/ HTTP/1.1" 200 5870
"GET /__debug__/history_sidebar/?request_id=888d0b1ce6c04baf8486e26ec42097bf HTTP/1.1" 200 10603
E:\myblog\articles\views.py changed, reloading.
Watching for file changes with StatReloader
"GET /comments/notifications/json/ HTTP/1.1" 200 5870
"GET /__debug__/history_sidebar/?request_id=b2f15e81540940a7b13f8aee486f9e88 HTTP/1.1" 200 10603
Watching for file changes with StatReloader
"GET /comments/notifications/json/ HTTP/1.1" 200 5870
"GET /__debug__/history_sidebar/?request_id=9a87b52e2026404697601af594a8652e HTTP/1.1" 200 10603
"GET /comments/notifications/json/ HTTP/1.1" 200 5870
"GET /__debug__/history_sidebar/?request_id=16bc250fb1ae4880878b10e5b4be4f95 HTTP/1.1" 200 10603
"GET / HTTP/1.1" 200 40565
"GET /static/css/card.css HTTP/1.1" 304 0
"GET /static/css/base.css HTTP/1.1" 200 4378
"GET /static/js/admin_select2_init.js HTTP/1.1" 304 0
"GET /static/js/site_ui.js HTTP/1.1" 200 1622
"GET /comments/notifications/json/ HTTP/1.1" 200 5870
"GET /comments/notifications/json/ HTTP/1.1" 200 5870
"GET /__debug__/history_sidebar/?request_id=0206b8d0c420460fb54dc596d49d075c HTTP/1.1" 200 10603
"GET /01/ HTTP/1.1" 200 112877
"GET /static/css/base.css HTTP/1.1" 304 0
"GET /static/js/comments.js HTTP/1.1" 304 0
"GET /comments/notifications/json/ HTTP/1.1" 200 5870
Not Found: /favicon.ico
"GET /favicon.ico HTTP/1.1" 404 20674
Internal Server Error: /create/
Traceback (most recent call last):
  File "E:\myblog\.venv\Lib\site-packages\django\template\base.py", line 511, in parse
    compile_func = self.tags[command]
                   ~~~~~~~~~^^^^^^^^^
KeyError: 'static'

During handling of the above exception, another exception occurred:

Traceback (most recent call last):
  File "E:\myblog\.venv\Lib\site-packages\django\core\handlers\exception.py", line 55, in inner
    response = get_response(request)
               ^^^^^^^^^^^^^^^^^^^^^
  File "E:\myblog\.venv\Lib\site-packages\django\core\handlers\base.py", line 197, in _get_response
    response = wrapped_callback(request, *callback_args, **callback_kwargs)
               ^^^^^^^^^^^^^^^^^^^^^^^^^^^^^^^^^^^^^^^^^^^^^^^^^^^^^^^^^^^^
  File "E:\myblog\.venv\Lib\site-packages\django\contrib\auth\decorators.py", line 59, in _view_wrapper
    return view_func(request, *args, **kwargs)
           ^^^^^^^^^^^^^^^^^^^^^^^^^^^^^^^^^^^
  File "E:\myblog\articles\views.py", line 119, in create_article
    return render(request, 'articles/create_article.html', {'form': form})
           ^^^^^^^^^^^^^^^^^^^^^^^^^^^^^^^^^^^^^^^^^^^^^^^^^^^^^^^^^^^^^^^
  File "E:\myblog\.venv\Lib\site-packages\django\shortcuts.py", line 25, in render
    content = loader.render_to_string(template_name, context, request, using=using)
              ^^^^^^^^^^^^^^^^^^^^^^^^^^^^^^^^^^^^^^^^^^^^^^^^^^^^^^^^^^^^^^^^^^^^^
  File "E:\myblog\.venv\Lib\site-packages\django\template\loader.py", line 61, in render_to_string
    template = get_template(template_name, using=using)
               ^^^^^^^^^^^^^^^^^^^^^^^^^^^^^^^^^^^^^^^^
  File "E:\myblog\.venv\Lib\site-packages\django\template\loader.py", line 15, in get_template
    return engine.get_template(template_name)
           ^^^^^^^^^^^^^^^^^^^^^^^^^^^^^^^^^^
  File "E:\myblog\.venv\Lib\site-packages\django\template\backends\django.py", line 79, in get_template
    return Template(self.engine.get_template(template_name), self)
                    ^^^^^^^^^^^^^^^^^^^^^^^^^^^^^^^^^^^^^^^
  File "E:\myblog\.venv\Lib\site-packages\django\template\engine.py", line 177, in get_template
    template, origin = self.find_template(template_name)
                       ^^^^^^^^^^^^^^^^^^^^^^^^^^^^^^^^^
  File "E:\myblog\.venv\Lib\site-packages\django\template\engine.py", line 159, in find_template
    template = loader.get_template(name, skip=skip)
               ^^^^^^^^^^^^^^^^^^^^^^^^^^^^^^^^^^^^
  File "E:\myblog\.venv\Lib\site-packages\django\template\loaders\cached.py", line 57, in get_template
    template = super().get_template(template_name, skip)
               ^^^^^^^^^^^^^^^^^^^^^^^^^^^^^^^^^^^^^^^^^
  File "E:\myblog\.venv\Lib\site-packages\django\template\loaders\base.py", line 28, in get_template
    return Template(
           ^^^^^^^^^
  File "E:\myblog\.venv\Lib\site-packages\django\template\base.py", line 155, in __init__
    self.nodelist = self.compile_nodelist()
                    ^^^^^^^^^^^^^^^^^^^^^^^
  File "E:\myblog\.venv\Lib\site-packages\django\template\base.py", line 197, in compile_nodelist
    nodelist = parser.parse()
               ^^^^^^^^^^^^^^
  File "E:\myblog\.venv\Lib\site-packages\django\template\base.py", line 519, in parse
    raise self.error(token, e)
  File "E:\myblog\.venv\Lib\site-packages\django\template\base.py", line 517, in parse
    compiled_result = compile_func(self, token)
                      ^^^^^^^^^^^^^^^^^^^^^^^^^
  File "E:\myblog\.venv\Lib\site-packages\django\template\loader_tags.py", line 299, in do_extends
    nodelist = parser.parse()
               ^^^^^^^^^^^^^^
  File "E:\myblog\.venv\Lib\site-packages\django\template\base.py", line 519, in parse
    raise self.error(token, e)
  File "E:\myblog\.venv\Lib\site-packages\django\template\base.py", line 517, in parse
    compiled_result = compile_func(self, token)
                      ^^^^^^^^^^^^^^^^^^^^^^^^^
  File "E:\myblog\.venv\Lib\site-packages\django\template\loader_tags.py", line 234, in do_block
    nodelist = parser.parse(("endblock",))
               ^^^^^^^^^^^^^^^^^^^^^^^^^^^
  File "E:\myblog\.venv\Lib\site-packages\django\template\base.py", line 519, in parse
    raise self.error(token, e)
  File "E:\myblog\.venv\Lib\site-packages\django\template\base.py", line 517, in parse
    compiled_result = compile_func(self, token)
                      ^^^^^^^^^^^^^^^^^^^^^^^^^
  File "E:\myblog\.venv\Lib\site-packages\django\template\loader_tags.py", line 234, in do_block
    nodelist = parser.parse(("endblock",))
               ^^^^^^^^^^^^^^^^^^^^^^^^^^^
  File "E:\myblog\.venv\Lib\site-packages\django\template\base.py", line 513, in parse
    self.invalid_block_tag(token, command, parse_until)
  File "E:\myblog\.venv\Lib\site-packages\django\template\base.py", line 568, in invalid_block_tag
    raise self.error(
django.template.exceptions.TemplateSyntaxError: Invalid block tag on line 67: 'static', expected 'endblock'. Did you forget to register or load this tag?
"GET /create/ HTTP/1.1" 500 227611
"GET /comments/notifications/json/ HTTP/1.1" 200 5870
"GET /__debug__/history_sidebar/?request_id=573f63ee8d1e446c9bad4f96155b21a2 HTTP/1.1" 200 10603
"GET /comments/notifications/json/ HTTP/1.1" 200 5870
"GET /__debug__/history_sidebar/?request_id=b181cab1959440599e31f167c2d63e2e HTTP/1.1" 200 10603
"GET /comments/notifications/json/ HTTP/1.1" 200 5870
"GET /__debug__/history_sidebar/?request_id=5585055227d540828f1b07893cb2e53b HTTP/1.1" 200 10603
"GET /comments/notifications/json/ HTTP/1.1" 200 5870
"GET /__debug__/history_sidebar/?request_id=25d993d1b5b2407291596706e428ef71 HTTP/1.1" 200 10603
Watching for file changes with StatReloader
"GET /comments/notifications/json/ HTTP/1.1" 200 5870
"GET /__debug__/history_sidebar/?request_id=a2d595418c3448ec9a42c62d2eed1547 HTTP/1.1" 200 10603
Watching for file changes with StatReloader
"GET /comments/notifications/json/ HTTP/1.1" 200 5870
"GET /__debug__/history_sidebar/?request_id=2576e950a1534530b465d9d9b9e01ce6 HTTP/1.1" 200 10603
"GET /?id=6d616eb9-df0a-43c2-b6d8-e19a203971a1&vscodeBrowserReqId=1766918886430 HTTP/1.1" 200 29595
"GET /comments/notifications/json/ HTTP/1.1" 200 5870
"GET /__debug__/history_sidebar/?request_id=09c73a6a943b440a9bf25c7d89f99b63 HTTP/1.1" 200 10603
"GET /comments/notifications/json/ HTTP/1.1" 200 5870
"GET /__debug__/history_sidebar/?request_id=771b5e92bdd34d2f92a3db1ebbf93c80 HTTP/1.1" 200 10603
Not Found: /articles/
"GET /articles/?id=6d616eb9-df0a-43c2-b6d8-e19a203971a1&vscodeBrowserReqId=1766919003414 HTTP/1.1" 404 17662
"GET /comments/notifications/json/ HTTP/1.1" 200 5870
"GET /__debug__/history_sidebar/?request_id=cf488a86713d4f58a5291e996e978ba1 HTTP/1.1" 200 10603
"GET /comments/notifications/json/ HTTP/1.1" 200 5870
"GET /__debug__/history_sidebar/?request_id=ba166706fbcd4f2ba97439c62cbbbc76 HTTP/1.1" 200 10603
"GET /comments/notifications/json/ HTTP/1.1" 200 5870
"GET /__debug__/history_sidebar/?request_id=7f86adb238ea4879bd59c2abe884ebe7 HTTP/1.1" 200 10603
"GET /comments/notifications/json/ HTTP/1.1" 200 5870
"GET /__debug__/history_sidebar/?request_id=3d93a963b26e440f8ddd1b885fe05252 HTTP/1.1" 200 10603
"GET /comments/notifications/json/ HTTP/1.1" 200 5870
"GET /__debug__/history_sidebar/?request_id=e6ab801dfc4147cf9e0a4dc5b4b65c43 HTTP/1.1" 200 10603
"GET /create/ HTTP/1.1" 200 40085
"GET /static/css/card.css HTTP/1.1" 304 0
"GET /static/js/theme_manager.js HTTP/1.1" 200 2491
"GET /static/css/base.css HTTP/1.1" 200 5456
"GET /static/js/admin_select2_init.js HTTP/1.1" 304 0
"GET /static/js/animations.js HTTP/1.1" 200 5295
"GET /static/js/site_ui.js HTTP/1.1" 304 0
"GET /static/js/micro_interactions.js HTTP/1.1" 200 6514
"GET /static/js/article_field_search.js HTTP/1.1" 200 4567
"GET /static/js/enhanced_animations.js HTTP/1.1" 200 8590
"GET /comments/notifications/json/ HTTP/1.1" 200 5870
Not Found: /articles/api/search_categories/
"GET /articles/api/search_categories/?q= HTTP/1.1" 404 20760
"GET /__debug__/history_sidebar/?request_id=0a57ab486003429da42b8ea40795524f HTTP/1.1" 200 10606
Not Found: /articles/api/search_categories/
"GET /articles/api/search_categories/?q=s HTTP/1.1" 404 20762
"GET /__debug__/history_sidebar/?request_id=82226689ac124045ac3f944e4cf6e4d3 HTTP/1.1" 200 10607
Not Found: /articles/api/search_categories/
"GET /articles/api/search_categories/?q= HTTP/1.1" 404 20760
"GET /__debug__/history_sidebar/?request_id=44cad70b847a4cc9bb798bb46b11d927 HTTP/1.1" 200 10606
Not Found: /articles/api/search_categories/
"GET /articles/api/search_categories/?q=babg HTTP/1.1" 404 20768
"GET /__debug__/history_sidebar/?request_id=589c86487ab642d2a8a4467b93fedbf1 HTTP/1.1" 200 10610
Not Found: /articles/api/search_categories/
"GET /articles/api/search_categories/?q=bang%27g HTTP/1.1" 404 20776
"GET /__debug__/history_sidebar/?request_id=35106c2dfded4c9f93093b51a2eafe7d HTTP/1.1" 200 10614
Not Found: /articles/api/search_categories/
"GET /articles/api/search_categories/?q=ban HTTP/1.1" 404 20766
"GET /__debug__/history_sidebar/?request_id=3807eb14ec9a405aa208e9012ed1d4be HTTP/1.1" 200 10609
Not Found: /articles/api/search_categories/
"GET /articles/api/search_categories/?q=bang%27d%27r HTTP/1.1" 404 20784
"GET /__debug__/history_sidebar/?request_id=15a5a828b88d4ec6981bdcc584a80586 HTTP/1.1" 200 10618
Not Found: /articles/api/search_categories/
"GET /articles/api/search_categories/?q=bangdream HTTP/1.1" 404 20778
"GET /__debug__/history_sidebar/?request_id=16d7bea091d04b48a9a7a35832fff97c HTTP/1.1" 200 10615
Not Found: /articles/api/search_categories/
"GET /articles/api/search_categories/?q=bangd HTTP/1.1" 404 20770
"GET /__debug__/history_sidebar/?request_id=8144bf3130b0447f8c3819f20121f507 HTTP/1.1" 200 10611
Not Found: /articles/api/search_categories/
"GET /articles/api/search_categories/?q= HTTP/1.1" 404 20760
"GET /__debug__/history_sidebar/?request_id=922a40fe39a848da97edf7357e5edcbc HTTP/1.1" 200 10606
Not Found: /articles/api/search_categories/
"GET /articles/api/search_categories/?q=Ban HTTP/1.1" 404 20766
"GET /__debug__/history_sidebar/?request_id=3aeadc3b1c064ca4ae5455ab4441078f HTTP/1.1" 200 10609
Not Found: /articles/api/search_categories/
"GET /articles/api/search_categories/?q= HTTP/1.1" 404 20760
"GET /__debug__/history_sidebar/?request_id=fb97628e422a4a0d80a02cde31b36d9a HTTP/1.1" 200 10606
"GET /comments/notifications/json/ HTTP/1.1" 200 5870
"GET /__debug__/history_sidebar/?request_id=480ec07e5d2b4815a78dd82974e0f5fd HTTP/1.1" 200 10603
"GET /comments/notifications/json/ HTTP/1.1" 200 5870
"GET /__debug__/history_sidebar/?request_id=3f607cd82ecd4b57bda69e04c53991d5 HTTP/1.1" 200 10603
"GET /comments/notifications/json/ HTTP/1.1" 200 5870
"GET /__debug__/history_sidebar/?request_id=72f33a79f59d4d94a552d3765a147d17 HTTP/1.1" 200 10603
"GET /comments/notifications/json/ HTTP/1.1" 200 5870
"GET /__debug__/history_sidebar/?request_id=13c48fbcd4a348859d7f175d9053998d HTTP/1.1" 200 10603
"GET /comments/notifications/json/ HTTP/1.1" 200 5870
"GET /__debug__/history_sidebar/?request_id=4eaac00f79d043c696df6fb7cdfdd26e HTTP/1.1" 200 10603
"GET /comments/notifications/json/ HTTP/1.1" 200 5870
"GET /__debug__/history_sidebar/?request_id=c26699a29a9b45e48d580661724dd591 HTTP/1.1" 200 10603
"GET /comments/notifications/json/ HTTP/1.1" 200 5870
"GET /__debug__/history_sidebar/?request_id=5f7eb690ee0942458fbdcda836965f09 HTTP/1.1" 200 10603
"GET /comments/notifications/json/ HTTP/1.1" 200 5870
"GET /__debug__/history_sidebar/?request_id=cf1eed5463ea4560bfadf48ce8f3f2de HTTP/1.1" 200 10603
"GET /comments/notifications/json/ HTTP/1.1" 200 5870
"GET /__debug__/history_sidebar/?request_id=6051182100974e5da2114aecd47e1558 HTTP/1.1" 200 10603
"GET /comments/notifications/json/ HTTP/1.1" 200 5870
"GET /__debug__/history_sidebar/?request_id=8fc2ed7704c94398a29f57118504a102 HTTP/1.1" 200 10603
"GET /comments/notifications/json/ HTTP/1.1" 200 5870
"GET /comments/notifications/json/ HTTP/1.1" 200 5870
"GET /__debug__/history_sidebar/?request_id=e9569610356f4e60aa7e17f335bb07a6 HTTP/1.1" 200 10603
"GET /__debug__/history_sidebar/?request_id=bfa16410182c443298aee984ca6af4bd HTTP/1.1" 200 10603
"GET /comments/notifications/json/ HTTP/1.1" 200 5870
"GET /comments/notifications/json/ HTTP/1.1" 200 5870
"GET /__debug__/history_sidebar/?request_id=85854be80be447d89c2fd356f3b91b9b HTTP/1.1" 200 10603
"GET /__debug__/history_sidebar/?request_id=0e24d59d5c4b4a06ab2c1033d31333ff HTTP/1.1" 200 10603
"GET /comments/notifications/json/ HTTP/1.1" 200 5870
"GET /comments/notifications/json/ HTTP/1.1" 200 5870
"GET /__debug__/history_sidebar/?request_id=49e6c18755f24592857462d552c1cac9 HTTP/1.1" 200 10603
"GET /__debug__/history_sidebar/?request_id=391b05f94df044b483991dda34a0e526 HTTP/1.1" 200 10603
"GET /comments/notifications/json/ HTTP/1.1" 200 5870
"GET /__debug__/history_sidebar/?request_id=4f72778ad48246a1996948e4f5d637c1 HTTP/1.1" 200 10603
"GET /comments/notifications/json/ HTTP/1.1" 200 5870
"GET /__debug__/history_sidebar/?request_id=4bc9615610af459d837cce6fa7166c05 HTTP/1.1" 200 10603
"GET /comments/notifications/json/ HTTP/1.1" 200 5870
"GET /__debug__/history_sidebar/?request_id=a30f19faa2024504b971396f898c40b7 HTTP/1.1" 200 10603
"GET /comments/notifications/json/ HTTP/1.1" 200 5870
"GET /__debug__/history_sidebar/?request_id=d8f3626ed42d492aaf17b01e1f3727ba HTTP/1.1" 200 10603
"GET /comments/notifications/json/ HTTP/1.1" 200 5870
"GET /__debug__/history_sidebar/?request_id=5c7b4b1d32ae4bb1bfe6c27109177c00 HTTP/1.1" 200 10603
"GET /comments/notifications/json/ HTTP/1.1" 200 5870
"GET /__debug__/history_sidebar/?request_id=90fc8a21600042a484e246249306177c HTTP/1.1" 200 10603
"GET /comments/notifications/json/ HTTP/1.1" 200 5870
"GET /__debug__/history_sidebar/?request_id=e7c6c3390c4147dd8fa5c22f013edd4a HTTP/1.1" 200 10603
"GET /comments/notifications/json/ HTTP/1.1" 200 5870
"GET /__debug__/history_sidebar/?request_id=ff52638237a5452fadd997300da5fa61 HTTP/1.1" 200 10603
"GET /comments/notifications/json/ HTTP/1.1" 200 5870
"GET /__debug__/history_sidebar/?request_id=cd22a2d486274668b6bec70709ad4fd6 HTTP/1.1" 200 10603
"GET /comments/notifications/json/ HTTP/1.1" 200 5870
"GET /__debug__/history_sidebar/?request_id=df486283cec746589d837acd8b3cff84 HTTP/1.1" 200 10603
"GET /comments/notifications/json/ HTTP/1.1" 200 5870
"GET /__debug__/history_sidebar/?request_id=8ce859d966784b56a7e58443094d0ca7 HTTP/1.1" 200 10603
"GET /comments/notifications/json/ HTTP/1.1" 200 5870
"GET /__debug__/history_sidebar/?request_id=5fa3aa551c3d4e588ae19fc63df65a68 HTTP/1.1" 200 10603
"GET /comments/notifications/json/ HTTP/1.1" 200 5870
"GET /__debug__/history_sidebar/?request_id=7c259811163c40f2ab183ca03bd8a299 HTTP/1.1" 200 10603
"GET /comments/notifications/json/ HTTP/1.1" 200 5870
"GET /__debug__/history_sidebar/?request_id=b7d9f8a5a0b446ab9907315bf54b7c04 HTTP/1.1" 200 10603
"GET /comments/notifications/json/ HTTP/1.1" 200 5870
"GET /__debug__/history_sidebar/?request_id=d2aa3e82564a4f528a7f1964b333b9ae HTTP/1.1" 200 10603
"GET /comments/notifications/json/ HTTP/1.1" 200 5870
"GET /__debug__/history_sidebar/?request_id=f41fd584beed40e6806a9942cd7ef4d1 HTTP/1.1" 200 10603
"GET /comments/notifications/json/ HTTP/1.1" 200 5870
"GET /__debug__/history_sidebar/?request_id=3184f1f7fcea400e81e39cff85f16e23 HTTP/1.1" 200 10603
"GET /comments/notifications/json/ HTTP/1.1" 200 5870
"GET /__debug__/history_sidebar/?request_id=4e663f3e53f34f6c9292ea88a7add99e HTTP/1.1" 200 10603
"GET /comments/notifications/json/ HTTP/1.1" 200 5870
"GET /__debug__/history_sidebar/?request_id=ab7f90f3fda64150a9bf2bb13fd37b5c HTTP/1.1" 200 10603
"GET /comments/notifications/json/ HTTP/1.1" 200 5870
"GET /__debug__/history_sidebar/?request_id=bb40ef63f0554d9ca4591fcf005a510e HTTP/1.1" 200 10603
"GET /comments/notifications/json/ HTTP/1.1" 200 5870
"GET /__debug__/history_sidebar/?request_id=17db729486c047919d8bc7c676431e2f HTTP/1.1" 200 10603
"GET /comments/notifications/json/ HTTP/1.1" 200 5870
"GET /__debug__/history_sidebar/?request_id=4945366c33e34a21a7c6d2ab53032a5a HTTP/1.1" 200 10603
"GET /comments/notifications/json/ HTTP/1.1" 200 5870
"GET /__debug__/history_sidebar/?request_id=8e981ac529ee453098c6ee62f49f479a HTTP/1.1" 200 10603
"GET /comments/notifications/json/ HTTP/1.1" 200 5870
"GET /__debug__/history_sidebar/?request_id=f5df1fef6aff4cb6b162a91384b8bd84 HTTP/1.1" 200 10603
"GET /comments/notifications/json/ HTTP/1.1" 200 5870
"GET /__debug__/history_sidebar/?request_id=a55dce6fa68949369147cf61500e7823 HTTP/1.1" 200 10603
"GET /comments/notifications/json/ HTTP/1.1" 200 5870
"GET /__debug__/history_sidebar/?request_id=e2c1d20f94794a5a92c11ac59043f550 HTTP/1.1" 200 10603
"GET /comments/notifications/json/ HTTP/1.1" 200 5870
"GET /__debug__/history_sidebar/?request_id=a25f17192417473997f710fd261ea95b HTTP/1.1" 200 10603
"GET /comments/notifications/json/ HTTP/1.1" 200 5870
"GET /__debug__/history_sidebar/?request_id=497f7db152a549c683dc25f81e097be7 HTTP/1.1" 200 10603
"GET /comments/notifications/json/ HTTP/1.1" 200 5870
"GET /__debug__/history_sidebar/?request_id=4e42d5ef8a4547e887fbb7c728ae4bb4 HTTP/1.1" 200 10603
"GET /comments/notifications/json/ HTTP/1.1" 200 5870
"GET /__debug__/history_sidebar/?request_id=f1f60aa1aca44bebb52da088b0606f30 HTTP/1.1" 200 10603
"GET /comments/notifications/json/ HTTP/1.1" 200 5870
"GET /__debug__/history_sidebar/?request_id=bbb066769d814a95a28a7dc28d89048d HTTP/1.1" 200 10603
"GET /comments/notifications/json/ HTTP/1.1" 200 5870
"GET /__debug__/history_sidebar/?request_id=ea6a789cd5824e8d810d1643961eb0b2 HTTP/1.1" 200 10603
"GET /comments/notifications/json/ HTTP/1.1" 200 5870
"GET /__debug__/history_sidebar/?request_id=8c881fe21f5b450f8b7ecc97718ede1c HTTP/1.1" 200 10603
Watching for file changes with StatReloader
Watching for file changes with StatReloader
Watching for file changes with StatReloader
"GET / HTTP/1.1" 200 29758
"GET /static/js/theme_manager.js HTTP/1.1" 304 0
"GET /static/css/base.css HTTP/1.1" 304 0
"GET /static/js/admin_select2_init.js HTTP/1.1" 304 0
"GET /static/debug_toolbar/css/toolbar.css HTTP/1.1" 304 0
"GET /static/js/animations.js HTTP/1.1" 304 0
"GET /static/js/enhanced_animations.js HTTP/1.1" 304 0
"GET /static/css/light.css HTTP/1.1" 200 179
"GET /static/js/site_ui.js HTTP/1.1" 304 0
"GET /static/debug_toolbar/js/toolbar.js HTTP/1.1" 304 0
"GET /static/js/micro_interactions.js HTTP/1.1" 304 0
"GET /static/css/themes/theme-default.css HTTP/1.1" 304 0
"GET /static/debug_toolbar/css/print.css HTTP/1.1" 304 0
"GET /static/debug_toolbar/js/utils.js HTTP/1.1" 304 0
Not Found: /favicon.ico
"GET /favicon.ico HTTP/1.1" 404 20674
Watching for file changes with StatReloader
"GET /01/ HTTP/1.1" 200 69047
"GET /static/js/comments.js HTTP/1.1" 304 0
"GET /comments/notifications/ HTTP/1.1" 302 0
"GET /accounts/login/?next=/comments/notifications/ HTTP/1.1" 200 26307
Internal Server Error: /accounts/login/
Traceback (most recent call last):
  File "E:\myblog\.venv\Lib\site-packages\django_redis\cache.py", line 29, in _decorator
    return method(self, *args, **kwargs)
           ^^^^^^^^^^^^^^^^^^^^^^^^^^^^^
  File "E:\myblog\.venv\Lib\site-packages\django_redis\cache.py", line 99, in _get
    return self.client.get(key, default=default, version=version, client=client)
           ^^^^^^^^^^^^^^^^^^^^^^^^^^^^^^^^^^^^^^^^^^^^^^^^^^^^^^^^^^^^^^^^^^^^^
  File "E:\myblog\.venv\Lib\site-packages\django_redis\client\default.py", line 300, in get
    raise ConnectionInterrupted(connection=client) from e
django_redis.exceptions.ConnectionInterrupted: Redis ConnectionError: Error 10061 connecting to 127.0.0.1:6379. 由于目标计算机积极拒绝，无法连接。.

During handling of the above exception, another exception occurred:

Traceback (most recent call last):
  File "E:\myblog\.venv\Lib\site-packages\django\core\handlers\exception.py", line 55, in inner
    response = get_response(request)
               ^^^^^^^^^^^^^^^^^^^^^
  File "E:\myblog\.venv\Lib\site-packages\django\core\handlers\base.py", line 197, in _get_response
    response = wrapped_callback(request, *callback_args, **callback_kwargs)
               ^^^^^^^^^^^^^^^^^^^^^^^^^^^^^^^^^^^^^^^^^^^^^^^^^^^^^^^^^^^^
  File "E:\myblog\.venv\Lib\site-packages\django\views\generic\base.py", line 105, in view
    return self.dispatch(request, *args, **kwargs)
           ^^^^^^^^^^^^^^^^^^^^^^^^^^^^^^^^^^^^^^^
  File "E:\myblog\.venv\Lib\site-packages\django\utils\decorators.py", line 48, in _wrapper
    return bound_method(*args, **kwargs)
           ^^^^^^^^^^^^^^^^^^^^^^^^^^^^^
  File "E:\myblog\.venv\Lib\site-packages\allauth\decorators.py", line 10, in wrap
    resp = ratelimit.consume_or_429(request, action=action, **rl_kwargs)
           ^^^^^^^^^^^^^^^^^^^^^^^^^^^^^^^^^^^^^^^^^^^^^^^^^^^^^^^^^^^^^
  File "E:\myblog\.venv\Lib\site-packages\allauth\core\ratelimit.py", line 70, in consume_or_429
    if not consume(request, *args, **kwargs):
           ^^^^^^^^^^^^^^^^^^^^^^^^^^^^^^^^^
  File "E:\myblog\.venv\Lib\site-packages\allauth\core\ratelimit.py", line 41, in consume
    usage = _impl.consume(
            ^^^^^^^^^^^^^^
  File "E:\myblog\.venv\Lib\site-packages\allauth\core\internal\ratelimit.py", line 169, in consume
    single_usage = _consume_single_rate(
                   ^^^^^^^^^^^^^^^^^^^^^
  File "E:\myblog\.venv\Lib\site-packages\allauth\core\internal\ratelimit.py", line 131, in _consume_single_rate
    history = cache.get(cache_key, [])
              ^^^^^^^^^^^^^^^^^^^^^^^^
  File "E:\myblog\.venv\Lib\site-packages\debug_toolbar\panels\cache.py", line 42, in wrapper
    return panel._record_call(cache, name, original_method, args, kwargs)
           ^^^^^^^^^^^^^^^^^^^^^^^^^^^^^^^^^^^^^^^^^^^^^^^^^^^^^^^^^^^^^^
  File "E:\myblog\.venv\Lib\site-packages\debug_toolbar\panels\cache.py", line 151, in _record_call
    value = original_method(*args, **kwargs)
            ^^^^^^^^^^^^^^^^^^^^^^^^^^^^^^^^
  File "E:\myblog\.venv\Lib\site-packages\django_redis\cache.py", line 92, in get
    value = self._get(key, default, version, client)
            ^^^^^^^^^^^^^^^^^^^^^^^^^^^^^^^^^^^^^^^^
  File "E:\myblog\.venv\Lib\site-packages\django_redis\cache.py", line 36, in _decorator
    raise e.__cause__  # noqa: B904
    ^^^^^^^^^^^^^^^^^
  File "E:\myblog\.venv\Lib\site-packages\django_redis\client\default.py", line 298, in get
    value = client.get(key)
            ^^^^^^^^^^^^^^^
  File "E:\myblog\.venv\Lib\site-packages\redis\commands\core.py", line 1923, in get
    return self.execute_command("GET", name, keys=[name])
           ^^^^^^^^^^^^^^^^^^^^^^^^^^^^^^^^^^^^^^^^^^^^^^
  File "E:\myblog\.venv\Lib\site-packages\redis\client.py", line 657, in execute_command
    return self._execute_command(*args, **options)
           ^^^^^^^^^^^^^^^^^^^^^^^^^^^^^^^^^^^^^^^
  File "E:\myblog\.venv\Lib\site-packages\redis\client.py", line 663, in _execute_command
    conn = self.connection or pool.get_connection()
                              ^^^^^^^^^^^^^^^^^^^^^
  File "E:\myblog\.venv\Lib\site-packages\redis\utils.py", line 196, in wrapper
    return func(*args, **kwargs)
           ^^^^^^^^^^^^^^^^^^^^^
  File "E:\myblog\.venv\Lib\site-packages\redis\connection.py", line 2603, in get_connection
    connection.connect()
  File "E:\myblog\.venv\Lib\site-packages\redis\connection.py", line 846, in connect
    self.connect_check_health(check_health=True)
  File "E:\myblog\.venv\Lib\site-packages\redis\connection.py", line 863, in connect_check_health
    raise ConnectionError(self._error_message(e))
redis.exceptions.ConnectionError: Error 10061 connecting to 127.0.0.1:6379. 由于目标计算机积极拒绝，无法连接。.
"POST /accounts/login/ HTTP/1.1" 500 188615
"POST /accounts/login/ HTTP/1.1" 302 0
"GET /users/profile/ HTTP/1.1" 200 38986
"GET /static/css/card.css HTTP/1.1" 304 0
"GET /static/js/notifications.js HTTP/1.1" 304 0
"GET /static/css/notification.css HTTP/1.1" 304 0
"GET /media/avatars/IMG_20251221_183453.jpg HTTP/1.1" 304 0
"GET /comments/notifications/json/ HTTP/1.1" 200 5870
"GET /01/ HTTP/1.1" 200 113230
"GET /comments/notifications/json/ HTTP/1.1" 200 5870
Not Found: /favicon.ico
"GET /favicon.ico HTTP/1.1" 404 20674
"GET /comments/notifications/ HTTP/1.1" 200 51499
"GET /comments/notifications/json/ HTTP/1.1" 200 5870
"GET / HTTP/1.1" 200 41038
"GET /comments/notifications/json/ HTTP/1.1" 200 5870
"GET /comments/notifications/json/ HTTP/1.1" 200 5870
"GET /__debug__/history_sidebar/?request_id=cb34047ee26040f5a2c7ce3c1863a920 HTTP/1.1" 200 10603
"GET /comments/notifications/json/ HTTP/1.1" 200 5870
"GET /__debug__/history_sidebar/?request_id=bbd2ed14e31049319df2cfe97d6ea55b HTTP/1.1" 200 10603
"GET /comments/notifications/json/ HTTP/1.1" 200 5870
"GET /__debug__/history_sidebar/?request_id=cd87a47e9ff240fc8b6a12f1b85bd424 HTTP/1.1" 200 10603
"GET /comments/notifications/json/ HTTP/1.1" 200 5870
"GET /__debug__/history_sidebar/?request_id=416a7e9492a94f68b6dcd3f281d52ce5 HTTP/1.1" 200 10603
E:\myblog\articles\views.py changed, reloading.
E:\myblog\articles\views.py changed, reloading.
Watching for file changes with StatReloader
Watching for file changes with StatReloader
E:\myblog\articles\views.py changed, reloading.
E:\myblog\articles\views.py changed, reloading.
Watching for file changes with StatReloader
Watching for file changes with StatReloader
"GET /comments/notifications/json/ HTTP/1.1" 200 5870
"GET /__debug__/history_sidebar/?request_id=b283b84cd0b54c4f8fe47d0bf13c72fa HTTP/1.1" 200 10604
E:\myblog\articles\views.py changed, reloading.
E:\myblog\articles\views.py changed, reloading.
Watching for file changes with StatReloader
Watching for file changes with StatReloader
"GET /comments/notifications/json/ HTTP/1.1" 200 5870
"GET /__debug__/history_sidebar/?request_id=d519256d9cfc441994f2fa90c1d16ea8 HTTP/1.1" 200 10603
"GET /comments/notifications/json/ HTTP/1.1" 200 5870
"GET /__debug__/history_sidebar/?request_id=e70c794476d94a5689876624e4b1fffd HTTP/1.1" 200 10603
"GET /comments/notifications/json/ HTTP/1.1" 200 5870
"GET /__debug__/history_sidebar/?request_id=b85019274cd44516a51d0e18d596ceab HTTP/1.1" 200 10603
E:\myblog\articles\views.py changed, reloading.
E:\myblog\articles\views.py changed, reloading.
Watching for file changes with StatReloader
Watching for file changes with StatReloader
Watching for file changes with StatReloader
"GET /comments/notifications/json/ HTTP/1.1" 200 5870
"GET /__debug__/history_sidebar/?request_id=45f78bee360b4d0c8daf7a733858ddc2 HTTP/1.1" 200 10603
"GET /comments/notifications/json/ HTTP/1.1" 200 5870
"GET / HTTP/1.1" 200 41082
"GET /__debug__/history_sidebar/?request_id=bf9d85a189ba42deb3bccdc2c0a6c39d HTTP/1.1" 200 10650
"GET /comments/notifications/json/ HTTP/1.1" 200 5870
"GET /01/ HTTP/1.1" 200 115573
"GET /comments/notifications/json/ HTTP/1.1" 200 5870
Not Found: /favicon.ico
"GET /favicon.ico HTTP/1.1" 404 20674
"GET /comments/notifications/json/ HTTP/1.1" 200 5870
"GET /__debug__/history_sidebar/?request_id=d2bc9e9f925d4fd9a6fda84414e34207 HTTP/1.1" 200 10603
"POST /accounts/logout/ HTTP/1.1" 302 0
"GET / HTTP/1.1" 200 30078
"GET /accounts/login/ HTTP/1.1" 200 26169
"POST /accounts/login/ HTTP/1.1" 302 0
"GET /users/profile/ HTTP/1.1" 200 30229
"GET /static/css/dark.css HTTP/1.1" 200 168
"GET /static/css/themes/theme-dark.css HTTP/1.1" 200 439
"GET /comments/notifications/json/ HTTP/1.1" 200 40
"GET /comments/notifications/ HTTP/1.1" 200 26776
"GET /comments/notifications/json/ HTTP/1.1" 200 40
"GET / HTTP/1.1" 200 32885
"GET /comments/notifications/json/ HTTP/1.1" 200 40
"GET /01/ HTTP/1.1" 200 109504
"GET /comments/notifications/json/ HTTP/1.1" 200 40
"POST /comments/add/2/ HTTP/1.1" 200 332
"POST /comments/add/2/ HTTP/1.1" 200 332
"GET /__debug__/history_sidebar/?request_id=e67cb65ea8b34f8cb7a9cbabadb840a2 HTTP/1.1" 200 10583
"POST /accounts/logout/ HTTP/1.1" 302 0
"GET / HTTP/1.1" 200 30078
"GET /accounts/login/ HTTP/1.1" 200 26169
"POST /accounts/login/ HTTP/1.1" 302 0
"GET /users/profile/ HTTP/1.1" 200 38703
"GET /comments/notifications/json/ HTTP/1.1" 200 5862
Not Found: /favicon.ico
"GET /favicon.ico HTTP/1.1" 404 20674
"GET /01/ HTTP/1.1" 200 121462
"GET /comments/notifications/json/ HTTP/1.1" 200 5862
"GET /comments/notifications/json/ HTTP/1.1" 200 5862
"GET /__debug__/history_sidebar/?request_id=743a11d27b2c4b48b5195dcb195b056a HTTP/1.1" 200 10603
"GET /qrcode/01/?t=1767004166719 HTTP/1.1" 200 22699
"GET /comments/notifications/json/ HTTP/1.1" 200 5862
"GET /__debug__/history_sidebar/?request_id=eeebb515cb5547719202f6062622a0ca HTTP/1.1" 200 10603
"GET /comments/notifications/json/ HTTP/1.1" 200 5862
"GET /__debug__/history_sidebar/?request_id=54e8cbf18c17405fa3835d430deaec65 HTTP/1.1" 200 10603
"GET /comments/notifications/json/ HTTP/1.1" 200 5862
"GET /__debug__/history_sidebar/?request_id=210a66ff853b408985f85117d5253d71 HTTP/1.1" 200 10603
"GET /comments/notifications/json/ HTTP/1.1" 200 5862
"GET /__debug__/history_sidebar/?request_id=80675329a5894d80b877837bcf6f9c85 HTTP/1.1" 200 10603
"GET /comments/notifications/json/ HTTP/1.1" 200 5862
"GET /__debug__/history_sidebar/?request_id=2470502eef2f495b895bf2aed145118f HTTP/1.1" 200 10603
"GET /comments/notifications/json/ HTTP/1.1" 200 5862
"GET /__debug__/history_sidebar/?request_id=3a525bc537bf4372ad2eb7b2e8621c36 HTTP/1.1" 200 10603
"GET /comments/notifications/json/ HTTP/1.1" 200 5862
"GET /__debug__/history_sidebar/?request_id=e93f52e0eace42f99254a00aa82bc95b HTTP/1.1" 200 10603
"GET /comments/notifications/json/ HTTP/1.1" 200 5862
"GET /__debug__/history_sidebar/?request_id=bcb1e33dab5c490dbd0d4c1c53bb614e HTTP/1.1" 200 10603
"GET /comments/notifications/json/ HTTP/1.1" 200 5862
"GET /__debug__/history_sidebar/?request_id=9290234a93664ce5a7ef19b0ff6dcb5b HTTP/1.1" 200 10603
"GET /comments/notifications/json/ HTTP/1.1" 200 5862
"GET /__debug__/history_sidebar/?request_id=699b1bb6fe9b4527890ad8ef8dbf72ed HTTP/1.1" 200 10603
"GET /comments/notifications/json/ HTTP/1.1" 200 5862
"GET /__debug__/history_sidebar/?request_id=b7def22b0a2e48f7b5011e7f6f5dfe76 HTTP/1.1" 200 10603
"GET /comments/notifications/json/ HTTP/1.1" 200 5862
"GET /__debug__/history_sidebar/?request_id=875b9bd32ebd441fad8f9c7c10f10da6 HTTP/1.1" 200 10603
"GET /comments/notifications/json/ HTTP/1.1" 200 5862
"GET /__debug__/history_sidebar/?request_id=6f318177c12f4171b16529f5fd555d10 HTTP/1.1" 200 10603
"GET /comments/notifications/json/ HTTP/1.1" 200 5862
"GET /__debug__/history_sidebar/?request_id=74259b7c7b34448f863421572538cb5b HTTP/1.1" 200 10603
"GET /comments/notifications/json/ HTTP/1.1" 200 5862
"GET /__debug__/history_sidebar/?request_id=4247a4c452c448e1962f15ad78da939e HTTP/1.1" 200 10603
"GET /comments/notifications/json/ HTTP/1.1" 200 5862
"GET /__debug__/history_sidebar/?request_id=ab52bc55813b44a48d56041df1f8cf9a HTTP/1.1" 200 10603
"GET /comments/notifications/json/ HTTP/1.1" 200 5862
"GET /__debug__/history_sidebar/?request_id=040a3926e22e484bb59d4fdacc5480f6 HTTP/1.1" 200 10603
"GET /comments/notifications/json/ HTTP/1.1" 200 5862
"GET /__debug__/history_sidebar/?request_id=f81220a0cc4e42258178c5df548d8a27 HTTP/1.1" 200 10603
